customer_id,credit_score,country,gender,age,tenure,balance,products_number,credit_card,active_member,estimated_salary,churn,age_group,balance_salary_ratio,high_product_flag,credit_card_label,active_member_label,churn_label
15634602,619,France,Female,42,2,£0.00,1,1,1,"£101,348.88",1,31-45,0,0,Yes,Yes,Churned
15647311,608,Spain,Female,41,1,"£83,807.86",1,0,1,"£112,542.58",0,31-45,0.74,0,No,Yes,Stayed
15619304,502,France,Female,42,8,"£159,660.80",3,1,0,"£113,931.57",1,31-45,1.4,1,Yes,No,Churned
15701354,699,France,Female,39,1,£0.00,2,0,0,"£93,826.63",0,31-45,0,0,No,No,Stayed
15737888,850,Spain,Female,43,2,"£125,510.82",1,1,1,"£79,084.10",0,31-45,1.59,0,Yes,Yes,Stayed
15574012,645,Spain,Male,44,8,"£113,755.78",2,1,0,"£149,756.71",1,31-45,0.76,0,Yes,No,Churned
15592531,822,France,Male,50,7,£0.00,2,1,1,"£10,062.80",0,46-60,0,0,Yes,Yes,Stayed
15656148,376,Germany,Female,29,4,"£115,046.74",4,1,0,"£119,346.88",1,18-30,0.96,1,Yes,No,Churned
15792365,501,France,Male,44,4,"£142,051.07",2,0,1,"£74,940.50",0,31-45,1.9,0,No,Yes,Stayed
15592389,684,France,Male,27,2,"£134,603.88",1,1,1,"£71,725.73",0,18-30,1.88,0,Yes,Yes,Stayed
15767821,528,France,Male,31,6,"£102,016.72",2,0,0,"£80,181.12",0,31-45,1.27,0,No,No,Stayed
15737173,497,Spain,Male,24,3,£0.00,2,1,0,"£76,390.01",0,18-30,0,0,Yes,No,Stayed
15632264,476,France,Female,34,10,£0.00,2,1,0,"£26,260.98",0,31-45,0,0,Yes,No,Stayed
15691483,549,France,Female,25,5,£0.00,2,0,0,"£190,857.79",0,18-30,0,0,No,No,Stayed
15600882,635,Spain,Female,35,7,£0.00,2,1,1,"£65,951.65",0,31-45,0,0,Yes,Yes,Stayed
15643966,616,Germany,Male,45,3,"£143,129.41",2,0,1,"£64,327.26",0,31-45,2.23,0,No,Yes,Stayed
15737452,653,Germany,Male,58,1,"£132,602.88",1,1,0,"£5,097.67",1,46-60,26.01,0,Yes,No,Churned
15788218,549,Spain,Female,24,9,£0.00,2,1,1,"£14,406.41",0,18-30,0,0,Yes,Yes,Stayed
15661507,587,Spain,Male,45,6,£0.00,1,0,0,"£158,684.81",0,31-45,0,0,No,No,Stayed
15568982,726,France,Female,24,6,£0.00,2,1,1,"£54,724.03",0,18-30,0,0,Yes,Yes,Stayed
15577657,732,France,Male,41,8,£0.00,2,1,1,"£170,886.17",0,31-45,0,0,Yes,Yes,Stayed
15597945,636,Spain,Female,32,8,£0.00,2,1,0,"£138,555.46",0,31-45,0,0,Yes,No,Stayed
15699309,510,Spain,Female,38,4,£0.00,1,1,0,"£118,913.53",1,31-45,0,0,Yes,No,Churned
15725737,669,France,Male,46,3,£0.00,2,0,1,"£8,487.75",0,46-60,0,0,No,Yes,Stayed
15625047,846,France,Female,38,5,£0.00,1,1,1,"£187,616.16",0,31-45,0,0,Yes,Yes,Stayed
15738191,577,France,Male,25,3,£0.00,2,0,1,"£124,508.29",0,18-30,0,0,No,Yes,Stayed
15736816,756,Germany,Male,36,2,"£136,815.64",1,1,1,"£170,041.95",0,31-45,0.8,0,Yes,Yes,Stayed
15700772,571,France,Male,44,9,£0.00,2,0,0,"£38,433.35",0,31-45,0,0,No,No,Stayed
15728693,574,Germany,Female,43,3,"£141,349.43",1,1,1,"£100,187.43",0,31-45,1.41,0,Yes,Yes,Stayed
15656300,411,France,Male,29,0,"£59,697.17",2,1,1,"£53,483.21",0,18-30,1.12,0,Yes,Yes,Stayed
15589475,591,Spain,Female,39,3,£0.00,3,1,0,"£140,469.38",1,31-45,0,1,Yes,No,Churned
15706552,533,France,Male,36,7,"£85,311.70",1,0,1,"£156,731.91",0,31-45,0.54,0,No,Yes,Stayed
15750181,553,Germany,Male,41,9,"£110,112.54",2,0,0,"£81,898.81",0,31-45,1.34,0,No,No,Stayed
15659428,520,Spain,Female,42,6,£0.00,2,1,1,"£34,410.55",0,31-45,0,0,Yes,Yes,Stayed
15732963,722,Spain,Female,29,9,£0.00,2,1,1,"£142,033.07",0,18-30,0,0,Yes,Yes,Stayed
15794171,475,France,Female,45,0,"£134,264.04",1,1,0,"£27,822.99",1,31-45,4.83,0,Yes,No,Churned
15788448,490,Spain,Male,31,3,"£145,260.23",1,0,1,"£114,066.77",0,31-45,1.27,0,No,Yes,Stayed
15729599,804,Spain,Male,33,7,"£76,548.60",1,0,1,"£98,453.45",0,31-45,0.78,0,No,Yes,Stayed
15717426,850,France,Male,36,7,£0.00,1,1,1,"£40,812.90",0,31-45,0,0,Yes,Yes,Stayed
15585768,582,Germany,Male,41,6,"£70,349.48",2,0,1,"£178,074.04",0,31-45,0.4,0,No,Yes,Stayed
15619360,472,Spain,Male,40,4,£0.00,1,1,0,"£70,154.22",0,31-45,0,0,Yes,No,Stayed
15738148,465,France,Female,51,8,"£122,522.32",1,0,0,"£181,297.65",1,46-60,0.68,0,No,No,Churned
15687946,556,France,Female,61,2,"£117,419.35",1,1,1,"£94,153.83",0,60+,1.25,0,Yes,Yes,Stayed
15755196,834,France,Female,49,2,"£131,394.56",1,0,0,"£194,365.76",1,46-60,0.68,0,No,No,Churned
15684171,660,Spain,Female,61,5,"£155,931.11",1,1,1,"£158,338.39",0,60+,0.98,0,Yes,Yes,Stayed
15754849,776,Germany,Female,32,4,"£109,421.13",2,1,1,"£126,517.46",0,31-45,0.86,0,Yes,Yes,Stayed
15602280,829,Germany,Female,27,9,"£112,045.67",1,1,1,"£119,708.21",1,18-30,0.94,0,Yes,Yes,Churned
15771573,637,Germany,Female,39,9,"£137,843.80",1,1,1,"£117,622.80",1,31-45,1.17,0,Yes,Yes,Churned
15766205,550,Germany,Male,38,2,"£103,391.38",1,0,1,"£90,878.13",0,31-45,1.14,0,No,Yes,Stayed
15771873,776,Germany,Female,37,2,"£103,769.22",2,1,0,"£194,099.12",0,31-45,0.53,0,Yes,No,Stayed
15616550,698,Germany,Male,44,10,"£116,363.37",2,1,0,"£198,059.16",0,31-45,0.59,0,Yes,No,Stayed
15768193,585,Germany,Male,36,5,"£146,050.97",2,0,0,"£86,424.57",0,31-45,1.69,0,No,No,Stayed
15683553,788,France,Female,33,5,£0.00,2,0,0,"£116,978.19",0,31-45,0,0,No,No,Stayed
15702298,655,Germany,Male,41,8,"£125,561.97",1,0,0,"£164,040.94",1,31-45,0.77,0,No,No,Churned
15569590,601,Germany,Male,42,1,"£98,495.72",1,1,0,"£40,014.76",1,31-45,2.46,0,Yes,No,Churned
15760861,619,France,Male,43,1,"£125,211.92",1,1,1,"£113,410.49",0,31-45,1.1,0,Yes,Yes,Stayed
15630053,656,France,Male,45,5,"£127,864.40",1,1,0,"£87,107.57",0,31-45,1.47,0,Yes,No,Stayed
15647091,725,Germany,Male,19,0,"£75,888.20",1,0,0,"£45,613.75",0,18-30,1.66,0,No,No,Stayed
15623944,511,Spain,Female,66,4,£0.00,1,1,0,"£1,643.11",1,60+,0,0,Yes,No,Churned
15804771,614,France,Male,51,4,"£40,685.92",1,1,1,"£46,775.28",0,46-60,0.87,0,Yes,Yes,Stayed
15651280,742,Germany,Male,35,5,"£136,857.00",1,0,0,"£84,509.57",0,31-45,1.62,0,No,No,Stayed
15773469,687,Germany,Female,27,9,"£152,328.88",2,0,0,"£126,494.82",0,18-30,1.2,0,No,No,Stayed
15702014,555,Spain,Male,33,1,"£56,084.69",2,0,0,"£178,798.13",0,31-45,0.31,0,No,No,Stayed
15751208,684,Spain,Male,56,8,"£78,707.16",1,1,1,"£99,398.36",0,46-60,0.79,0,Yes,Yes,Stayed
15592461,603,Germany,Male,26,4,"£109,166.37",1,1,1,"£92,840.67",0,18-30,1.18,0,Yes,Yes,Stayed
15789484,751,Germany,Female,36,6,"£169,831.46",2,1,1,"£27,758.36",0,31-45,6.12,0,Yes,Yes,Stayed
15696061,581,Germany,Female,34,1,"£101,633.04",1,1,0,"£110,431.51",0,31-45,0.92,0,Yes,No,Stayed
15641582,735,Germany,Male,43,10,"£123,180.01",2,1,1,"£196,673.28",0,31-45,0.63,0,Yes,Yes,Stayed
15638424,661,Germany,Female,35,5,"£150,725.53",2,0,1,"£113,656.85",0,31-45,1.33,0,No,Yes,Stayed
15755648,675,France,Female,21,8,"£98,373.26",1,1,0,"£18,203.00",0,18-30,5.4,0,Yes,No,Stayed
15703793,738,Germany,Male,58,2,"£133,745.44",4,1,0,"£28,373.86",1,46-60,4.71,1,Yes,No,Churned
15620344,813,France,Male,29,6,£0.00,1,1,0,"£33,953.87",0,18-30,0,0,Yes,No,Stayed
15812518,657,Spain,Female,37,0,"£163,607.18",1,0,1,"£44,203.55",0,31-45,3.7,0,No,Yes,Stayed
15779052,604,Germany,Female,25,5,"£157,780.84",2,1,1,"£58,426.81",0,18-30,2.7,0,Yes,Yes,Stayed
15770811,519,France,Male,36,9,£0.00,2,0,1,"£145,562.40",0,31-45,0,0,No,Yes,Stayed
15780961,735,France,Female,21,1,"£178,718.19",2,1,0,"£22,388.00",0,18-30,7.98,0,Yes,No,Stayed
15614049,664,France,Male,55,8,£0.00,2,1,1,"£139,161.64",0,46-60,0,0,Yes,Yes,Stayed
15662085,678,France,Female,32,9,£0.00,1,1,1,"£148,210.64",0,31-45,0,0,Yes,Yes,Stayed
15575185,757,Spain,Male,33,5,"£77,253.22",1,0,1,"£194,239.63",0,31-45,0.4,0,No,Yes,Stayed
15803136,416,Germany,Female,41,10,"£122,189.66",2,1,0,"£98,301.61",0,31-45,1.24,0,Yes,No,Stayed
15706021,665,France,Female,34,1,"£96,645.54",2,0,0,"£171,413.66",0,31-45,0.56,0,No,No,Stayed
15663706,777,France,Female,32,2,£0.00,1,1,0,"£136,458.19",1,31-45,0,0,Yes,No,Churned
15641732,543,France,Female,36,3,£0.00,2,0,0,"£26,019.59",0,31-45,0,0,No,No,Stayed
15701164,506,France,Female,34,4,"£90,307.62",1,1,1,"£159,235.29",0,31-45,0.57,0,Yes,Yes,Stayed
15738751,493,France,Female,46,4,£0.00,2,1,0,"£1,907.66",0,46-60,0,0,Yes,No,Stayed
15805254,652,Spain,Female,75,10,£0.00,2,1,1,"£114,675.75",0,60+,0,0,Yes,Yes,Stayed
15762418,750,Spain,Male,22,3,"£121,681.82",1,1,0,"£128,643.35",1,18-30,0.95,0,Yes,No,Churned
15625759,729,France,Male,30,9,£0.00,2,1,0,"£151,869.35",0,18-30,0,0,Yes,No,Stayed
15622897,646,France,Female,46,4,£0.00,3,1,0,"£93,251.42",1,46-60,0,1,Yes,No,Churned
15767954,635,Germany,Female,28,3,"£81,623.67",2,1,1,"£156,791.36",0,18-30,0.52,0,Yes,Yes,Stayed
15757535,647,Spain,Female,44,5,£0.00,3,1,1,"£174,205.22",1,31-45,0,1,Yes,Yes,Churned
15731511,808,France,Male,45,7,"£118,626.55",2,1,0,"£147,132.46",0,31-45,0.81,0,Yes,No,Stayed
15809248,524,France,Female,36,10,£0.00,2,1,0,"£109,614.57",0,31-45,0,0,Yes,No,Stayed
15640635,769,France,Male,29,8,£0.00,2,1,1,"£172,290.61",0,18-30,0,0,Yes,Yes,Stayed
15676966,730,Spain,Male,42,4,£0.00,2,0,1,"£85,982.47",0,31-45,0,0,No,Yes,Stayed
15699461,515,Spain,Male,35,10,"£176,273.95",1,0,1,"£121,277.78",0,31-45,1.45,0,No,Yes,Stayed
15738721,773,Spain,Male,41,9,"£102,827.44",1,0,1,"£64,595.25",0,31-45,1.59,0,No,Yes,Stayed
15693683,814,Germany,Male,29,8,"£97,086.40",2,1,1,"£197,276.13",0,18-30,0.49,0,Yes,Yes,Stayed
15604348,710,Spain,Male,22,8,£0.00,2,0,0,"£99,645.04",0,18-30,0,0,No,No,Stayed
15633059,413,France,Male,34,9,£0.00,2,0,0,"£6,534.18",0,31-45,0,0,No,No,Stayed
15808582,665,France,Female,40,6,£0.00,1,1,1,"£161,848.03",0,31-45,0,0,Yes,Yes,Stayed
15743192,623,France,Female,44,6,£0.00,2,0,0,"£167,162.43",0,31-45,0,0,No,No,Stayed
15580146,738,France,Male,31,9,"£82,674.15",1,1,0,"£41,970.72",0,31-45,1.97,0,Yes,No,Stayed
15776605,528,Spain,Male,36,7,£0.00,2,1,0,"£60,536.56",0,31-45,0,0,Yes,No,Stayed
15804919,670,Spain,Female,65,1,£0.00,1,1,1,"£177,655.68",1,60+,0,0,Yes,Yes,Churned
15613854,622,Spain,Female,46,4,"£107,073.27",2,1,1,"£30,984.59",1,46-60,3.46,0,Yes,Yes,Churned
15599195,582,Germany,Male,32,1,"£88,938.62",1,1,1,"£10,054.53",0,31-45,8.85,0,Yes,Yes,Stayed
15812878,785,Germany,Female,36,2,"£99,806.85",1,0,1,"£36,976.52",0,31-45,2.7,0,No,Yes,Stayed
15602312,605,Spain,Male,33,5,"£150,092.80",1,0,0,"£71,862.79",0,31-45,2.09,0,No,No,Stayed
15744689,479,Germany,Male,35,9,"£92,833.89",1,1,0,"£99,449.86",1,31-45,0.93,0,Yes,No,Churned
15803526,685,Germany,Male,30,3,"£90,536.81",1,0,1,"£63,082.88",0,18-30,1.44,0,No,Yes,Stayed
15665790,538,Germany,Male,39,7,"£108,055.10",2,1,0,"£27,231.26",0,31-45,3.97,0,Yes,No,Stayed
15715951,562,France,Male,42,2,"£100,238.35",1,0,0,"£86,797.41",0,31-45,1.15,0,No,No,Stayed
15591100,675,Spain,Male,36,9,"£106,190.55",1,0,1,"£22,994.32",0,31-45,4.62,0,No,Yes,Stayed
15609618,721,Germany,Male,28,9,"£154,475.54",2,0,1,"£101,300.94",1,18-30,1.52,0,No,Yes,Churned
15675522,628,Germany,Female,30,9,"£132,351.29",2,1,1,"£74,169.13",0,18-30,1.78,0,Yes,Yes,Stayed
15705512,668,Germany,Female,37,6,"£167,864.40",1,1,0,"£115,638.29",0,31-45,1.45,0,Yes,No,Stayed
15698028,506,France,Female,41,1,£0.00,2,1,0,"£31,766.30",0,31-45,0,0,Yes,No,Stayed
15661670,524,Germany,Female,31,8,"£107,818.63",1,1,0,"£199,725.39",1,31-45,0.54,0,Yes,No,Churned
15600781,699,Germany,Male,34,4,"£185,173.81",2,1,0,"£120,834.48",0,31-45,1.53,0,Yes,No,Stayed
15682472,828,France,Male,34,8,"£129,433.34",2,0,0,"£38,131.77",0,31-45,3.39,0,No,No,Stayed
15580203,674,Spain,Male,39,6,"£120,193.42",1,0,0,"£100,130.95",0,31-45,1.2,0,No,No,Stayed
15690673,656,France,Female,39,6,£0.00,2,1,0,"£141,069.88",0,31-45,0,0,Yes,No,Stayed
15760085,684,Germany,Female,48,10,"£126,384.42",1,1,1,"£198,129.36",0,46-60,0.64,0,Yes,Yes,Stayed
15779659,625,France,Female,28,3,£0.00,1,0,0,"£183,646.41",0,18-30,0,0,No,No,Stayed
15627360,432,France,Male,42,9,"£152,603.45",1,1,0,"£110,265.24",1,31-45,1.38,0,Yes,No,Churned
15671137,549,France,Female,52,1,£0.00,1,0,1,"£8,636.05",1,46-60,0,0,No,Yes,Churned
15782688,625,Germany,Male,56,0,"£148,507.24",1,1,0,"£46,824.08",1,46-60,3.17,0,Yes,No,Churned
15575492,828,France,Female,41,7,£0.00,2,1,0,"£171,378.77",0,31-45,0,0,Yes,No,Stayed
15591607,770,France,Male,24,9,"£101,827.07",1,1,0,"£167,256.35",0,18-30,0.61,0,Yes,No,Stayed
15740404,758,France,Female,34,3,£0.00,2,1,1,"£124,226.16",0,31-45,0,0,Yes,Yes,Stayed
15718369,795,Germany,Female,33,9,"£130,862.43",1,1,1,"£114,935.21",0,31-45,1.14,0,Yes,Yes,Stayed
15677871,687,France,Male,38,9,"£122,570.87",1,1,1,"£35,608.88",0,31-45,3.44,0,Yes,Yes,Stayed
15642004,686,France,Male,25,1,£0.00,2,0,1,"£16,459.37",0,18-30,0,0,No,Yes,Stayed
15712543,789,Germany,Male,39,7,"£124,828.46",2,1,1,"£124,411.08",0,31-45,1,0,Yes,Yes,Stayed
15584518,589,Germany,Female,50,5,"£144,895.05",2,1,1,"£34,941.23",0,46-60,4.15,0,Yes,Yes,Stayed
15802381,461,Germany,Female,34,5,"£63,663.93",1,0,1,"£167,784.28",0,31-45,0.38,0,No,Yes,Stayed
15610156,637,France,Male,40,2,"£133,463.10",1,0,1,"£93,165.34",0,31-45,1.43,0,No,Yes,Stayed
15594408,584,Spain,Female,48,2,"£213,146.20",1,1,0,"£75,161.25",1,46-60,2.84,0,Yes,No,Churned
15640905,579,Spain,Female,35,1,"£129,490.36",2,0,1,"£8,590.83",1,31-45,15.07,0,No,Yes,Churned
15698932,756,Germany,Male,44,10,"£137,452.09",1,1,0,"£189,543.90",0,31-45,0.73,0,Yes,No,Stayed
15724944,663,France,Male,34,7,£0.00,2,1,1,"£180,427.24",0,31-45,0,0,Yes,Yes,Stayed
15628145,682,France,Female,43,5,"£125,851.93",1,1,1,"£193,318.33",0,31-45,0.65,0,Yes,Yes,Stayed
15713483,793,Spain,Male,52,2,£0.00,1,1,0,"£159,123.82",1,46-60,0,0,Yes,No,Churned
15612350,691,France,Female,31,5,"£40,915.55",1,1,0,"£126,213.84",1,31-45,0.32,0,Yes,No,Churned
15800703,485,Spain,Female,21,5,"£113,157.22",1,1,1,"£54,141.50",0,18-30,2.09,0,Yes,Yes,Stayed
15705707,635,Spain,Female,29,8,"£138,296.94",2,1,0,"£141,075.51",0,18-30,0.98,0,Yes,No,Stayed
15754105,650,France,Male,37,5,"£106,967.18",1,0,0,"£24,495.03",0,31-45,4.37,0,No,No,Stayed
15703264,735,France,Male,44,9,"£120,681.63",1,1,0,"£74,836.34",0,31-45,1.61,0,Yes,No,Stayed
15794413,416,France,Male,32,0,£0.00,2,0,1,£878.87,0,31-45,0,0,No,Yes,Stayed
15650237,754,Spain,Female,32,7,£0.00,2,1,0,"£89,520.75",0,31-45,0,0,Yes,No,Stayed
15759618,535,France,Female,48,9,£0.00,1,1,0,"£149,892.79",1,46-60,0,0,Yes,No,Churned
15811589,716,Spain,Male,42,8,£0.00,2,1,0,"£180,800.42",0,31-45,0,0,Yes,No,Stayed
15689044,539,France,Male,37,2,"£127,609.59",1,1,0,"£98,646.22",0,31-45,1.29,0,Yes,No,Stayed
15709368,614,France,Female,43,6,£0.00,2,1,1,"£109,041.53",0,31-45,0,0,Yes,Yes,Stayed
15679145,706,Spain,Male,57,7,£0.00,1,1,0,"£17,941.16",1,46-60,0,0,Yes,No,Churned
15655007,758,France,Female,33,7,£0.00,2,0,0,"£82,996.47",0,31-45,0,0,No,No,Stayed
15623595,586,Spain,Female,28,2,£0.00,2,1,1,"£92,067.35",0,18-30,0,0,Yes,Yes,Stayed
15589975,646,France,Female,73,6,"£97,259.25",1,0,1,"£104,719.66",0,60+,0.93,0,No,Yes,Stayed
15804017,631,Germany,Female,33,4,"£123,246.70",1,0,0,"£112,687.57",0,31-45,1.09,0,No,No,Stayed
15692132,717,Spain,Female,22,6,"£101,060.25",1,0,1,"£84,699.56",0,18-30,1.19,0,No,Yes,Stayed
15641122,684,France,Male,30,2,£0.00,2,1,0,"£83,473.82",0,18-30,0,0,Yes,No,Stayed
15630910,800,France,Female,49,7,"£108,007.36",1,0,0,"£47,125.11",0,46-60,2.29,0,No,No,Stayed
15680772,721,Spain,Female,36,2,£0.00,2,1,1,"£106,977.80",0,31-45,0,0,Yes,Yes,Stayed
15658929,683,Spain,Male,29,0,"£133,702.89",1,1,0,"£55,582.54",1,18-30,2.41,0,Yes,No,Churned
15585388,660,Germany,Male,31,9,"£125,189.75",2,1,1,"£139,874.43",0,31-45,0.9,0,Yes,Yes,Stayed
15724623,704,Germany,Female,24,7,"£113,034.22",1,1,0,"£162,503.48",1,18-30,0.7,0,Yes,No,Churned
15588537,615,Spain,Female,41,9,"£109,013.23",1,1,0,"£196,499.96",0,31-45,0.55,0,Yes,No,Stayed
15574692,667,Spain,Female,39,2,£0.00,2,1,0,"£40,721.24",1,31-45,0,0,Yes,No,Churned
15611325,682,Germany,Male,24,9,"£57,929.81",2,0,0,"£53,134.30",0,18-30,1.09,0,No,No,Stayed
15587562,484,France,Female,29,4,"£130,114.39",1,1,0,"£164,017.89",0,18-30,0.79,0,Yes,No,Stayed
15613172,628,Germany,Male,27,5,"£95,826.49",2,1,0,"£155,996.96",0,18-30,0.61,0,Yes,No,Stayed
15651022,480,Germany,Male,44,10,"£129,608.57",1,1,0,"£5,472.70",1,31-45,23.68,0,Yes,No,Churned
15586310,578,France,Male,30,4,"£169,462.09",1,1,0,"£112,187.11",0,18-30,1.51,0,Yes,No,Stayed
15625524,512,France,Male,40,5,£0.00,2,1,1,"£146,457.83",0,31-45,0,0,Yes,Yes,Stayed
15755209,484,Spain,Female,35,7,"£133,868.21",1,1,1,"£27,286.10",0,31-45,4.91,0,Yes,Yes,Stayed
15645248,510,France,Female,30,0,£0.00,2,1,1,"£130,553.47",0,18-30,0,0,Yes,Yes,Stayed
15790355,606,Germany,Male,36,5,"£190,479.48",2,0,0,"£179,351.89",0,31-45,1.06,0,No,No,Stayed
15762615,597,Spain,Female,40,8,"£101,993.12",1,0,1,"£94,774.12",0,31-45,1.08,0,No,Yes,Stayed
15625426,754,Germany,Female,55,3,"£161,608.81",1,1,0,"£8,080.85",1,46-60,20,0,Yes,No,Churned
15716334,850,Spain,Female,45,2,"£122,311.21",1,1,1,"£19,482.50",0,31-45,6.28,0,Yes,Yes,Stayed
15789669,510,France,Male,65,2,£0.00,2,1,1,"£48,071.61",0,60+,0,0,Yes,Yes,Stayed
15621075,778,Germany,Female,45,1,"£162,150.42",2,1,0,"£174,531.27",0,31-45,0.93,0,Yes,No,Stayed
15810845,636,France,Male,42,2,£0.00,2,1,1,"£55,470.78",0,31-45,0,0,Yes,Yes,Stayed
15719377,804,France,Female,50,4,£0.00,1,1,1,"£8,546.87",1,46-60,0,0,Yes,Yes,Churned
15654506,514,France,Male,32,8,£0.00,2,1,0,"£95,857.18",0,31-45,0,0,Yes,No,Stayed
15771977,730,France,Female,39,1,"£99,010.67",1,1,0,"£194,945.80",0,31-45,0.51,0,Yes,No,Stayed
15708710,525,Spain,Female,37,0,£0.00,1,0,1,"£131,521.72",0,31-45,0,0,No,Yes,Stayed
15726676,616,Spain,Male,30,5,£0.00,2,0,1,"£196,108.51",0,18-30,0,0,No,Yes,Stayed
15587421,687,Germany,Female,34,7,"£111,388.18",2,1,0,"£148,564.76",0,31-45,0.75,0,Yes,No,Stayed
15726931,715,France,Female,41,8,"£56,214.85",2,0,0,"£92,982.61",1,31-45,0.6,0,No,No,Churned
15771086,512,France,Female,36,3,"£84,327.77",2,1,0,"£17,675.36",0,31-45,4.77,0,Yes,No,Stayed
15756850,479,France,Male,40,1,£0.00,2,0,0,"£114,996.43",0,31-45,0,0,No,No,Stayed
15702741,601,France,Male,32,8,"£93,012.89",1,1,0,"£86,957.42",0,31-45,1.07,0,Yes,No,Stayed
15679200,580,Spain,Male,29,9,"£61,710.44",2,1,0,"£128,077.80",0,18-30,0.48,0,Yes,No,Stayed
15594815,807,France,Male,35,3,"£174,790.15",1,1,1,£600.36,0,31-45,291.14,0,Yes,Yes,Stayed
15635905,616,Spain,Female,32,6,£0.00,2,1,1,"£43,001.46",0,31-45,0,0,Yes,Yes,Stayed
15777892,721,Germany,Male,37,3,"£107,720.64",1,1,1,"£158,591.12",0,31-45,0.68,0,Yes,Yes,Stayed
15656176,501,France,Male,57,10,£0.00,2,1,1,"£47,847.19",0,46-60,0,0,Yes,Yes,Stayed
15811127,521,France,Male,35,6,"£96,423.84",1,1,0,"£10,488.44",0,31-45,9.19,0,Yes,No,Stayed
15604482,850,Spain,Male,30,2,"£141,040.01",1,1,1,"£5,978.20",0,18-30,23.59,0,Yes,Yes,Stayed
15622911,759,France,Male,42,4,"£105,420.18",1,0,1,"£121,409.06",0,31-45,0.87,0,No,Yes,Stayed
15600974,516,Spain,Male,50,5,£0.00,1,0,1,"£146,145.93",1,46-60,0,0,No,Yes,Churned
15727868,711,France,Female,38,2,"£129,022.06",2,1,1,"£14,374.86",1,31-45,8.98,0,Yes,Yes,Churned
15627801,512,Spain,Male,33,3,"£176,666.62",1,1,0,"£94,670.77",0,31-45,1.87,0,Yes,No,Stayed
15773039,550,France,Male,37,3,£0.00,1,1,1,"£179,670.31",0,31-45,0,0,Yes,Yes,Stayed
15755262,608,Spain,Female,41,3,"£89,763.84",1,0,0,"£199,304.74",1,31-45,0.45,0,No,No,Churned
15679531,618,France,Male,34,5,"£134,954.53",1,1,1,"£151,954.39",0,31-45,0.89,0,Yes,Yes,Stayed
15684181,643,France,Male,45,5,£0.00,1,1,0,"£142,513.50",1,31-45,0,0,Yes,No,Churned
15612087,671,France,Male,45,2,"£106,376.85",1,0,1,"£158,264.62",0,31-45,0.67,0,No,Yes,Stayed
15752047,689,Germany,Male,33,2,"£161,814.64",2,1,0,"£169,381.90",0,31-45,0.96,0,Yes,No,Stayed
15624592,603,France,Male,31,8,£0.00,2,1,1,"£169,915.02",0,31-45,0,0,Yes,Yes,Stayed
15573152,620,France,Female,41,9,£0.00,2,0,0,"£88,852.47",0,31-45,0,0,No,No,Stayed
15594917,676,France,Female,34,1,"£63,095.01",1,1,1,"£40,645.81",0,31-45,1.55,0,Yes,Yes,Stayed
15785542,572,Germany,Male,26,4,"£118,287.01",2,0,0,"£60,427.30",0,18-30,1.96,0,No,No,Stayed
15723488,668,Germany,Male,47,7,"£106,854.21",1,0,1,"£157,959.02",1,46-60,0.68,0,No,Yes,Churned
15680920,695,France,Male,46,7,"£49,512.55",1,1,0,"£133,007.34",0,46-60,0.37,0,Yes,No,Stayed
15786308,730,Spain,Female,33,9,£0.00,2,0,0,"£176,576.62",0,31-45,0,0,No,No,Stayed
15659366,807,France,Male,43,1,"£105,799.32",2,1,0,"£34,888.04",1,31-45,3.03,0,Yes,No,Churned
15774854,592,France,Male,54,8,£0.00,1,1,1,"£28,737.71",1,46-60,0,0,Yes,Yes,Churned
15725311,726,France,Female,31,9,"£114,722.05",2,1,1,"£98,178.57",0,31-45,1.17,0,Yes,Yes,Stayed
15787155,514,Spain,Male,30,7,£0.00,1,0,1,"£125,010.24",0,18-30,0,0,No,Yes,Stayed
15727829,567,France,Male,42,2,£0.00,2,1,1,"£167,984.61",0,31-45,0,0,Yes,Yes,Stayed
15733247,850,France,Male,33,10,£0.00,1,1,0,"£4,861.72",1,31-45,0,0,Yes,No,Churned
15568748,671,Germany,Male,45,6,"£99,564.22",1,1,1,"£108,872.45",1,31-45,0.91,0,Yes,Yes,Churned
15699029,670,France,Male,37,4,"£170,557.91",2,1,0,"£198,252.88",0,31-45,0.86,0,Yes,No,Stayed
15774393,694,France,Female,30,9,£0.00,2,1,1,"£26,960.31",0,18-30,0,0,Yes,Yes,Stayed
15676895,547,Germany,Female,39,6,"£74,596.15",3,1,1,"£85,746.52",1,31-45,0.87,1,Yes,Yes,Churned
15637753,751,Germany,Male,50,2,"£96,888.39",1,1,0,"£77,206.25",1,46-60,1.25,0,Yes,No,Churned
15605461,594,Germany,Female,29,3,"£130,830.22",1,1,0,"£61,048.53",0,18-30,2.14,0,Yes,No,Stayed
15808473,673,France,Male,72,1,£0.00,2,0,1,"£111,981.19",0,60+,0,0,No,Yes,Stayed
15627000,610,France,Male,40,0,£0.00,2,1,0,"£62,232.60",0,31-45,0,0,Yes,No,Stayed
15787174,512,France,Female,37,1,£0.00,2,0,1,"£156,105.03",0,31-45,0,0,No,Yes,Stayed
15723886,767,Germany,Male,20,3,"£119,714.25",2,0,1,"£150,135.38",0,18-30,0.8,0,No,Yes,Stayed
15704769,585,France,Female,67,5,"£113,978.97",2,0,1,"£93,146.11",0,60+,1.22,0,No,Yes,Stayed
15772896,763,Germany,Male,42,6,"£100,160.75",1,1,0,"£33,462.94",1,31-45,2.99,0,Yes,No,Churned
15711540,712,France,Female,29,2,£0.00,1,1,1,"£144,375.00",0,18-30,0,0,Yes,Yes,Stayed
15764866,539,Germany,Female,43,3,"£116,220.50",3,1,0,"£55,803.96",1,31-45,2.08,1,Yes,No,Churned
15794056,668,France,Female,46,2,£0.00,3,1,0,"£89,048.46",1,46-60,0,1,Yes,No,Churned
15795149,703,France,Male,28,2,"£81,173.83",2,0,1,"£162,812.16",0,18-30,0.5,0,No,Yes,Stayed
15812009,662,Spain,Male,38,4,£0.00,2,1,0,"£136,259.65",0,31-45,0,0,Yes,No,Stayed
15651001,725,Germany,Female,39,5,"£116,803.80",1,1,0,"£124,052.97",0,31-45,0.94,0,Yes,No,Stayed
15813844,703,France,Male,37,8,"£105,961.68",2,0,1,"£74,158.80",0,31-45,1.43,0,No,Yes,Stayed
15596175,659,Germany,Male,67,6,"£117,411.60",1,1,1,"£45,071.09",1,60+,2.61,0,Yes,Yes,Churned
15576269,523,Spain,Male,34,7,£0.00,2,1,0,"£62,030.06",0,31-45,0,0,Yes,No,Stayed
15797219,635,France,Female,40,10,"£123,497.58",1,1,0,"£131,953.23",1,31-45,0.94,0,Yes,No,Churned
15685500,772,Germany,Male,26,7,"£152,400.51",2,1,0,"£79,414.00",0,18-30,1.92,0,Yes,No,Stayed
15599792,545,France,Female,26,1,£0.00,2,1,1,"£199,638.56",0,18-30,0,0,Yes,Yes,Stayed
15657566,634,Germany,Male,24,8,"£103,097.85",1,1,1,"£157,577.29",0,18-30,0.65,0,Yes,Yes,Stayed
15772423,739,Germany,Male,54,8,"£126,418.14",1,1,0,"£134,420.75",1,46-60,0.94,0,Yes,No,Churned
15628112,771,Germany,Female,36,5,"£77,846.90",1,0,0,"£99,805.99",0,31-45,0.78,0,No,No,Stayed
15753754,587,Spain,Female,34,1,£0.00,2,1,1,"£97,932.68",0,31-45,0,0,Yes,Yes,Stayed
15793726,681,France,Female,79,0,£0.00,2,0,1,"£170,968.99",0,60+,0,0,No,Yes,Stayed
15694717,544,Germany,Male,37,2,"£79,731.91",1,1,1,"£57,558.95",0,31-45,1.39,0,Yes,Yes,Stayed
15665834,696,Spain,Male,28,8,£0.00,1,0,0,"£176,713.47",0,18-30,0,0,No,No,Stayed
15765297,766,Spain,Male,41,0,£0.00,2,0,1,"£34,283.23",0,31-45,0,0,No,Yes,Stayed
15636684,727,France,Male,34,10,£0.00,2,1,1,"£198,637.34",0,31-45,0,0,Yes,Yes,Stayed
15592979,671,Germany,Female,34,6,"£37,266.67",2,0,0,"£156,917.12",0,31-45,0.24,0,No,No,Stayed
15750803,693,France,Female,30,6,"£127,992.25",1,1,1,"£50,457.20",0,18-30,2.54,0,Yes,Yes,Stayed
15607178,850,Germany,Male,38,3,"£54,901.01",1,1,1,"£140,075.55",0,31-45,0.39,0,Yes,Yes,Stayed
15713853,732,Germany,Male,42,9,"£108,748.08",2,1,1,"£65,323.11",0,31-45,1.66,0,Yes,Yes,Stayed
15673481,726,Spain,Female,48,6,"£99,906.19",1,1,0,"£64,323.24",0,46-60,1.55,0,Yes,No,Stayed
15686776,557,France,Female,32,6,"£184,686.41",2,1,0,"£14,956.44",0,31-45,12.35,0,Yes,No,Stayed
15673693,682,France,Female,26,0,"£110,654.02",1,0,1,"£111,879.21",0,18-30,0.99,0,No,Yes,Stayed
15700696,738,Spain,Male,31,9,"£79,019.80",1,1,1,"£18,606.23",0,31-45,4.25,0,Yes,Yes,Stayed
15813163,531,Spain,Female,36,9,"£99,240.51",1,1,0,"£123,137.01",0,31-45,0.81,0,Yes,No,Stayed
15653857,498,France,Male,34,2,£0.00,2,1,1,"£148,528.24",0,31-45,0,0,Yes,Yes,Stayed
15777076,651,France,Male,36,7,£0.00,2,1,0,"£13,898.31",0,31-45,0,0,Yes,No,Stayed
15717398,549,Spain,Female,39,7,£0.00,1,0,0,"£81,259.25",1,31-45,0,0,No,No,Churned
15799217,791,Germany,Female,35,7,"£52,436.20",1,1,0,"£161,051.75",0,31-45,0.33,0,Yes,No,Stayed
15787071,650,Spain,Male,41,9,£0.00,2,0,1,"£191,599.67",0,31-45,0,0,No,Yes,Stayed
15619955,733,Germany,Male,34,3,"£100,337.96",3,1,0,"£48,559.19",1,31-45,2.07,1,Yes,No,Churned
15796505,811,Germany,Female,34,1,"£149,297.19",2,1,1,"£186,339.74",0,31-45,0.8,0,Yes,Yes,Stayed
15725166,707,France,Male,30,8,£0.00,2,1,0,"£33,159.37",0,18-30,0,0,Yes,No,Stayed
15800116,712,Germany,Male,28,4,"£145,605.44",1,0,1,"£93,883.53",0,18-30,1.55,0,No,Yes,Stayed
15758685,706,Spain,Female,37,7,£0.00,2,1,1,"£110,899.30",0,31-45,0,0,Yes,Yes,Stayed
15694456,756,France,Male,62,3,£0.00,1,1,1,"£11,199.04",1,60+,0,0,Yes,Yes,Churned
15767339,777,France,Female,53,10,£0.00,2,1,0,"£189,992.97",0,46-60,0,0,Yes,No,Stayed
15683562,646,France,Male,35,6,"£84,026.86",1,0,1,"£164,255.69",0,31-45,0.51,0,No,Yes,Stayed
15782210,714,France,Male,46,1,£0.00,1,1,0,"£152,167.79",1,46-60,0,0,Yes,No,Churned
15668893,782,France,Male,39,8,£0.00,2,1,1,"£33,949.67",0,31-45,0,0,Yes,Yes,Stayed
15669169,775,Spain,Male,29,10,£0.00,2,1,1,"£68,143.93",0,18-30,0,0,Yes,Yes,Stayed
15643024,479,Germany,Male,35,4,"£138,718.92",1,1,1,"£47,251.79",1,31-45,2.94,0,Yes,Yes,Churned
15699389,807,France,Male,42,7,"£118,274.71",1,1,1,"£25,885.72",0,31-45,4.57,0,Yes,Yes,Stayed
15708608,799,France,Female,22,8,"£174,185.98",2,0,1,"£192,633.85",0,18-30,0.9,0,No,Yes,Stayed
15626144,675,France,Male,40,7,"£113,208.86",2,1,0,"£34,577.36",0,31-45,3.27,0,Yes,No,Stayed
15573112,602,Spain,Male,29,5,"£103,907.28",1,1,0,"£161,229.84",0,18-30,0.64,0,Yes,No,Stayed
15790678,475,France,Female,32,8,"£119,023.28",1,1,0,"£100,816.29",0,31-45,1.18,0,Yes,No,Stayed
15727556,744,Spain,Female,26,5,"£166,297.89",1,1,1,"£181,694.44",0,18-30,0.92,0,Yes,Yes,Stayed
15697307,588,Spain,Male,34,10,£0.00,2,1,0,"£79,078.91",0,31-45,0,0,Yes,No,Stayed
15652266,703,Germany,Male,42,9,"£63,227.00",1,0,1,"£137,316.32",0,31-45,0.46,0,No,Yes,Stayed
15607098,747,Spain,Female,41,5,"£94,521.17",2,1,0,"£194,926.86",0,31-45,0.48,0,Yes,No,Stayed
15655774,583,France,Male,27,7,£0.00,2,1,0,"£51,285.49",0,18-30,0,0,Yes,No,Stayed
15590241,750,Spain,Female,34,9,"£112,822.26",1,0,0,"£150,401.53",1,31-45,0.75,0,No,No,Churned
15785819,681,France,Male,38,3,£0.00,2,1,1,"£112,491.96",0,31-45,0,0,Yes,Yes,Stayed
15723654,773,France,Male,25,2,"£135,903.33",1,1,0,"£73,656.38",0,18-30,1.85,0,Yes,No,Stayed
15774510,714,France,Female,31,4,"£125,169.26",1,1,1,"£106,636.89",0,31-45,1.17,0,Yes,Yes,Stayed
15684173,687,Spain,Female,44,7,£0.00,3,1,0,"£155,853.52",1,31-45,0,1,Yes,No,Churned
15650068,511,France,Male,58,0,"£149,117.31",1,1,1,"£162,599.51",0,46-60,0.92,0,Yes,Yes,Stayed
15811490,627,France,Male,33,5,£0.00,2,1,1,"£103,737.82",0,31-45,0,0,Yes,Yes,Stayed
15803976,694,France,Female,31,10,£0.00,2,1,0,"£160,990.27",0,31-45,0,0,Yes,No,Stayed
15682541,616,Spain,Female,36,6,"£132,311.71",1,0,0,"£15,462.84",0,31-45,8.56,0,No,No,Stayed
15695699,687,France,Male,35,8,£0.00,2,1,0,"£10,334.05",0,31-45,0,0,Yes,No,Stayed
15624188,712,France,Female,33,6,£0.00,2,1,1,"£190,686.16",0,31-45,0,0,Yes,Yes,Stayed
15812191,553,France,Male,33,4,"£118,082.89",1,0,0,"£94,440.45",0,31-45,1.25,0,No,No,Stayed
15636673,667,France,Male,31,1,"£119,266.69",1,1,1,"£28,257.63",0,31-45,4.22,0,Yes,Yes,Stayed
15594898,731,France,Male,43,2,£0.00,1,1,1,"£170,034.95",1,31-45,0,0,Yes,Yes,Churned
15660211,629,Germany,Male,35,7,"£156,847.29",2,1,0,"£31,824.29",0,31-45,4.93,0,Yes,No,Stayed
15773972,614,France,Male,50,4,"£137,104.47",1,1,0,"£127,166.49",1,46-60,1.08,0,Yes,No,Churned
15746726,438,Germany,Male,31,8,"£78,398.69",1,1,0,"£44,937.01",0,31-45,1.74,0,Yes,No,Stayed
15712287,652,France,Female,80,4,£0.00,2,1,1,"£188,603.07",0,60+,0,0,Yes,Yes,Stayed
15702919,729,Germany,Male,30,6,"£63,669.42",1,1,0,"£145,111.37",0,18-30,0.44,0,Yes,No,Stayed
15674398,642,France,Male,38,3,£0.00,2,0,0,"£171,463.83",0,31-45,0,0,No,No,Stayed
15797960,806,Germany,Female,59,0,"£135,296.33",1,1,0,"£182,822.50",0,46-60,0.74,0,Yes,No,Stayed
15631868,744,Spain,Male,36,2,"£153,804.44",1,1,1,"£87,213.33",0,31-45,1.76,0,Yes,Yes,Stayed
15581539,474,Spain,Male,37,3,£0.00,2,0,0,"£57,175.32",0,31-45,0,0,No,No,Stayed
15662736,559,France,Male,49,2,"£147,069.78",1,1,0,"£120,540.83",1,46-60,1.22,0,Yes,No,Churned
15666252,706,Spain,Male,42,9,£0.00,2,1,1,"£28,714.34",0,31-45,0,0,Yes,Yes,Stayed
15677512,628,Spain,Female,22,3,£0.00,1,1,0,"£85,426.28",0,18-30,0,0,Yes,No,Stayed
15626114,429,France,Male,24,4,"£95,741.75",1,1,0,"£46,170.75",0,18-30,2.07,0,Yes,No,Stayed
15810834,525,Spain,Female,57,2,"£145,965.33",1,1,1,"£64,448.36",0,46-60,2.26,0,Yes,Yes,Stayed
15678910,680,France,Female,30,8,"£141,441.75",1,1,1,"£16,278.97",0,18-30,8.69,0,Yes,Yes,Stayed
15694408,749,France,Male,40,1,"£139,290.41",1,1,0,"£182,855.42",1,31-45,0.76,0,Yes,No,Churned
15585215,763,France,Female,31,4,£0.00,2,0,0,"£50,404.72",0,31-45,0,0,No,No,Stayed
15682757,734,France,Male,30,3,£0.00,2,1,0,"£107,640.25",0,18-30,0,0,Yes,No,Stayed
15736601,716,France,Male,35,4,"£144,428.87",1,1,0,"£134,132.65",0,31-45,1.08,0,Yes,No,Stayed
15601848,594,France,Male,35,2,£0.00,2,1,0,"£103,480.69",0,31-45,0,0,Yes,No,Stayed
15736008,644,France,Female,46,9,"£95,441.27",1,1,0,"£108,761.05",1,46-60,0.88,0,Yes,No,Churned
15669064,671,Germany,Male,35,1,"£144,848.74",1,1,1,"£179,012.30",0,31-45,0.81,0,Yes,Yes,Stayed
15624528,664,Germany,Male,26,7,"£116,244.14",2,1,1,"£95,145.14",0,18-30,1.22,0,Yes,Yes,Stayed
15598493,656,France,Male,50,7,£0.00,2,0,1,"£72,143.44",0,46-60,0,0,No,Yes,Stayed
15601274,667,Spain,Female,40,1,"£146,502.07",1,1,0,"£19,162.89",0,31-45,7.65,0,Yes,No,Stayed
15702669,663,Germany,Male,44,2,"£117,028.60",2,0,1,"£144,680.18",0,31-45,0.81,0,No,Yes,Stayed
15728669,584,Germany,Female,30,8,"£112,013.81",1,1,0,"£177,772.03",1,18-30,0.63,0,Yes,No,Churned
15742668,626,Spain,Female,37,6,"£108,269.37",1,1,0,"£5,597.94",0,31-45,19.34,0,Yes,No,Stayed
15697441,485,France,Male,29,7,"£182,123.79",1,1,0,"£116,828.51",1,18-30,1.56,0,Yes,No,Churned
15740476,659,Germany,Female,32,3,"£150,923.74",2,0,1,"£174,652.51",0,31-45,0.86,0,No,Yes,Stayed
15648064,649,France,Male,33,2,£0.00,2,1,0,"£2,010.98",0,31-45,0,0,Yes,No,Stayed
15636624,805,Spain,Female,39,5,"£165,272.13",1,1,0,"£14,109.85",1,31-45,11.71,0,Yes,No,Churned
15807923,716,Germany,Female,39,10,"£115,301.31",1,1,0,"£43,527.40",1,31-45,2.65,0,Yes,No,Churned
15745844,642,Germany,Female,40,6,"£129,502.49",2,0,1,"£86,099.23",1,31-45,1.5,0,No,Yes,Churned
15786170,659,France,Male,31,4,"£118,342.26",1,0,0,"£161,574.19",0,31-45,0.73,0,No,No,Stayed
15681081,545,Spain,Female,47,5,£0.00,2,1,1,"£38,970.14",0,46-60,0,0,Yes,Yes,Stayed
15684484,543,France,Male,22,8,£0.00,2,0,0,"£127,587.22",0,18-30,0,0,No,No,Stayed
15785869,718,France,Female,25,7,£0.00,2,1,0,"£30,380.12",0,18-30,0,0,Yes,No,Stayed
15763859,840,France,Female,43,7,£0.00,2,1,0,"£90,908.95",0,31-45,0,0,Yes,No,Stayed
15658935,630,Germany,Female,34,9,"£106,937.05",2,1,0,"£138,275.01",0,31-45,0.77,0,Yes,No,Stayed
15747358,643,Germany,Male,59,3,"£170,331.37",1,1,1,"£32,171.79",0,46-60,5.29,0,Yes,Yes,Stayed
15735203,654,Germany,Female,32,1,"£114,510.85",1,1,1,"£126,143.23",0,31-45,0.91,0,Yes,Yes,Stayed
15576256,582,France,Male,39,5,£0.00,2,1,1,"£129,892.93",0,31-45,0,0,Yes,Yes,Stayed
15659420,659,Spain,Male,32,3,"£107,594.11",2,1,1,"£102,416.84",0,31-45,1.05,0,Yes,Yes,Stayed
15593365,762,Spain,Male,39,2,"£81,273.13",1,1,1,"£18,719.67",0,31-45,4.34,0,Yes,Yes,Stayed
15777352,568,Spain,Female,32,7,"£169,399.60",1,1,0,"£61,936.22",0,31-45,2.74,0,Yes,No,Stayed
15812007,670,Spain,Male,25,6,£0.00,2,1,1,"£78,358.94",0,18-30,0,0,Yes,Yes,Stayed
15625461,613,France,Female,45,1,"£187,841.99",2,1,1,"£147,224.27",0,31-45,1.28,0,Yes,Yes,Stayed
15739438,539,France,Male,30,0,£0.00,2,1,0,"£160,979.66",0,18-30,0,0,Yes,No,Stayed
15611759,850,Spain,Female,57,8,"£126,776.30",2,1,1,"£132,298.49",0,46-60,0.96,0,Yes,Yes,Stayed
15661629,522,Spain,Male,34,9,"£126,436.29",1,1,0,"£174,248.52",1,31-45,0.73,0,Yes,No,Churned
15633950,737,France,Male,41,1,"£101,960.74",1,1,1,"£123,547.28",0,31-45,0.83,0,Yes,Yes,Stayed
15592386,520,France,Male,58,3,£0.00,2,0,1,"£32,790.02",0,46-60,0,0,No,Yes,Stayed
15803716,706,Spain,Male,28,3,£0.00,2,0,1,"£181,543.67",0,18-30,0,0,No,Yes,Stayed
15696674,643,Germany,Female,45,2,"£150,842.93",1,0,1,"£2,319.96",1,31-45,65.02,0,No,Yes,Churned
15706365,648,France,Female,50,9,"£102,535.57",1,1,1,"£189,543.19",0,46-60,0.54,0,Yes,Yes,Stayed
15745088,443,Germany,Female,29,9,"£99,027.61",2,1,0,"£10,940.40",0,18-30,9.05,0,Yes,No,Stayed
15676715,640,France,Male,68,9,£0.00,2,1,1,"£199,493.38",0,60+,0,0,Yes,Yes,Stayed
15613085,628,Spain,Female,33,3,£0.00,1,1,1,"£188,193.25",0,31-45,0,0,Yes,Yes,Stayed
15633537,540,Germany,Female,42,9,"£87,271.41",2,1,0,"£172,572.64",0,31-45,0.51,0,Yes,No,Stayed
15594720,460,Germany,Female,35,8,"£102,742.91",2,1,1,"£189,339.60",0,31-45,0.54,0,Yes,Yes,Stayed
15684042,636,Germany,Male,34,2,"£40,105.51",2,0,1,"£53,512.16",0,31-45,0.75,0,No,Yes,Stayed
15583303,593,France,Female,29,2,"£152,265.43",1,1,0,"£34,004.44",0,18-30,4.48,0,Yes,No,Stayed
15611579,801,Spain,Male,42,4,"£141,947.67",1,1,1,"£10,598.29",0,31-45,13.39,0,Yes,Yes,Stayed
15774696,640,Germany,Female,75,1,"£106,307.91",2,0,1,"£113,428.77",0,60+,0.94,0,No,Yes,Stayed
15694506,611,Germany,Male,31,0,"£107,884.81",2,1,1,"£183,487.98",0,31-45,0.59,0,Yes,Yes,Stayed
15688074,802,Germany,Male,31,1,"£125,013.72",1,1,1,"£187,658.09",0,31-45,0.67,0,Yes,Yes,Stayed
15759537,717,Germany,Male,35,7,"£58,469.37",2,1,1,"£172,459.39",0,31-45,0.34,0,Yes,Yes,Stayed
15758449,769,France,Female,39,8,£0.00,1,0,1,"£21,016.00",0,31-45,0,0,No,Yes,Stayed
15583456,745,Germany,Male,45,10,"£117,231.63",3,1,1,"£122,381.02",1,31-45,0.96,1,Yes,Yes,Churned
15667871,572,Spain,Male,35,4,"£152,390.26",1,1,0,"£128,123.66",0,31-45,1.19,0,Yes,No,Stayed
15677371,629,Spain,Female,30,2,"£34,013.63",1,1,0,"£19,570.63",0,18-30,1.74,0,Yes,No,Stayed
15629677,687,Spain,Female,39,2,£0.00,3,0,0,"£188,150.60",1,31-45,0,1,No,No,Churned
15713578,483,France,Female,50,9,£0.00,2,1,1,"£111,020.24",0,46-60,0,0,Yes,Yes,Stayed
15591509,690,France,Male,36,7,"£101,583.11",2,1,0,"£123,775.15",0,31-45,0.82,0,Yes,No,Stayed
15568240,492,Germany,Female,30,10,"£77,168.87",2,0,1,"£146,700.22",0,18-30,0.53,0,No,Yes,Stayed
15622993,709,Germany,Male,28,8,"£124,695.72",2,1,0,"£145,251.35",0,18-30,0.86,0,Yes,No,Stayed
15689294,705,Germany,Male,44,3,"£105,934.96",1,1,0,"£82,463.69",0,31-45,1.28,0,Yes,No,Stayed
15720910,560,France,Female,66,9,£0.00,1,1,1,"£15,928.49",0,60+,0,0,Yes,Yes,Stayed
15721181,611,Spain,Male,46,6,£0.00,2,1,0,"£45,886.33",0,46-60,0,0,Yes,No,Stayed
15776433,730,Spain,Male,62,2,£0.00,2,1,1,"£186,489.95",0,60+,0,0,Yes,Yes,Stayed
15748936,709,Spain,Female,45,2,£0.00,2,0,1,"£162,922.65",0,31-45,0,0,No,Yes,Stayed
15717225,544,France,Female,21,10,"£161,525.96",2,1,0,"£9,262.77",0,18-30,17.44,0,Yes,No,Stayed
15685226,712,Germany,Female,29,7,"£147,199.07",1,1,1,"£84,932.40",0,18-30,1.73,0,Yes,Yes,Stayed
15785611,752,Germany,Male,38,3,"£183,102.29",1,1,1,"£71,557.12",0,31-45,2.56,0,Yes,Yes,Stayed
15573456,648,Spain,Male,46,9,"£127,209.00",2,1,0,"£77,405.95",1,46-60,1.64,0,Yes,No,Churned
15684548,556,Spain,Male,38,8,£0.00,2,0,0,£417.41,1,31-45,0,0,No,No,Churned
15620505,594,Spain,Female,24,0,"£97,378.54",1,1,1,"£71,405.17",0,18-30,1.36,0,Yes,Yes,Stayed
15807432,645,Germany,Female,37,2,"£136,925.09",2,0,1,"£153,400.24",0,31-45,0.89,0,No,Yes,Stayed
15584766,557,France,Male,33,3,"£54,503.55",1,1,1,£371.05,0,31-45,146.89,0,Yes,Yes,Stayed
15612187,547,Germany,Male,32,8,"£155,726.85",1,1,0,"£67,789.99",0,31-45,2.3,0,Yes,No,Stayed
15762218,701,France,Female,39,9,£0.00,2,0,1,"£145,894.90",0,31-45,0,0,No,Yes,Stayed
15646372,616,France,Female,66,1,"£135,842.41",1,1,0,"£183,840.51",1,60+,0.74,0,Yes,No,Churned
15690452,605,France,Male,52,1,"£63,349.75",1,1,0,"£108,887.44",0,46-60,0.58,0,Yes,No,Stayed
15747795,593,Germany,Female,38,4,"£129,499.42",1,1,1,"£154,071.27",0,31-45,0.84,0,Yes,Yes,Stayed
15781589,751,Spain,Male,52,8,£0.00,2,0,1,"£179,291.85",0,46-60,0,0,No,Yes,Stayed
15732674,443,Spain,Male,36,6,"£70,438.01",2,0,1,"£56,937.43",0,31-45,1.24,0,No,Yes,Stayed
15642291,685,France,Male,23,8,£0.00,2,1,1,"£112,239.03",0,18-30,0,0,Yes,Yes,Stayed
15692761,718,France,Male,36,9,£0.00,1,1,0,"£45,909.87",0,31-45,0,0,Yes,No,Stayed
15578045,538,Spain,Female,49,9,"£141,434.04",1,0,0,"£173,779.25",1,46-60,0.81,0,No,No,Churned
15745354,611,Spain,Female,37,4,£0.00,2,1,0,"£125,696.26",0,31-45,0,0,Yes,No,Stayed
15701376,668,Germany,Male,37,10,"£152,958.29",2,1,1,"£159,585.61",0,31-45,0.96,0,Yes,Yes,Stayed
15691625,537,Germany,Female,41,3,"£138,306.34",1,1,0,"£106,761.47",0,31-45,1.3,0,Yes,No,Stayed
15566594,709,Spain,Male,23,10,£0.00,2,0,0,"£129,590.18",0,18-30,0,0,No,No,Stayed
15760431,850,France,Male,38,1,£0.00,2,1,1,"£80,006.65",0,31-45,0,0,Yes,Yes,Stayed
15686302,745,Spain,Female,31,3,"£124,328.84",1,1,1,"£140,451.52",0,31-45,0.89,0,Yes,Yes,Stayed
15801559,693,Germany,Female,41,9,"£181,461.48",3,1,1,"£187,929.43",1,31-45,0.97,1,Yes,Yes,Churned
15810432,795,Spain,Male,35,8,£0.00,2,1,0,"£167,155.36",0,31-45,0,0,Yes,No,Stayed
15809616,626,Spain,Male,26,8,£0.00,2,0,0,"£191,420.71",0,18-30,0,0,No,No,Stayed
15720559,487,Germany,Female,61,5,"£110,368.03",1,0,0,"£11,384.45",1,60+,9.69,0,No,No,Churned
15695632,556,France,Female,39,9,"£89,588.35",1,1,1,"£94,898.10",0,31-45,0.94,0,Yes,Yes,Stayed
15659843,643,France,Female,46,6,£0.00,2,0,0,"£106,781.59",0,46-60,0,0,No,No,Stayed
15615624,605,France,Female,28,6,£0.00,2,0,0,"£159,508.52",0,18-30,0,0,No,No,Stayed
15810418,756,Germany,Female,60,3,"£115,924.89",1,1,0,"£93,524.19",1,46-60,1.24,0,Yes,No,Churned
15716186,586,France,Female,38,2,£0.00,2,1,0,"£87,168.46",0,31-45,0,0,Yes,No,Stayed
15674551,535,Germany,Male,40,7,"£111,756.50",1,1,0,"£8,128.32",1,31-45,13.75,0,Yes,No,Churned
15622834,678,France,Female,35,4,£0.00,1,1,0,"£125,518.32",0,31-45,0,0,Yes,No,Stayed
15566111,596,France,Male,39,9,£0.00,1,1,0,"£48,963.59",0,31-45,0,0,Yes,No,Stayed
15784597,648,France,Male,26,9,"£162,923.85",1,1,0,"£98,368.24",0,18-30,1.66,0,Yes,No,Stayed
15652883,492,Germany,Male,39,10,"£124,576.65",2,1,0,"£148,584.61",0,31-45,0.84,0,Yes,No,Stayed
15806964,702,France,Male,45,0,"£80,793.58",1,1,1,"£27,474.81",0,31-45,2.94,0,Yes,Yes,Stayed
15576313,486,Germany,Female,40,9,"£71,340.09",1,1,0,"£76,192.21",0,31-45,0.94,0,Yes,No,Stayed
15806467,568,Germany,Male,40,1,"£99,282.63",1,0,0,"£134,600.94",1,31-45,0.74,0,No,No,Churned
15597602,619,Germany,Male,57,3,"£137,946.39",1,1,1,"£72,467.99",1,46-60,1.9,0,Yes,Yes,Churned
15743040,724,Germany,Male,41,2,"£127,892.57",2,0,1,"£199,645.45",0,31-45,0.64,0,No,Yes,Stayed
15705521,548,Germany,Female,33,0,"£101,084.36",1,1,0,"£42,749.85",0,31-45,2.36,0,Yes,No,Stayed
15595039,545,Germany,Female,37,8,"£114,754.08",1,1,0,"£136,050.44",1,31-45,0.84,0,Yes,No,Churned
15799384,683,France,Male,33,8,£0.00,1,0,0,"£73,564.44",0,31-45,0,0,No,No,Stayed
15581197,762,France,Female,51,3,"£99,286.98",1,0,1,"£85,578.63",0,46-60,1.16,0,No,Yes,Stayed
15693737,627,Germany,Female,30,4,"£79,871.02",2,1,0,"£129,826.89",0,18-30,0.62,0,Yes,No,Stayed
15624623,516,France,Male,35,10,"£104,088.59",2,0,0,"£119,666.00",0,31-45,0.87,0,No,No,Stayed
15783501,800,France,Female,38,2,"£168,190.33",2,1,0,"£68,052.08",0,31-45,2.47,0,Yes,No,Stayed
15690134,464,Germany,Female,42,3,"£85,679.25",1,1,1,"£164,104.74",0,31-45,0.52,0,Yes,Yes,Stayed
15782735,626,France,Female,35,3,£0.00,1,0,0,"£80,190.36",0,31-45,0,0,No,No,Stayed
15611088,790,France,Female,31,9,£0.00,2,1,0,"£84,126.75",0,31-45,0,0,Yes,No,Stayed
15672145,534,France,Female,34,7,"£121,551.58",2,1,1,"£70,179.00",0,31-45,1.73,0,Yes,Yes,Stayed
15732628,745,France,Male,46,2,"£122,220.19",1,1,1,"£118,024.10",0,46-60,1.04,0,Yes,Yes,Stayed
15787470,553,Spain,Male,47,3,"£116,528.15",1,0,0,"£145,704.19",1,46-60,0.8,0,No,No,Churned
15803406,748,France,Female,26,1,"£77,780.29",1,0,1,"£183,049.41",0,18-30,0.42,0,No,Yes,Stayed
15730460,722,France,Male,37,2,£0.00,1,0,0,"£120,906.83",0,31-45,0,0,No,No,Stayed
15644572,501,France,Male,40,4,"£125,832.20",1,1,1,"£100,433.83",0,31-45,1.25,0,Yes,Yes,Stayed
15694860,675,France,Female,38,6,"£68,065.80",1,0,0,"£138,777.00",1,31-45,0.49,0,No,No,Churned
15658169,778,Spain,Female,47,6,"£127,299.34",2,1,0,"£124,694.99",0,46-60,1.02,0,Yes,No,Stayed
15794396,494,Germany,Female,38,7,"£174,937.64",1,1,0,"£40,084.32",0,31-45,4.36,0,Yes,No,Stayed
15785798,850,France,Male,40,9,£0.00,2,0,1,"£119,232.33",0,31-45,0,0,No,Yes,Stayed
15710825,592,Spain,Male,31,7,"£110,071.10",1,0,0,"£43,921.36",0,31-45,2.51,0,No,No,Stayed
15668444,590,Spain,Female,44,3,"£139,432.37",1,1,0,"£62,222.81",0,31-45,2.24,0,Yes,No,Stayed
15726631,758,France,Female,39,6,"£127,357.76",1,0,1,"£56,577.00",0,31-45,2.25,0,No,Yes,Stayed
15733797,506,France,Male,36,5,£0.00,2,1,0,"£164,253.35",0,31-45,0,0,Yes,No,Stayed
15747960,733,France,Male,33,3,£0.00,1,1,1,"£7,666.73",0,31-45,0,0,Yes,Yes,Stayed
15634632,711,France,Male,38,3,£0.00,2,1,0,"£68,487.51",0,31-45,0,0,Yes,No,Stayed
15707362,514,Germany,Male,43,1,"£95,556.31",1,0,1,"£199,273.98",1,31-45,0.48,0,No,Yes,Churned
15662976,637,Spain,Male,37,8,£0.00,1,1,1,"£186,062.36",0,31-45,0,0,Yes,Yes,Stayed
15732778,468,Germany,Male,29,1,"£111,681.98",2,1,1,"£195,711.16",0,18-30,0.57,0,Yes,Yes,Stayed
15718443,539,France,Male,39,3,£0.00,2,1,0,"£36,692.17",0,31-45,0,0,Yes,No,Stayed
15670039,509,Spain,Female,25,3,"£108,738.71",2,1,0,"£106,920.57",0,18-30,1.02,0,Yes,No,Stayed
15773792,662,France,Female,32,4,"£133,950.37",1,1,1,"£48,725.68",1,31-45,2.75,0,Yes,Yes,Churned
15613786,818,Spain,Male,26,4,£0.00,2,1,1,"£167,036.94",0,18-30,0,0,Yes,Yes,Stayed
15726032,608,France,Male,33,9,"£89,968.69",1,1,0,"£68,777.26",0,31-45,1.31,0,Yes,No,Stayed
15663252,850,Spain,Female,32,9,£0.00,2,1,1,"£18,924.92",0,31-45,0,0,Yes,Yes,Stayed
15593782,816,Germany,Female,38,5,"£130,878.75",3,1,0,"£71,905.77",1,31-45,1.82,1,Yes,No,Churned
15633283,536,France,Male,35,8,£0.00,2,1,0,"£64,833.28",0,31-45,0,0,Yes,No,Stayed
15749167,753,France,Male,35,3,£0.00,2,1,1,"£184,843.77",0,31-45,0,0,Yes,Yes,Stayed
15759298,631,Spain,Male,27,10,"£134,169.62",1,1,1,"£176,730.02",0,18-30,0.76,0,Yes,Yes,Stayed
15683625,703,France,Male,37,1,"£149,762.08",1,1,0,"£20,629.40",1,31-45,7.26,0,Yes,No,Churned
15635367,774,France,Male,26,2,"£93,844.69",1,1,0,"£28,415.36",0,18-30,3.3,0,Yes,No,Stayed
15681705,785,France,Male,28,8,£0.00,2,1,0,"£77,231.27",0,18-30,0,0,Yes,No,Stayed
15603156,571,France,Female,33,1,£0.00,2,1,0,"£102,750.70",0,31-45,0,0,Yes,No,Stayed
15591986,621,Germany,Male,46,6,"£141,078.37",1,0,0,"£34,580.80",1,46-60,4.08,0,No,No,Churned
15798888,605,Germany,Female,31,1,"£117,992.59",1,1,1,"£183,598.77",0,31-45,0.64,0,Yes,Yes,Stayed
15809722,611,France,Female,40,8,"£100,812.33",2,1,0,"£147,358.27",0,31-45,0.68,0,Yes,No,Stayed
15677538,569,France,Male,38,7,£0.00,1,1,1,"£108,469.20",0,31-45,0,0,Yes,Yes,Stayed
15797736,658,France,Male,29,4,"£80,262.60",1,1,1,"£20,612.82",0,18-30,3.89,0,Yes,Yes,Stayed
15695585,788,Spain,Male,34,6,"£156,478.62",1,0,1,"£181,196.76",0,31-45,0.86,0,No,Yes,Stayed
15744398,525,France,Female,23,5,£0.00,2,1,0,"£160,249.10",0,18-30,0,0,Yes,No,Stayed
15750658,798,France,Male,37,8,£0.00,3,0,0,"£110,783.28",0,31-45,0,1,No,No,Stayed
15578186,486,Germany,Male,37,9,"£115,217.99",2,1,0,"£144,995.33",0,31-45,0.79,0,Yes,No,Stayed
15676519,615,Spain,Male,61,9,£0.00,2,1,0,"£150,227.85",1,60+,0,0,Yes,No,Churned
15637954,730,France,Female,35,0,"£155,470.55",1,1,1,"£53,718.28",0,31-45,2.89,0,Yes,Yes,Stayed
15758639,641,France,Male,37,7,£0.00,2,1,0,"£75,248.30",0,31-45,0,0,Yes,No,Stayed
15613772,542,France,Male,39,3,"£135,096.77",1,1,1,"£14,353.43",1,31-45,9.41,0,Yes,Yes,Churned
15731744,692,France,Male,30,2,£0.00,2,0,1,"£130,486.57",0,18-30,0,0,No,Yes,Stayed
15807709,714,Germany,Female,55,9,"£180,075.22",1,1,1,"£100,127.71",0,46-60,1.8,0,Yes,Yes,Stayed
15714689,591,Spain,Male,29,1,"£97,541.24",1,1,1,"£196,356.17",0,18-30,0.5,0,Yes,Yes,Stayed
15699005,710,France,Female,41,2,"£156,067.05",1,1,1,"£9,983.88",0,31-45,15.63,0,Yes,Yes,Stayed
15624170,639,France,Female,38,4,"£81,550.94",2,0,1,"£118,974.77",0,31-45,0.69,0,No,Yes,Stayed
15725679,531,France,Female,47,6,£0.00,1,0,0,"£194,998.34",1,46-60,0,0,No,No,Churned
15585865,673,France,Female,38,2,"£170,061.92",2,0,0,"£134,901.34",1,31-45,1.26,0,No,No,Churned
15804256,765,Germany,Male,36,8,"£92,310.54",2,1,1,"£72,924.56",0,31-45,1.27,0,Yes,Yes,Stayed
15662403,622,France,Female,32,6,"£169,089.38",2,1,0,"£101,057.95",0,31-45,1.67,0,Yes,No,Stayed
15733616,806,France,Male,40,5,"£80,613.93",1,1,1,"£142,838.64",0,31-45,0.56,0,Yes,Yes,Stayed
15591995,757,Germany,Male,26,8,"£121,581.56",2,1,1,"£127,059.04",0,18-30,0.96,0,Yes,Yes,Stayed
15677020,570,France,Female,58,8,£0.00,1,0,1,"£116,503.92",1,46-60,0,0,No,Yes,Churned
15727688,555,Spain,Male,32,4,£0.00,2,1,1,"£54,405.79",0,31-45,0,0,Yes,Yes,Stayed
15715941,692,France,Male,54,5,£0.00,2,1,1,"£88,721.84",0,46-60,0,0,Yes,Yes,Stayed
15714485,774,France,Male,60,5,"£85,891.55",1,1,0,"£74,135.48",1,46-60,1.16,0,Yes,No,Churned
15730059,638,Spain,Male,44,9,"£77,637.35",2,1,1,"£111,346.22",0,31-45,0.7,0,Yes,Yes,Stayed
15715527,543,Spain,Female,41,4,£0.00,1,0,0,"£194,902.16",0,31-45,0,0,No,No,Stayed
15576623,584,France,Male,31,5,£0.00,2,1,0,"£31,474.27",0,31-45,0,0,Yes,No,Stayed
15805565,691,Germany,Male,30,7,"£116,927.89",1,1,0,"£21,198.39",0,18-30,5.52,0,Yes,No,Stayed
15677307,684,Germany,Female,40,6,"£137,326.65",1,1,0,"£186,976.60",0,31-45,0.73,0,Yes,No,Stayed
15773890,733,France,Male,22,5,£0.00,2,1,1,"£117,202.19",0,18-30,0,0,Yes,Yes,Stayed
15598883,599,Spain,Female,37,2,£0.00,2,1,1,"£143,739.29",0,31-45,0,0,Yes,Yes,Stayed
15568506,524,Germany,Female,31,10,"£67,238.98",2,1,1,"£161,811.23",0,31-45,0.42,0,Yes,Yes,Stayed
15761043,632,Germany,Female,38,6,"£86,569.76",2,1,0,"£98,090.91",0,31-45,0.88,0,Yes,No,Stayed
15782236,735,Spain,Male,34,5,£0.00,2,0,0,"£71,095.41",0,31-45,0,0,No,No,Stayed
15593601,734,France,Male,34,6,"£133,598.40",1,1,1,"£13,107.24",0,31-45,10.19,0,Yes,Yes,Stayed
15682048,605,France,Female,51,3,"£136,188.78",1,1,1,"£67,110.59",1,46-60,2.03,0,Yes,Yes,Churned
15746902,793,Spain,Male,38,9,£0.00,2,1,0,"£88,225.02",0,31-45,0,0,Yes,No,Stayed
15752081,468,France,Female,56,10,£0.00,3,0,1,"£62,256.87",1,46-60,0,1,No,Yes,Churned
15781307,779,Germany,Male,37,7,"£120,092.52",2,1,0,"£135,925.72",0,31-45,0.88,0,Yes,No,Stayed
15775912,698,France,Male,48,4,"£101,238.24",2,0,1,"£177,815.87",1,46-60,0.57,0,No,Yes,Churned
15745417,707,France,Male,58,6,"£89,685.92",1,0,1,"£126,471.13",0,46-60,0.71,0,No,Yes,Stayed
15671256,850,France,Female,35,1,"£211,774.31",1,1,0,"£188,574.12",1,31-45,1.12,0,Yes,No,Churned
15653547,850,France,Male,56,7,"£131,317.48",1,1,1,"£119,175.45",0,46-60,1.1,0,Yes,Yes,Stayed
15595766,527,Spain,Male,37,5,"£93,722.73",2,1,1,"£139,093.73",0,31-45,0.67,0,Yes,Yes,Stayed
15742358,696,Germany,Male,32,8,"£101,160.99",1,1,1,"£115,916.55",0,31-45,0.87,0,Yes,Yes,Stayed
15763274,661,France,Male,48,3,"£120,320.54",1,0,0,"£96,463.25",0,46-60,1.25,0,No,No,Stayed
15786063,776,France,Female,31,2,£0.00,2,1,1,"£112,349.51",0,31-45,0,0,Yes,Yes,Stayed
15600258,701,France,Male,43,2,£0.00,2,1,1,"£165,303.79",0,31-45,0,0,Yes,Yes,Stayed
15573318,610,France,Male,26,8,£0.00,2,1,0,"£166,031.08",0,18-30,0,0,Yes,No,Stayed
15653849,572,Germany,Female,48,3,"£152,827.99",1,1,0,"£38,411.79",1,46-60,3.98,0,Yes,No,Churned
15694272,673,France,Male,30,1,"£64,097.75",1,1,1,"£77,783.35",0,18-30,0.82,0,Yes,Yes,Stayed
15736112,519,Spain,Female,57,2,"£119,035.35",2,1,1,"£29,871.79",0,46-60,3.98,0,Yes,Yes,Stayed
15749851,702,Spain,Female,26,4,"£135,219.57",1,0,1,"£59,747.63",0,18-30,2.26,0,No,Yes,Stayed
15663478,729,France,Male,32,6,"£93,694.42",1,1,1,"£79,919.13",0,31-45,1.17,0,Yes,Yes,Stayed
15592300,543,Spain,Male,35,10,"£59,408.63",1,1,0,"£76,773.53",0,31-45,0.77,0,Yes,No,Stayed
15567832,550,France,Female,40,7,"£114,354.95",1,1,0,"£54,018.93",0,31-45,2.12,0,Yes,No,Stayed
15776780,608,France,Male,59,1,£0.00,1,1,0,"£70,649.64",1,46-60,0,0,Yes,No,Churned
15592846,639,Germany,Male,35,10,"£128,173.90",2,1,0,"£59,093.39",0,31-45,2.17,0,Yes,No,Stayed
15739803,686,Spain,Male,34,9,£0.00,2,1,0,"£127,569.80",0,31-45,0,0,Yes,No,Stayed
15794142,564,Germany,Female,62,5,"£114,931.35",3,0,1,"£18,260.98",1,60+,6.29,1,No,Yes,Churned
15762729,745,Germany,Female,28,1,"£111,071.36",1,1,0,"£73,275.96",1,18-30,1.52,0,Yes,No,Churned
15667896,833,France,Male,37,8,"£151,226.18",2,1,1,"£136,129.49",0,31-45,1.11,0,Yes,Yes,Stayed
15626578,622,France,Male,26,9,£0.00,2,1,1,"£153,237.59",0,18-30,0,0,Yes,Yes,Stayed
15776223,597,France,Female,42,4,"£64,740.12",1,1,1,"£106,841.12",0,31-45,0.61,0,Yes,Yes,Stayed
15705953,721,Spain,Male,51,0,"£169,312.13",1,1,0,"£109,078.35",1,46-60,1.55,0,Yes,No,Churned
15802593,504,France,Female,49,7,£0.00,3,0,1,"£87,822.14",1,46-60,0,1,No,Yes,Churned
15615457,842,Spain,Female,44,2,"£112,652.08",2,1,0,"£126,644.98",0,31-45,0.89,0,Yes,No,Stayed
15708916,587,France,Male,38,0,£0.00,2,1,0,"£47,414.15",0,31-45,0,0,Yes,No,Stayed
15720187,479,Germany,Female,30,7,"£143,964.36",2,1,0,"£41,879.99",0,18-30,3.44,0,Yes,No,Stayed
15595440,508,France,Male,49,7,"£122,451.46",2,1,1,"£75,808.10",0,46-60,1.62,0,Yes,Yes,Stayed
15600651,749,France,Male,24,1,£0.00,3,1,1,"£47,911.03",0,18-30,0,1,Yes,Yes,Stayed
15750141,721,Germany,Female,36,3,"£65,253.07",2,1,0,"£28,737.78",0,31-45,2.27,0,Yes,No,Stayed
15657284,674,Germany,Male,47,6,"£106,901.94",1,1,1,"£2,079.20",1,46-60,51.41,0,Yes,Yes,Churned
15763063,685,Spain,Female,25,10,"£128,509.63",1,1,0,"£121,562.33",0,18-30,1.06,0,Yes,No,Stayed
15709324,417,France,Male,34,7,£0.00,2,1,0,"£55,003.79",0,31-45,0,0,Yes,No,Stayed
15711309,574,Germany,Male,33,3,"£129,834.67",1,1,0,"£193,131.42",0,31-45,0.67,0,Yes,No,Stayed
15775318,590,Spain,Female,51,3,"£154,962.99",3,0,1,"£191,932.27",1,46-60,0.81,1,No,Yes,Churned
15705515,587,Germany,Male,40,5,"£138,241.90",2,1,0,"£159,418.10",0,31-45,0.87,0,Yes,No,Stayed
15634844,598,Germany,Male,41,3,"£91,536.93",1,1,0,"£191,468.78",1,31-45,0.48,0,Yes,No,Churned
15717046,741,Spain,Male,53,3,£0.00,2,1,1,"£38,913.68",0,46-60,0,0,Yes,Yes,Stayed
15571816,850,Spain,Female,70,5,£0.00,1,1,1,£705.18,0,60+,0,0,Yes,Yes,Stayed
15670080,584,Germany,Female,29,7,"£105,204.01",1,0,1,"£138,490.03",0,18-30,0.76,0,No,Yes,Stayed
15800440,650,Spain,Male,61,1,"£152,968.73",1,0,1,"£82,970.69",0,60+,1.84,0,No,Yes,Stayed
15665678,607,Spain,Male,36,8,"£158,261.68",1,1,1,"£76,744.72",0,31-45,2.06,0,Yes,Yes,Stayed
15665956,509,France,Female,46,1,£0.00,1,1,0,"£71,244.59",1,46-60,0,0,Yes,No,Churned
15788126,689,Spain,Female,38,6,"£121,021.05",1,1,1,"£12,182.15",0,31-45,9.93,0,Yes,Yes,Stayed
15811773,543,France,Male,36,4,£0.00,2,1,1,"£141,210.50",0,31-45,0,0,Yes,Yes,Stayed
15651674,438,Spain,Female,54,2,£0.00,1,0,0,"£191,763.07",1,46-60,0,0,No,No,Churned
15689614,687,Spain,Female,63,1,"£137,715.66",1,1,1,"£37,938.74",0,60+,3.63,0,Yes,Yes,Stayed
15795564,737,Germany,Male,31,5,"£121,192.22",2,1,1,"£74,890.58",0,31-45,1.62,0,Yes,Yes,Stayed
15706647,761,France,Male,31,7,£0.00,3,1,1,"£166,698.18",0,31-45,0,1,Yes,Yes,Stayed
15728505,601,France,Male,44,1,"£100,486.18",2,1,1,"£62,678.53",0,31-45,1.6,0,Yes,Yes,Stayed
15730076,651,France,Male,45,1,£0.00,1,1,0,"£67,740.08",1,31-45,0,0,Yes,No,Churned
15622003,745,France,Male,35,9,"£92,566.53",2,1,0,"£161,519.77",0,31-45,0.57,0,Yes,No,Stayed
15607312,648,Spain,Female,49,10,£0.00,2,1,1,"£159,835.78",1,46-60,0,0,Yes,Yes,Churned
15644753,848,Spain,Male,40,3,"£110,929.96",1,1,1,"£30,876.84",0,31-45,3.59,0,Yes,Yes,Stayed
15653620,546,France,Female,27,8,£0.00,2,1,1,"£14,858.10",0,18-30,0,0,Yes,Yes,Stayed
15761986,439,Spain,Female,32,3,"£138,901.61",1,1,0,"£75,685.97",0,31-45,1.84,0,Yes,No,Stayed
15633922,755,France,Male,30,4,"£123,217.66",2,0,1,"£144,183.10",0,18-30,0.85,0,No,Yes,Stayed
15734674,593,France,Female,41,6,£0.00,1,1,0,"£65,170.66",0,31-45,0,0,Yes,No,Stayed
15658032,701,France,Male,39,2,£0.00,2,1,1,"£82,526.92",0,31-45,0,0,Yes,Yes,Stayed
15692671,701,Spain,Male,36,8,£0.00,2,1,0,"£169,161.46",0,31-45,0,0,Yes,No,Stayed
15737741,607,Spain,Female,33,2,"£108,431.87",2,0,1,"£109,291.39",1,31-45,0.99,0,No,Yes,Churned
15576352,586,Spain,Female,57,3,£0.00,2,0,1,"£6,057.81",0,46-60,0,0,No,Yes,Stayed
15753719,547,Germany,Female,30,9,"£72,392.41",1,1,0,"£77,077.14",0,18-30,0.94,0,Yes,No,Stayed
15803689,647,Germany,Female,51,1,"£119,741.77",2,0,0,"£54,954.51",1,46-60,2.18,0,No,No,Churned
15718057,760,France,Female,51,2,"£100,946.71",1,0,0,"£179,614.80",1,46-60,0.56,0,No,No,Churned
15722010,621,Spain,Male,53,9,"£170,491.84",1,1,0,"£35,588.07",1,46-60,4.79,0,Yes,No,Churned
15680998,725,France,Male,44,5,£0.00,1,1,1,"£117,356.14",0,31-45,0,0,Yes,Yes,Stayed
15614782,526,France,Male,36,1,£0.00,1,1,0,"£160,696.72",0,31-45,0,0,Yes,No,Stayed
15591047,519,Spain,Female,47,6,"£157,296.02",2,0,0,"£147,278.43",1,46-60,1.07,0,No,No,Churned
15788291,713,Germany,Female,38,7,"£144,606.22",1,1,1,"£56,594.36",1,31-45,2.56,0,Yes,Yes,Churned
15604044,700,France,Male,38,8,"£134,811.30",1,1,0,"£1,299.75",0,31-45,103.72,0,Yes,No,Stayed
15679587,666,France,Female,34,9,"£115,897.12",1,1,1,"£25,095.03",0,31-45,4.62,0,Yes,Yes,Stayed
15775153,630,Spain,Male,32,4,"£82,034.00",1,0,0,"£146,326.45",0,31-45,0.56,0,No,No,Stayed
15603925,779,Spain,Female,26,4,"£174,318.13",2,0,1,"£38,296.21",0,18-30,4.55,0,No,Yes,Stayed
15680970,611,Germany,Female,41,2,"£114,206.84",1,1,0,"£164,061.60",0,31-45,0.7,0,Yes,No,Stayed
15697183,685,Spain,Male,43,9,£0.00,2,1,0,"£107,811.28",0,31-45,0,0,Yes,No,Stayed
15567446,646,Germany,Male,39,9,"£111,574.41",1,1,1,"£30,838.51",0,31-45,3.62,0,Yes,Yes,Stayed
15637476,683,Germany,Female,57,5,"£162,448.69",1,0,0,"£9,221.78",1,46-60,17.62,0,No,No,Churned
15714939,484,Germany,Female,34,4,"£148,249.54",1,0,1,"£33,738.27",0,31-45,4.39,0,No,Yes,Stayed
15683503,601,France,Female,43,8,£0.00,3,0,1,"£110,916.15",1,31-45,0,1,No,Yes,Churned
15645569,762,Spain,Female,26,7,"£123,709.46",2,1,1,"£169,654.57",0,18-30,0.73,0,Yes,Yes,Stayed
15782569,687,France,Female,72,9,£0.00,1,0,1,"£69,829.40",0,60+,0,0,No,Yes,Stayed
15592387,566,France,Male,30,5,£0.00,1,1,0,"£54,926.51",1,18-30,0,0,Yes,No,Churned
15609286,702,France,Male,37,10,"£150,525.80",1,1,1,"£94,728.49",0,31-45,1.59,0,Yes,Yes,Stayed
15814035,601,France,Male,29,9,£0.00,1,1,1,"£80,393.27",0,18-30,0,0,Yes,Yes,Stayed
15661249,699,France,Male,53,4,£0.00,2,0,1,"£111,307.98",0,46-60,0,0,No,Yes,Stayed
15629117,584,France,Male,28,10,£0.00,2,1,0,"£19,834.32",0,18-30,0,0,Yes,No,Stayed
15607170,699,France,Male,35,5,£0.00,2,1,1,"£78,397.24",0,31-45,0,0,Yes,Yes,Stayed
15586585,698,Germany,Female,51,2,"£111,018.98",1,1,0,"£86,410.28",0,46-60,1.28,0,Yes,No,Stayed
15686611,495,France,Male,30,10,"£129,755.99",1,0,0,"£172,749.65",0,18-30,0.75,0,No,No,Stayed
15603203,650,France,Female,27,6,£0.00,2,1,0,"£1,002.39",0,18-30,0,0,Yes,No,Stayed
15619857,605,France,Female,64,2,"£129,555.70",1,1,1,"£13,601.79",0,60+,9.52,0,Yes,Yes,Stayed
15805062,667,Spain,Male,38,1,"£87,202.38",1,1,1,"£77,866.91",0,31-45,1.12,0,Yes,Yes,Stayed
15660271,688,Germany,Male,26,8,"£146,133.39",1,1,1,"£175,296.76",0,18-30,0.83,0,Yes,Yes,Stayed
15745295,727,Spain,Female,31,0,£0.00,1,1,0,"£121,751.04",1,31-45,0,0,Yes,No,Churned
15719352,754,Spain,Male,39,6,"£170,184.99",2,1,0,"£89,593.26",0,31-45,1.9,0,Yes,No,Stayed
15766575,612,Germany,Female,62,8,"£140,745.33",1,1,0,"£193,437.89",1,60+,0.73,0,Yes,No,Churned
15594594,546,Spain,Male,42,7,"£139,070.51",1,1,1,"£86,945.00",0,31-45,1.6,0,Yes,Yes,Stayed
15646161,673,Spain,Female,37,8,£0.00,2,1,1,"£183,318.79",0,31-45,0,0,Yes,Yes,Stayed
15682585,593,France,Male,35,9,"£114,193.24",1,1,0,"£71,154.10",0,31-45,1.6,0,Yes,No,Stayed
15603134,656,Spain,Female,40,10,"£167,878.50",1,0,1,"£151,887.16",0,31-45,1.11,0,No,Yes,Stayed
15636444,535,Germany,Female,53,5,"£141,616.55",2,1,1,"£75,888.65",0,46-60,1.87,0,Yes,Yes,Stayed
15773456,678,Germany,Male,36,3,"£145,747.67",2,0,1,"£89,566.74",0,31-45,1.63,0,No,Yes,Stayed
15745307,477,Spain,Female,48,2,"£129,120.64",1,0,1,"£26,475.79",0,46-60,4.88,0,No,Yes,Stayed
15604119,850,Spain,Male,35,7,"£110,349.82",1,0,0,"£126,355.80",0,31-45,0.87,0,No,No,Stayed
15626900,427,France,Male,29,1,"£141,325.56",1,1,1,"£93,839.30",0,18-30,1.51,0,Yes,Yes,Stayed
15605447,752,France,Male,49,2,"£78,653.84",1,1,0,"£7,698.60",0,46-60,10.22,0,Yes,No,Stayed
15589030,649,France,Male,47,1,£0.00,2,1,1,"£145,593.85",0,46-60,0,0,Yes,Yes,Stayed
15692463,799,Spain,Female,28,3,"£142,253.65",1,1,0,"£45,042.56",0,18-30,3.16,0,Yes,No,Stayed
15712403,589,France,Female,61,1,£0.00,1,1,0,"£61,108.56",1,60+,0,0,Yes,No,Churned
15811762,583,Germany,Female,54,6,"£115,988.86",1,1,0,"£57,553.98",1,46-60,2.02,0,Yes,No,Churned
15718673,839,Spain,Female,33,10,"£75,592.43",1,1,0,"£62,674.42",0,31-45,1.21,0,Yes,No,Stayed
15724282,540,Germany,Male,44,3,"£164,113.04",2,1,1,"£12,120.79",0,31-45,13.54,0,Yes,Yes,Stayed
15738181,850,France,Male,31,6,"£67,996.23",2,0,0,"£50,129.87",1,31-45,1.36,0,No,No,Churned
15633648,696,Spain,Female,51,5,£0.00,2,1,0,"£55,022.43",0,46-60,0,0,Yes,No,Stayed
15603323,660,Spain,Female,33,1,£0.00,2,0,0,"£117,834.91",0,31-45,0,0,No,No,Stayed
15583725,682,France,Male,48,1,"£138,778.15",1,0,1,"£168,840.23",0,46-60,0.82,0,No,Yes,Stayed
15588350,744,France,Female,43,10,"£147,832.15",1,0,1,"£24,234.11",0,31-45,6.1,0,No,Yes,Stayed
15798398,785,France,Female,36,4,"£135,438.40",1,0,0,"£190,627.01",0,31-45,0.71,0,No,No,Stayed
15784844,752,Spain,Male,48,5,"£116,060.08",1,1,0,"£156,618.38",1,46-60,0.74,0,Yes,No,Churned
15580684,706,France,Female,29,5,"£112,564.62",1,1,0,"£42,334.38",0,18-30,2.66,0,Yes,No,Stayed
15809663,583,France,Female,27,1,"£125,406.58",1,1,1,"£110,784.42",0,18-30,1.13,0,Yes,Yes,Stayed
15640078,660,Germany,Female,39,5,"£135,134.99",1,1,0,"£173,683.00",1,31-45,0.78,0,Yes,No,Churned
15698786,819,France,Female,39,9,"£133,102.92",1,1,0,"£27,046.46",1,31-45,4.92,0,Yes,No,Churned
15569807,673,France,Female,34,8,"£42,157.08",1,1,0,"£20,598.59",1,31-45,2.05,0,Yes,No,Churned
15730830,752,France,Female,30,3,£0.00,2,1,1,"£104,991.28",0,18-30,0,0,Yes,Yes,Stayed
15805112,578,France,Male,38,7,"£82,259.29",1,1,0,"£8,996.97",0,31-45,9.14,0,Yes,No,Stayed
15633064,438,France,Female,36,4,£0.00,2,1,0,"£64,420.50",0,31-45,0,0,Yes,No,Stayed
15703119,652,France,Male,38,6,£0.00,2,1,1,"£145,700.22",0,31-45,0,0,Yes,Yes,Stayed
15730447,629,France,Female,49,4,£0.00,2,1,1,"£196,335.48",0,46-60,0,0,Yes,Yes,Stayed
15813850,720,France,Male,52,7,£0.00,1,1,1,"£14,781.12",0,46-60,0,0,Yes,Yes,Stayed
15711889,668,France,Male,42,3,"£150,461.07",1,1,0,"£108,139.23",0,31-45,1.39,0,Yes,No,Stayed
15664610,459,Germany,Male,48,4,"£133,994.52",1,1,1,"£19,287.06",1,46-60,6.95,0,Yes,Yes,Churned
15751710,729,Spain,Male,31,8,"£164,870.81",2,1,1,"£9,567.39",0,31-45,17.23,0,Yes,Yes,Stayed
15692926,498,Germany,Male,25,8,"£121,702.73",1,1,1,"£132,210.49",0,18-30,0.92,0,Yes,Yes,Stayed
15813741,549,Spain,Male,25,6,"£193,858.20",1,0,1,"£21,600.11",0,18-30,8.97,0,No,Yes,Stayed
15698474,601,Germany,Female,54,1,"£131,039.97",2,1,1,"£199,661.50",0,46-60,0.66,0,Yes,Yes,Stayed
15568595,544,France,Male,64,9,"£113,829.45",1,1,1,"£124,341.49",0,60+,0.92,0,Yes,Yes,Stayed
15603065,751,France,Female,30,6,£0.00,2,1,0,"£15,766.10",0,18-30,0,0,Yes,No,Stayed
15592937,632,Germany,Female,41,3,"£81,877.38",1,1,1,"£33,642.21",0,31-45,2.43,0,Yes,Yes,Stayed
15699637,694,Spain,Male,57,8,"£116,326.07",1,1,1,"£117,704.65",0,46-60,0.99,0,Yes,Yes,Stayed
15667215,678,France,Male,31,2,£0.00,2,1,1,"£58,803.28",0,31-45,0,0,Yes,Yes,Stayed
15788659,695,France,Male,46,4,£0.00,2,1,1,"£137,537.22",0,46-60,0,0,Yes,Yes,Stayed
15763218,661,France,Female,41,1,£0.00,2,0,1,"£131,300.68",0,31-45,0,0,No,Yes,Stayed
15645772,661,France,Male,33,9,£0.00,2,1,1,"£84,174.81",0,31-45,0,0,Yes,Yes,Stayed
15725511,559,France,Female,31,3,"£127,070.73",1,0,1,"£160,941.78",0,31-45,0.79,0,No,Yes,Stayed
15575024,503,France,Male,29,3,£0.00,2,1,1,"£143,954.99",0,18-30,0,0,Yes,Yes,Stayed
15640825,695,Spain,Male,46,3,"£122,549.64",1,1,1,"£56,297.85",0,46-60,2.18,0,Yes,Yes,Stayed
15662397,640,France,Female,42,5,"£176,099.13",1,1,1,"£8,404.73",0,31-45,20.95,0,Yes,Yes,Stayed
15576368,624,Germany,Female,48,3,"£122,388.38",2,0,0,"£30,020.09",0,46-60,4.08,0,No,No,Stayed
15674991,667,France,Male,42,9,£0.00,2,0,1,"£58,137.42",0,31-45,0,0,No,Yes,Stayed
15721024,642,France,Male,26,0,£0.00,1,0,0,"£47,472.68",0,18-30,0,0,No,No,Stayed
15745621,640,Spain,Female,32,6,"£118,879.35",2,1,1,"£19,131.71",0,31-45,6.21,0,Yes,Yes,Stayed
15642394,529,Spain,Male,35,5,£0.00,2,1,1,"£187,288.50",0,31-45,0,0,Yes,Yes,Stayed
15754605,563,France,Female,39,5,£0.00,2,1,1,"£17,603.81",0,31-45,0,0,Yes,Yes,Stayed
15607040,593,Spain,Female,38,4,"£88,736.44",2,1,0,"£67,020.03",0,31-45,1.32,0,Yes,No,Stayed
15715142,739,Germany,Male,45,7,"£102,703.62",1,0,1,"£147,802.94",1,31-45,0.69,0,No,Yes,Churned
15810978,788,Spain,Female,70,1,£0.00,2,1,1,"£41,610.62",0,60+,0,0,Yes,Yes,Stayed
15668886,684,Spain,Female,38,3,£0.00,2,1,0,"£44,255.65",0,31-45,0,0,Yes,No,Stayed
15780804,482,France,Male,55,5,"£97,318.25",1,0,1,"£78,416.14",0,46-60,1.24,0,No,Yes,Stayed
15613880,591,Spain,Male,58,5,"£128,468.69",1,0,1,"£137,254.55",0,46-60,0.94,0,No,Yes,Stayed
15775238,651,Germany,Female,41,4,"£133,432.59",1,0,1,"£151,303.48",0,31-45,0.88,0,No,Yes,Stayed
15786905,749,Germany,Female,40,8,"£141,782.57",2,0,0,"£86,333.63",0,31-45,1.64,0,No,No,Stayed
15747867,583,France,Male,24,9,"£135,125.28",1,0,0,"£89,801.90",0,18-30,1.5,0,No,No,Stayed
15600337,661,Spain,Male,42,2,"£178,820.91",1,0,0,"£29,358.57",1,31-45,6.09,0,No,No,Churned
15801277,715,France,Female,31,2,"£112,212.14",2,1,1,"£181,600.72",0,31-45,0.62,0,Yes,Yes,Stayed
15579334,769,Germany,Female,45,5,"£126,674.81",1,1,0,"£124,118.71",1,31-45,1.02,0,Yes,No,Churned
15802741,625,France,Female,51,7,"£136,294.97",1,1,0,"£38,867.46",1,46-60,3.51,0,Yes,No,Churned
15720649,641,France,Female,36,5,"£66,392.64",1,1,0,"£31,106.67",0,31-45,2.13,0,Yes,No,Stayed
15589493,716,Germany,Male,27,1,"£122,552.34",2,1,0,"£67,611.36",0,18-30,1.81,0,Yes,No,Stayed
15688251,767,France,Male,43,1,"£76,408.85",2,1,0,"£77,837.63",0,31-45,0.98,0,Yes,No,Stayed
15665238,745,Germany,Male,36,8,"£145,071.24",1,0,0,"£6,078.46",0,31-45,23.87,0,No,No,Stayed
15740900,589,France,Male,34,6,£0.00,2,1,1,"£177,896.92",0,31-45,0,0,Yes,Yes,Stayed
15681068,796,France,Female,45,2,"£109,730.22",1,1,1,"£123,882.73",0,31-45,0.89,0,Yes,Yes,Stayed
15748625,664,France,Male,57,6,£0.00,2,1,1,"£15,304.08",0,46-60,0,0,Yes,Yes,Stayed
15727299,445,Spain,Male,62,1,"£64,119.38",1,1,1,"£76,569.64",1,60+,0.84,0,Yes,Yes,Churned
15620204,543,Germany,Female,57,1,"£106,138.33",2,1,1,"£120,657.32",1,46-60,0.88,0,Yes,Yes,Churned
15669516,746,Spain,Male,36,2,£0.00,2,1,1,"£16,436.56",0,31-45,0,0,Yes,Yes,Stayed
15736534,742,Germany,Male,33,0,"£181,656.51",1,1,1,"£107,667.91",0,31-45,1.69,0,Yes,Yes,Stayed
15803457,750,France,Female,32,5,£0.00,2,1,0,"£95,611.47",0,31-45,0,0,Yes,No,Stayed
15659098,669,France,Male,30,7,"£95,128.86",1,0,0,"£19,799.26",0,18-30,4.8,0,No,No,Stayed
15603436,594,Spain,Female,49,2,"£126,615.94",2,0,1,"£123,214.74",0,46-60,1.03,0,No,Yes,Stayed
15566292,574,Spain,Male,36,1,£0.00,2,0,1,"£71,709.12",0,31-45,0,0,No,Yes,Stayed
15808621,659,Germany,Male,36,2,"£76,190.48",2,1,1,"£149,066.14",0,31-45,0.51,0,Yes,Yes,Stayed
15580148,750,Germany,Male,40,5,"£168,286.81",3,1,0,"£20,451.99",1,31-45,8.23,1,Yes,No,Churned
15776231,626,Germany,Male,35,4,"£88,109.81",1,1,1,"£32,825.50",0,31-45,2.68,0,Yes,Yes,Stayed
15773809,620,France,Male,42,4,£0.00,2,1,0,"£6,232.31",0,31-45,0,0,Yes,No,Stayed
15649423,580,France,Female,35,8,£0.00,2,0,1,"£10,357.03",0,31-45,0,0,No,Yes,Stayed
15734886,686,France,Female,34,3,"£123,971.51",2,1,0,"£147,794.63",0,31-45,0.84,0,Yes,No,Stayed
15722548,540,France,Male,48,0,"£148,116.48",1,0,0,"£116,973.48",0,46-60,1.27,0,No,No,Stayed
15650288,634,Germany,Male,35,6,"£116,269.01",1,1,0,"£129,964.94",0,31-45,0.89,0,Yes,No,Stayed
15629448,632,Spain,Male,38,1,"£120,599.21",1,1,0,"£92,816.86",0,31-45,1.3,0,Yes,No,Stayed
15716164,501,France,Female,41,3,"£144,260.50",1,1,0,"£172,114.67",0,31-45,0.84,0,Yes,No,Stayed
15807609,650,Spain,Female,25,3,"£86,605.50",3,1,0,"£16,649.31",1,18-30,5.2,1,Yes,No,Churned
15578977,786,France,Male,34,9,£0.00,2,1,0,"£144,517.19",0,31-45,0,0,Yes,No,Stayed
15677369,554,Germany,Female,37,4,"£58,629.97",1,0,0,"£182,038.60",0,31-45,0.32,0,No,No,Stayed
15804072,701,Spain,Female,42,5,£0.00,2,0,0,"£24,210.56",0,31-45,0,0,No,No,Stayed
15696859,474,France,Male,45,10,£0.00,2,0,0,"£172,175.90",0,31-45,0,0,No,No,Stayed
15653780,621,France,Female,43,5,£0.00,1,1,1,"£47,578.45",0,31-45,0,0,Yes,Yes,Stayed
15721658,672,Spain,Female,56,2,"£209,767.31",2,1,1,"£150,694.42",1,46-60,1.39,0,Yes,Yes,Churned
15578761,459,Spain,Female,42,6,"£129,634.25",2,1,1,"£177,683.02",1,31-45,0.73,0,Yes,Yes,Churned
15736879,669,France,Male,23,1,£0.00,2,0,0,"£66,088.83",0,18-30,0,0,No,No,Stayed
15571973,776,France,Female,38,2,"£169,824.46",1,1,0,"£169,291.70",0,31-45,1,0,Yes,No,Stayed
15626742,694,France,Male,36,3,"£97,530.25",1,1,1,"£117,140.41",0,31-45,0.83,0,Yes,Yes,Stayed
15672692,787,France,Female,42,10,"£145,988.65",2,1,1,"£79,510.37",0,31-45,1.84,0,Yes,Yes,Stayed
15673570,580,France,Male,37,9,£0.00,2,0,1,"£77,108.66",0,31-45,0,0,No,Yes,Stayed
15767432,711,France,Female,25,7,£0.00,3,1,1,"£9,679.28",0,18-30,0,1,Yes,Yes,Stayed
15654238,673,France,Female,40,5,"£137,494.28",1,1,0,"£81,753.92",0,31-45,1.68,0,Yes,No,Stayed
15612525,499,France,Female,57,1,£0.00,1,0,0,"£131,372.38",1,46-60,0,0,No,No,Churned
15812750,591,France,Male,24,6,"£147,360.00",1,1,1,"£25,310.82",0,18-30,5.82,0,Yes,Yes,Stayed
15790757,769,France,Female,25,10,£0.00,2,0,0,"£187,925.75",0,18-30,0,0,No,No,Stayed
15723873,657,Spain,Male,31,3,"£125,167.02",1,0,0,"£98,820.39",0,31-45,1.27,0,No,No,Stayed
15744607,738,Germany,Male,43,9,"£121,152.05",2,1,0,"£64,166.70",1,31-45,1.89,0,Yes,No,Churned
15612966,545,Germany,Female,60,7,"£128,981.07",1,0,1,"£176,924.21",1,46-60,0.73,0,No,Yes,Churned
15784209,497,France,Male,47,6,£0.00,1,1,1,"£90,055.08",0,46-60,0,0,Yes,Yes,Stayed
15794278,816,Spain,Male,67,6,"£151,858.98",1,1,1,"£72,814.31",0,60+,2.09,0,Yes,Yes,Stayed
15766741,525,France,Male,36,2,"£114,628.40",1,0,1,"£168,290.06",0,31-45,0.68,0,No,Yes,Stayed
15661036,725,France,Male,46,6,£0.00,2,1,0,"£161,767.38",0,46-60,0,0,Yes,No,Stayed
15705639,692,France,Female,28,8,"£95,059.02",2,1,0,"£44,420.18",0,18-30,2.14,0,Yes,No,Stayed
15637414,618,France,Female,24,7,"£128,736.39",1,0,1,"£37,147.61",0,18-30,3.47,0,No,Yes,Stayed
15716835,546,France,Male,24,8,"£156,325.38",1,1,1,"£125,381.02",0,18-30,1.25,0,Yes,Yes,Stayed
15696231,635,France,Male,29,7,"£105,405.97",1,1,1,"£149,853.89",0,18-30,0.7,0,Yes,Yes,Stayed
15641675,611,France,Female,49,2,"£88,915.37",3,0,0,"£161,435.02",1,46-60,0.55,1,No,No,Churned
15670755,650,France,Male,60,8,£0.00,2,1,1,"£102,925.76",0,46-60,0,0,Yes,Yes,Stayed
15640059,606,France,Male,40,5,£0.00,2,1,1,"£70,899.27",0,31-45,0,0,Yes,Yes,Stayed
15787619,844,France,Male,18,2,"£160,980.03",1,0,0,"£145,936.28",0,18-30,1.1,0,No,No,Stayed
15587535,450,Spain,Female,46,5,"£177,619.71",1,1,0,"£54,227.06",0,46-60,3.28,0,Yes,No,Stayed
15813034,727,Spain,Male,38,2,"£62,276.99",1,1,1,"£59,280.79",0,31-45,1.05,0,Yes,Yes,Stayed
15698839,460,Germany,Male,46,4,"£127,559.97",2,1,1,"£126,952.50",0,46-60,1,0,Yes,Yes,Stayed
15790314,649,France,Male,41,0,£0.00,2,0,1,"£130,567.02",0,31-45,0,0,No,Yes,Stayed
15634245,758,Germany,Female,47,9,"£95,523.16",1,1,0,"£73,294.48",0,46-60,1.3,0,Yes,No,Stayed
15677305,490,France,Female,35,7,"£107,749.03",1,1,1,"£3,937.37",0,31-45,27.37,0,Yes,Yes,Stayed
15661526,815,Germany,Male,37,2,"£110,777.26",2,1,0,"£2,383.59",0,31-45,46.47,0,Yes,No,Stayed
15685997,838,Spain,Female,39,5,"£166,733.92",2,1,0,"£14,279.44",0,31-45,11.68,0,Yes,No,Stayed
15660101,803,France,Male,31,9,"£157,120.86",2,1,0,"£141,300.53",0,31-45,1.11,0,Yes,No,Stayed
15637979,664,Germany,Female,36,2,"£127,160.78",2,1,0,"£78,140.75",0,31-45,1.63,0,Yes,No,Stayed
15815364,736,Spain,Female,28,2,£0.00,2,1,1,"£117,431.10",0,18-30,0,0,Yes,Yes,Stayed
15647099,633,France,Female,37,9,"£156,091.97",1,1,0,"£72,008.61",0,31-45,2.17,0,Yes,No,Stayed
15625944,664,France,Male,58,5,"£98,668.18",1,1,1,"£60,887.58",0,46-60,1.62,0,Yes,Yes,Stayed
15583212,600,France,Female,43,5,"£134,022.06",1,1,0,"£194,764.83",0,31-45,0.69,0,Yes,No,Stayed
15582741,693,France,Female,35,5,"£124,151.09",1,1,0,"£88,705.14",1,31-45,1.4,0,Yes,No,Churned
15637876,663,Germany,Female,36,6,"£77,253.50",1,0,0,"£35,817.97",1,31-45,2.16,0,No,No,Churned
15622750,742,Germany,Female,21,1,"£114,292.48",1,1,0,"£31,520.40",0,18-30,3.63,0,Yes,No,Stayed
15672056,710,Germany,Male,43,2,"£140,080.32",3,1,1,"£157,908.19",1,31-45,0.89,1,Yes,Yes,Churned
15812351,710,Spain,Female,27,2,"£135,277.96",1,1,0,"£142,200.15",0,18-30,0.95,0,Yes,No,Stayed
15810864,700,France,Female,82,2,£0.00,2,0,1,"£182,055.36",0,60+,0,0,No,Yes,Stayed
15677921,720,Germany,Male,60,9,"£115,920.62",2,0,0,"£157,552.08",1,46-60,0.74,0,No,No,Churned
15724296,684,Spain,Male,41,2,"£119,782.72",2,0,0,"£120,284.67",0,31-45,1,0,No,No,Stayed
15685329,531,France,Female,63,1,"£114,715.71",1,0,1,"£24,506.95",1,60+,4.68,0,No,Yes,Churned
15584091,742,Germany,Female,36,2,"£129,748.54",2,0,0,"£47,271.61",1,31-45,2.74,0,No,No,Churned
15640442,717,France,Male,31,4,"£129,722.57",1,0,0,"£41,176.60",0,31-45,3.15,0,No,No,Stayed
15639314,589,France,Male,32,2,£0.00,2,0,1,"£9,468.64",0,31-45,0,0,No,Yes,Stayed
15685320,767,France,Male,36,3,"£139,180.20",1,0,0,"£123,880.19",0,31-45,1.12,0,No,No,Stayed
15789158,636,Germany,Male,49,6,"£113,599.74",2,1,0,"£158,887.09",1,46-60,0.71,0,Yes,No,Churned
15752137,648,France,Male,33,7,"£134,944.00",1,1,1,"£117,036.38",0,31-45,1.15,0,Yes,Yes,Stayed
15712551,622,Germany,Female,58,7,"£116,922.25",1,1,0,"£120,415.61",1,46-60,0.97,0,Yes,No,Churned
15628936,692,Spain,Male,28,9,"£118,945.09",1,0,0,"£16,064.25",1,18-30,7.4,0,No,No,Churned
15797227,754,France,Male,28,8,£0.00,2,1,1,"£52,615.62",0,18-30,0,0,Yes,Yes,Stayed
15769974,679,Spain,Female,35,8,"£119,182.73",1,0,0,"£121,210.09",0,31-45,0.98,0,No,No,Stayed
15737051,639,France,Male,27,8,£0.00,2,1,0,"£192,247.35",0,18-30,0,0,Yes,No,Stayed
15585595,774,France,Female,28,1,"£71,264.02",2,0,1,"£68,759.57",0,18-30,1.04,0,No,Yes,Stayed
15654060,517,France,Male,41,2,£0.00,2,0,1,"£75,937.47",0,31-45,0,0,No,Yes,Stayed
15745196,571,France,Female,35,8,£0.00,2,0,0,"£84,569.13",0,31-45,0,0,No,No,Stayed
15571221,747,Germany,Male,58,7,"£116,313.57",1,1,1,"£190,696.35",1,46-60,0.61,0,Yes,Yes,Churned
15660155,792,Spain,Male,36,5,"£92,140.15",1,0,1,"£67,468.67",0,31-45,1.37,0,No,Yes,Stayed
15605284,688,France,Male,26,1,£0.00,2,1,1,"£104,435.94",0,18-30,0,0,Yes,Yes,Stayed
15694366,714,Germany,Male,42,2,"£177,640.09",1,0,1,"£47,166.55",0,31-45,3.77,0,No,Yes,Stayed
15600739,562,Spain,Female,35,0,£0.00,2,1,0,"£119,899.52",0,31-45,0,0,Yes,No,Stayed
15653253,704,Spain,Male,48,8,"£167,997.60",1,1,1,"£173,498.45",0,46-60,0.97,0,Yes,Yes,Stayed
15763431,698,France,Male,36,2,"£82,275.35",2,1,1,"£93,249.26",0,31-45,0.88,0,Yes,Yes,Stayed
15643696,611,France,Male,49,3,£0.00,2,1,1,"£142,917.54",0,46-60,0,0,Yes,Yes,Stayed
15707473,850,Germany,Female,48,6,"£111,962.99",1,1,0,"£111,755.80",0,46-60,1,0,Yes,No,Stayed
15769504,743,Germany,Female,34,1,"£131,736.88",1,1,1,"£108,543.21",0,31-45,1.21,0,Yes,Yes,Stayed
15776807,654,France,Male,29,1,£0.00,1,1,0,"£180,345.44",0,18-30,0,0,Yes,No,Stayed
15686870,761,Germany,Male,36,8,"£108,239.11",2,0,0,"£99,444.02",0,31-45,1.09,0,No,No,Stayed
15668747,702,France,Female,46,9,"£98,444.19",1,0,1,"£109,563.28",0,46-60,0.9,0,No,Yes,Stayed
15766908,488,Germany,Male,32,3,"£114,540.38",1,1,0,"£92,568.07",0,31-45,1.24,0,Yes,No,Stayed
15570134,683,France,Female,35,6,"£187,530.66",2,1,1,"£37,976.36",0,31-45,4.94,0,Yes,Yes,Stayed
15567367,601,Germany,Female,42,9,"£133,636.16",1,0,1,"£103,315.74",0,31-45,1.29,0,No,Yes,Stayed
15747542,605,France,Male,52,7,£0.00,2,1,1,"£173,952.50",0,46-60,0,0,Yes,Yes,Stayed
15762238,671,Germany,Female,44,0,"£84,745.03",2,0,1,"£34,673.98",0,31-45,2.44,0,No,Yes,Stayed
15681554,614,Germany,Female,31,7,"£120,599.38",2,1,1,"£46,163.44",0,31-45,2.61,0,Yes,Yes,Stayed
15712825,511,Spain,Female,29,9,£0.00,2,0,1,"£140,676.98",0,18-30,0,0,No,Yes,Stayed
15640280,850,France,Male,39,4,"£127,771.35",2,0,1,"£151,738.54",0,31-45,0.84,0,No,Yes,Stayed
15756026,790,Spain,Female,46,9,£0.00,1,0,0,"£14,679.81",1,46-60,0,0,No,No,Churned
15613319,793,France,Female,33,0,£0.00,1,0,0,"£175,544.02",0,31-45,0,0,No,No,Stayed
15798906,628,France,Male,69,5,£0.00,2,1,1,"£181,964.60",0,60+,0,0,Yes,Yes,Stayed
15708917,598,Germany,Male,53,10,"£167,772.96",1,1,1,"£136,886.86",0,46-60,1.23,0,Yes,Yes,Stayed
15778463,657,France,Female,37,6,"£95,845.60",1,1,0,"£122,218.23",0,31-45,0.78,0,Yes,No,Stayed
15699430,618,France,Female,35,10,£0.00,2,1,0,"£180,439.75",0,31-45,0,0,Yes,No,Stayed
15649992,681,Spain,Male,65,7,"£134,714.70",2,0,1,"£190,419.81",0,60+,0.71,0,No,Yes,Stayed
15578980,516,Spain,Female,33,3,£0.00,2,1,1,"£58,685.59",0,31-45,0,0,Yes,Yes,Stayed
15775306,421,Germany,Male,28,8,"£122,384.22",3,1,1,"£89,017.38",1,18-30,1.37,1,Yes,Yes,Churned
15641655,700,France,Female,26,2,£0.00,2,0,0,"£50,051.42",0,18-30,0,0,No,No,Stayed
15619708,745,France,Male,25,5,"£157,993.15",2,1,0,"£146,041.45",0,18-30,1.08,0,Yes,No,Stayed
15734565,696,France,Male,29,8,£0.00,2,1,0,"£191,166.09",0,18-30,0,0,Yes,No,Stayed
15806438,580,Germany,Female,42,2,"£123,331.36",1,0,0,"£103,516.08",1,31-45,1.19,0,No,No,Churned
15591969,497,Spain,Male,27,9,"£75,263.16",1,1,1,"£164,825.04",0,18-30,0.46,0,Yes,Yes,Stayed
15747807,720,France,Female,43,6,"£137,824.03",2,1,0,"£172,557.77",0,31-45,0.8,0,Yes,No,Stayed
15596939,659,Germany,Male,36,4,"£132,578.92",2,1,0,"£84,320.94",0,31-45,1.57,0,Yes,No,Stayed
15716155,841,France,Female,36,5,"£156,021.31",1,0,0,"£122,662.98",0,31-45,1.27,0,No,No,Stayed
15765311,642,Spain,Male,34,8,£0.00,1,1,0,"£72,085.10",0,31-45,0,0,Yes,No,Stayed
15757811,732,Spain,Female,69,9,"£137,453.43",1,0,1,"£110,932.24",1,60+,1.24,0,No,Yes,Churned
15603830,600,Spain,Male,36,4,£0.00,2,1,0,"£143,635.36",0,31-45,0,0,Yes,No,Stayed
15660602,464,Germany,Male,33,8,"£164,284.72",2,1,1,"£3,710.34",0,31-45,44.28,0,Yes,Yes,Stayed
15660535,680,France,Female,47,5,£0.00,2,1,1,"£179,843.33",0,46-60,0,0,Yes,Yes,Stayed
15666633,758,Spain,Male,56,1,£0.00,2,1,1,"£10,643.38",0,46-60,0,0,Yes,Yes,Stayed
15596914,630,Germany,Female,31,2,"£112,373.49",2,1,1,"£131,167.98",0,31-45,0.86,0,Yes,Yes,Stayed
15639788,577,France,Female,39,10,£0.00,2,1,0,"£10,553.31",0,31-45,0,0,Yes,No,Stayed
15695846,684,France,Female,34,6,£0.00,2,1,1,"£130,928.22",0,31-45,0,0,Yes,Yes,Stayed
15726234,708,Spain,Female,41,5,£0.00,1,0,1,"£157,003.99",0,31-45,0,0,No,Yes,Stayed
15797964,732,Germany,Female,29,1,"£154,333.82",1,1,1,"£138,527.56",0,18-30,1.11,0,Yes,Yes,Stayed
15625881,634,Germany,Male,37,3,"£111,432.77",2,1,1,"£167,032.49",0,31-45,0.67,0,Yes,Yes,Stayed
15780628,633,France,Female,30,6,£0.00,2,0,0,"£41,642.29",0,18-30,0,0,No,No,Stayed
15575883,559,France,Male,34,2,"£137,390.11",2,1,0,"£9,677.00",0,31-45,14.2,0,Yes,No,Stayed
15585036,694,Spain,Female,37,3,£0.00,2,1,1,"£147,012.22",0,31-45,0,0,Yes,Yes,Stayed
15589488,686,Germany,Female,56,5,"£111,642.08",1,1,1,"£80,553.87",0,46-60,1.39,0,Yes,Yes,Stayed
15585888,553,Spain,Female,48,3,£0.00,1,0,1,"£30,730.95",1,46-60,0,0,No,Yes,Churned
15727915,507,France,Male,36,4,"£83,543.37",1,0,0,"£140,134.43",0,31-45,0.6,0,No,No,Stayed
15707567,732,Germany,Male,50,6,"£145,338.76",1,0,0,"£91,936.10",1,46-60,1.58,0,No,No,Churned
15737792,818,France,Female,31,1,"£186,796.37",1,0,0,"£178,252.63",0,31-45,1.05,0,No,No,Stayed
15599433,660,Germany,Male,35,8,"£58,641.43",1,0,1,"£198,674.08",0,31-45,0.3,0,No,Yes,Stayed
15672012,773,Spain,Female,41,5,£0.00,1,1,0,"£28,266.90",1,31-45,0,0,Yes,No,Churned
15806983,640,France,Male,44,3,"£137,148.68",1,1,0,"£92,381.01",0,31-45,1.48,0,Yes,No,Stayed
15592222,505,France,Male,49,7,"£80,001.23",1,0,0,"£135,180.11",0,46-60,0.59,0,No,No,Stayed
15608968,714,Germany,Male,21,6,"£86,402.52",2,0,0,"£27,330.59",0,18-30,3.16,0,No,No,Stayed
15586959,468,France,Female,42,5,£0.00,2,1,0,"£125,305.34",0,31-45,0,0,Yes,No,Stayed
15646558,611,Spain,Male,51,1,"£122,874.74",1,1,1,"£149,648.45",0,46-60,0.82,0,Yes,Yes,Stayed
15725811,705,France,Male,25,0,"£97,544.29",1,0,1,"£59,887.15",0,18-30,1.63,0,No,Yes,Stayed
15572265,646,Germany,Male,46,1,"£170,826.55",2,1,0,"£45,041.32",0,46-60,3.79,0,Yes,No,Stayed
15794048,667,Germany,Female,48,1,"£97,133.92",2,0,0,"£113,316.77",1,46-60,0.86,0,No,No,Churned
15677610,511,Germany,Female,41,8,"£153,895.65",1,1,1,"£39,087.42",0,31-45,3.94,0,Yes,Yes,Stayed
15745012,653,France,Female,43,6,£0.00,2,1,1,"£7,330.59",0,31-45,0,0,Yes,Yes,Stayed
15601589,675,France,Female,57,8,£0.00,2,0,1,"£95,463.29",0,46-60,0,0,No,Yes,Stayed
15686436,523,Spain,Male,32,4,£0.00,2,1,0,"£167,848.02",0,31-45,0,0,Yes,No,Stayed
15693864,567,Germany,Female,49,5,"£134,956.02",1,1,0,"£93,953.84",1,46-60,1.44,0,Yes,No,Churned
15760550,741,Spain,Male,39,7,"£143,637.58",2,0,1,"£174,227.66",0,31-45,0.82,0,No,Yes,Stayed
15686137,456,Spain,Male,32,9,"£147,506.25",1,1,1,"£135,399.21",0,31-45,1.09,0,Yes,Yes,Stayed
15809087,598,France,Male,64,1,£0.00,2,1,0,"£195,635.30",1,60+,0,0,Yes,No,Churned
15807663,667,France,Male,43,8,"£190,227.46",1,1,0,"£97,508.04",1,31-45,1.95,0,Yes,No,Churned
15809100,548,France,Female,32,2,"£172,448.77",1,1,0,"£188,083.77",1,31-45,0.92,0,Yes,No,Churned
15794916,725,France,Male,41,7,"£113,980.21",1,1,1,"£116,704.25",0,31-45,0.98,0,Yes,Yes,Stayed
15614215,717,France,Male,53,6,£0.00,2,0,1,"£97,614.87",0,46-60,0,0,No,Yes,Stayed
15805449,594,France,Male,38,4,£0.00,2,0,0,"£186,884.04",0,31-45,0,0,No,No,Stayed
15686983,678,Germany,Female,25,10,"£76,968.12",2,0,1,"£131,501.72",0,18-30,0.59,0,No,Yes,Stayed
15808017,545,France,Male,38,1,"£88,293.13",2,1,1,"£24,302.95",0,31-45,3.63,0,Yes,Yes,Stayed
15756804,636,France,Female,48,1,"£170,833.46",1,1,0,"£110,510.28",1,46-60,1.55,0,Yes,No,Churned
15646810,603,Germany,Male,44,6,"£108,122.39",2,1,0,"£108,488.33",1,31-45,1,0,Yes,No,Churned
15710424,435,France,Male,36,4,£0.00,1,1,1,"£197,015.20",0,31-45,0,0,Yes,Yes,Stayed
15799422,535,France,Female,40,8,£0.00,1,1,1,"£27,689.77",0,31-45,0,0,Yes,Yes,Stayed
15692750,629,Germany,Female,45,7,"£129,818.39",3,1,0,"£9,217.55",1,31-45,14.08,1,Yes,No,Churned
15794549,722,France,Female,35,2,"£163,943.89",2,1,1,"£15,068.18",0,31-45,10.88,0,Yes,Yes,Stayed
15803764,561,France,Male,28,7,£0.00,2,1,0,"£7,797.01",0,18-30,0,0,Yes,No,Stayed
15674840,645,France,Female,38,5,"£101,430.30",2,0,1,"£4,400.32",0,31-45,23.05,0,No,Yes,Stayed
15653762,501,France,Female,39,9,"£117,301.66",1,0,0,"£182,025.95",0,31-45,0.64,0,No,No,Stayed
15581229,502,Germany,Female,32,1,"£173,340.83",1,0,1,"£122,763.95",0,31-45,1.41,0,No,Yes,Stayed
15800228,652,Spain,Female,42,4,£0.00,2,1,1,"£38,152.01",0,31-45,0,0,Yes,Yes,Stayed
15656333,574,France,Female,33,3,"£134,348.57",1,1,0,"£63,163.99",0,31-45,2.13,0,Yes,No,Stayed
15697497,518,France,Female,45,9,"£105,525.65",2,1,1,"£73,418.29",0,31-45,1.44,0,Yes,Yes,Stayed
15585362,749,France,Female,60,6,£0.00,1,1,0,"£17,978.68",1,46-60,0,0,Yes,No,Churned
15571928,679,France,Female,43,4,£0.00,3,1,0,"£115,136.51",1,31-45,0,1,Yes,No,Churned
15785519,565,France,Male,36,6,"£106,192.10",1,1,0,"£149,575.59",0,31-45,0.71,0,Yes,No,Stayed
15743007,643,France,Female,45,4,"£45,144.43",1,1,0,"£60,917.24",1,31-45,0.74,0,Yes,No,Churned
15777211,515,France,Male,65,7,"£92,113.61",1,1,1,"£142,548.33",0,60+,0.65,0,Yes,Yes,Stayed
15721935,521,France,Male,25,7,£0.00,2,1,1,"£157,878.67",0,18-30,0,0,Yes,Yes,Stayed
15591711,739,Spain,Male,38,0,"£128,366.44",1,1,0,"£12,796.43",0,31-45,10.03,0,Yes,No,Stayed
15625021,585,France,Male,42,2,£0.00,2,1,1,"£18,657.77",0,31-45,0,0,Yes,Yes,Stayed
15702968,733,Germany,Male,74,3,"£106,545.53",1,1,1,"£134,589.58",0,60+,0.79,0,Yes,Yes,Stayed
15600462,542,France,Female,43,8,"£145,618.37",1,0,1,"£10,350.74",0,31-45,14.07,0,No,Yes,Stayed
15768104,788,Spain,Male,37,8,"£141,541.25",1,0,0,"£66,013.27",0,31-45,2.14,0,No,No,Stayed
15780140,435,Germany,Male,32,2,"£57,017.06",2,1,1,"£5,907.11",0,31-45,9.65,0,Yes,Yes,Stayed
15585255,577,France,Male,42,9,£0.00,1,1,0,"£74,077.91",0,31-45,0,0,Yes,No,Stayed
15772781,703,France,Female,51,3,£0.00,3,1,1,"£77,294.56",1,46-60,0,1,Yes,Yes,Churned
15669987,728,Germany,Female,35,8,"£125,884.95",2,1,0,"£54,359.02",1,31-45,2.32,0,Yes,No,Churned
15697000,728,Germany,Male,32,5,"£61,825.50",1,1,1,"£156,124.93",0,31-45,0.4,0,Yes,Yes,Stayed
15733119,718,France,Male,35,8,£0.00,2,1,0,"£94,820.85",0,31-45,0,0,Yes,No,Stayed
15782390,621,France,Female,40,6,£0.00,1,1,0,"£155,155.25",0,31-45,0,0,Yes,No,Stayed
15654700,523,France,Female,40,2,"£102,967.41",1,1,0,"£128,702.10",1,31-45,0.8,0,Yes,No,Churned
15632210,657,Germany,Male,25,2,"£171,770.55",1,1,0,"£22,745.50",0,18-30,7.55,0,Yes,No,Stayed
15642041,727,Germany,Male,40,1,"£93,051.64",2,1,0,"£71,865.31",1,31-45,1.29,0,Yes,No,Churned
15709737,643,France,Male,36,7,"£161,064.64",2,0,1,"£84,294.82",0,31-45,1.91,0,No,Yes,Stayed
15792388,645,France,Female,48,7,"£90,612.34",1,1,1,"£149,139.13",0,46-60,0.61,0,Yes,Yes,Stayed
15786014,568,France,Male,28,5,"£145,105.64",2,1,0,"£185,489.11",0,18-30,0.78,0,Yes,No,Stayed
15794580,599,France,Male,58,4,£0.00,1,0,0,"£176,407.15",1,46-60,0,0,No,No,Churned
15675964,672,France,Female,45,9,£0.00,1,1,1,"£92,027.69",1,31-45,0,0,Yes,Yes,Churned
15814275,685,France,Male,33,6,"£174,912.72",1,1,1,"£43,932.54",0,31-45,3.98,0,Yes,Yes,Stayed
15724848,516,France,Female,46,1,"£104,947.72",1,1,0,"£115,789.25",1,46-60,0.91,0,Yes,No,Churned
15754713,685,Spain,Male,31,10,"£135,213.71",1,1,1,"£125,777.28",0,31-45,1.08,0,Yes,Yes,Stayed
15693814,806,Spain,Male,25,7,£0.00,2,1,0,"£18,461.90",0,18-30,0,0,Yes,No,Stayed
15599660,604,France,Male,36,6,"£116,229.85",2,1,1,"£79,633.38",0,31-45,1.46,0,Yes,Yes,Stayed
15746490,648,Spain,Female,53,6,"£111,201.41",1,1,1,"£121,542.29",0,46-60,0.91,0,Yes,Yes,Stayed
15566091,545,Spain,Female,32,4,£0.00,1,1,0,"£94,739.20",0,31-45,0,0,Yes,No,Stayed
15655961,756,Germany,Male,27,1,"£131,899.00",1,1,0,"£93,302.29",0,18-30,1.41,0,Yes,No,Stayed
15710404,569,France,Male,35,10,"£124,525.52",1,1,1,"£193,793.78",0,31-45,0.64,0,Yes,Yes,Stayed
15775625,596,France,Male,47,6,£0.00,1,1,0,"£74,835.65",0,46-60,0,0,Yes,No,Stayed
15792328,475,France,Male,39,6,£0.00,1,1,1,"£56,999.90",1,31-45,0,0,Yes,Yes,Churned
15719856,646,France,Female,45,3,"£47,134.75",1,1,1,"£57,236.44",0,31-45,0.82,0,Yes,Yes,Stayed
15593773,784,Spain,Male,35,3,£0.00,2,0,0,"£81,483.64",0,31-45,0,0,No,No,Stayed
15733114,552,Spain,Male,45,9,£0.00,2,1,0,"£26,752.56",0,31-45,0,0,Yes,No,Stayed
15797748,729,France,Male,44,5,£0.00,2,0,1,"£9,200.54",0,31-45,0,0,No,Yes,Stayed
15743411,609,Spain,Male,61,1,£0.00,1,1,0,"£22,447.85",1,60+,0,0,Yes,No,Churned
15753337,555,France,Male,51,5,£0.00,3,1,0,"£189,122.89",1,46-60,0,1,Yes,No,Churned
15601026,572,Germany,Female,19,1,"£138,657.08",1,1,1,"£16,161.82",0,18-30,8.58,0,Yes,Yes,Stayed
15658485,785,France,Female,34,9,"£70,302.48",1,1,1,"£68,600.36",0,31-45,1.02,0,Yes,Yes,Stayed
15636731,714,Germany,Female,36,1,"£101,609.01",2,1,1,£447.73,0,31-45,226.94,0,Yes,Yes,Stayed
15628303,738,Spain,Male,35,3,£0.00,1,1,1,"£15,650.73",0,31-45,0,0,Yes,Yes,Stayed
15633461,639,Germany,Male,38,5,"£130,170.82",1,1,1,"£149,599.62",0,31-45,0.87,0,Yes,Yes,Stayed
15677135,520,Germany,Male,61,8,"£133,802.29",2,1,1,"£90,304.01",0,60+,1.48,0,Yes,Yes,Stayed
15590876,764,France,Female,24,7,"£106,234.02",1,0,0,"£115,676.38",0,18-30,0.92,0,No,No,Stayed
15790782,661,Spain,Male,39,6,"£132,628.98",1,0,0,"£38,812.67",0,31-45,3.42,0,No,No,Stayed
15700476,564,Germany,Male,41,9,"£103,522.75",2,1,1,"£34,338.21",0,31-45,3.01,0,Yes,Yes,Stayed
15634141,708,Germany,Female,42,8,"£192,390.52",2,1,0,£823.36,0,31-45,233.67,0,Yes,No,Stayed
15737795,512,Spain,Male,36,1,£0.00,1,0,1,"£135,482.26",1,31-45,0,0,No,Yes,Churned
15790299,592,Spain,Male,37,9,£0.00,3,1,1,"£10,656.89",0,31-45,0,1,Yes,Yes,Stayed
15675316,619,France,Female,38,3,£0.00,2,0,1,"£116,467.35",0,31-45,0,0,No,Yes,Stayed
15613630,775,France,Male,52,8,"£109,922.61",1,1,1,"£96,823.32",1,46-60,1.14,0,Yes,Yes,Churned
15662100,850,Germany,Female,44,5,"£128,605.32",1,0,1,"£171,096.20",0,31-45,0.75,0,No,Yes,Stayed
15668032,577,France,Female,37,4,£0.00,1,1,1,"£79,881.39",0,31-45,0,0,Yes,Yes,Stayed
15599289,724,France,Female,37,10,"£68,598.56",1,1,0,"£157,862.82",0,31-45,0.43,0,Yes,No,Stayed
15754084,710,Spain,Male,35,1,"£106,518.52",1,1,1,"£127,951.81",0,31-45,0.83,0,Yes,Yes,Stayed
15676521,696,France,Female,31,8,£0.00,2,0,0,"£191,074.11",0,31-45,0,0,No,No,Stayed
15804586,376,France,Female,46,6,£0.00,1,1,0,"£157,333.69",1,46-60,0,0,Yes,No,Churned
15781465,675,Germany,Female,29,8,"£121,326.42",1,1,0,"£133,457.52",0,18-30,0.91,0,Yes,No,Stayed
15729362,745,France,Male,36,8,"£67,226.37",1,1,0,"£130,789.60",0,31-45,0.51,0,Yes,No,Stayed
15709295,697,Spain,Female,25,5,"£82,931.85",2,1,1,"£128,373.88",0,18-30,0.65,0,Yes,Yes,Stayed
15745324,599,Spain,Female,39,4,£0.00,1,1,0,"£194,273.20",1,31-45,0,0,Yes,No,Churned
15741336,715,France,Female,38,5,"£118,590.41",1,1,1,"£5,684.17",1,31-45,20.86,0,Yes,Yes,Churned
15783659,659,France,Male,67,4,"£145,981.87",1,1,1,"£131,043.20",0,60+,1.11,0,Yes,Yes,Stayed
15620981,684,France,Female,48,3,"£73,309.38",1,0,0,"£21,228.34",1,46-60,3.45,0,No,No,Churned
15630328,635,France,Female,48,8,"£130,796.33",2,1,1,"£43,250.30",0,46-60,3.02,0,Yes,Yes,Stayed
15785899,789,Germany,Male,33,8,"£151,607.56",1,1,0,"£4,389.40",0,31-45,34.54,0,Yes,No,Stayed
15606149,571,Germany,Female,66,9,"£111,577.01",1,0,1,"£189,271.90",0,60+,0.59,0,No,Yes,Stayed
15671139,694,Spain,Male,39,0,"£107,042.74",1,1,1,"£102,284.20",0,31-45,1.05,0,Yes,Yes,Stayed
15660429,665,Spain,Female,42,2,"£156,371.61",2,0,1,"£156,774.94",1,31-45,1,0,No,Yes,Churned
15571002,706,France,Female,44,4,"£129,605.99",1,0,0,"£69,865.49",0,31-45,1.86,0,No,No,Stayed
15631681,807,Spain,Female,43,0,£0.00,2,0,1,"£85,523.24",0,31-45,0,0,No,Yes,Stayed
15731522,771,Spain,Female,67,8,£0.00,2,1,1,"£51,219.80",0,60+,0,0,Yes,Yes,Stayed
15619529,531,Spain,Male,27,8,"£132,576.25",1,0,0,"£7,222.92",0,18-30,18.35,0,No,No,Stayed
15628034,629,France,Female,37,6,"£129,101.30",1,1,1,"£23,971.33",0,31-45,5.39,0,Yes,Yes,Stayed
15686164,850,Germany,Female,31,1,"£108,822.40",1,1,1,"£132,173.31",0,31-45,0.82,0,Yes,Yes,Stayed
15582797,685,Spain,Male,35,4,"£137,948.51",1,1,0,"£113,639.64",0,31-45,1.21,0,Yes,No,Stayed
15753831,642,Spain,Male,32,7,"£100,433.80",1,1,1,"£39,768.59",0,31-45,2.53,0,Yes,Yes,Stayed
15731815,529,Spain,Male,63,4,"£96,134.11",3,1,0,"£108,732.96",1,60+,0.88,1,Yes,No,Churned
15580956,683,Germany,Female,43,4,"£115,888.04",1,1,1,"£117,349.19",1,31-45,0.99,0,Yes,Yes,Churned
15602084,663,France,Female,42,5,"£124,626.07",1,1,1,"£78,004.50",0,31-45,1.6,0,Yes,Yes,Stayed
15589805,563,France,Female,34,6,"£139,810.34",1,1,1,"£152,417.79",0,31-45,0.92,0,Yes,Yes,Stayed
15720893,637,Spain,Female,34,9,£0.00,2,0,0,"£26,057.08",0,31-45,0,0,No,No,Stayed
15641009,544,France,Male,37,3,"£84,496.71",1,0,0,"£79,972.09",0,31-45,1.06,0,No,No,Stayed
15605926,649,Germany,Male,70,9,"£116,854.71",2,0,1,"£107,125.79",0,60+,1.09,0,No,Yes,Stayed
15805955,638,France,Female,48,10,"£138,333.03",1,1,1,"£47,679.14",0,46-60,2.9,0,Yes,Yes,Stayed
15801488,723,France,Male,25,3,£0.00,2,1,1,"£134,509.47",0,18-30,0,0,Yes,Yes,Stayed
15605918,635,Germany,Male,43,5,"£78,992.75",2,0,0,"£153,265.31",0,31-45,0.52,0,No,No,Stayed
15779711,750,Spain,Female,38,7,"£97,257.41",2,0,1,"£179,883.04",0,31-45,0.54,0,No,Yes,Stayed
15705620,730,France,Male,34,5,"£122,453.37",2,1,0,"£138,882.98",0,31-45,0.88,0,Yes,No,Stayed
15685357,750,Spain,Female,36,8,"£112,940.07",1,0,1,"£9,855.81",0,31-45,11.46,0,No,Yes,Stayed
15570060,586,France,Female,43,8,"£132,558.26",1,1,0,"£67,046.83",1,31-45,1.98,0,Yes,No,Churned
15582616,520,France,Female,38,4,£0.00,2,1,0,"£56,388.63",0,31-45,0,0,Yes,No,Stayed
15799515,652,France,Female,48,8,"£133,297.24",1,1,0,"£77,764.37",0,46-60,1.71,0,Yes,No,Stayed
15642937,550,France,Female,46,7,£0.00,2,1,0,"£130,590.35",0,46-60,0,0,Yes,No,Stayed
15624729,594,France,Male,27,0,"£197,041.80",1,0,0,"£151,912.49",0,18-30,1.3,0,No,No,Stayed
15566156,749,Germany,Female,44,0,"£71,497.79",2,0,0,"£151,083.80",0,31-45,0.47,0,No,No,Stayed
15792360,668,France,Male,32,7,£0.00,2,1,1,£777.37,0,31-45,0,0,Yes,Yes,Stayed
15807008,614,Germany,Female,35,6,"£128,100.28",1,0,0,"£69,454.24",1,31-45,1.84,0,No,No,Churned
15704770,773,France,Male,25,1,"£124,532.78",2,0,1,"£11,723.57",0,18-30,10.62,0,No,Yes,Stayed
15756475,551,Germany,Male,31,9,"£82,293.82",2,1,1,"£91,565.25",0,31-45,0.9,0,Yes,Yes,Stayed
15655339,566,France,Male,36,1,"£142,120.91",1,1,0,"£79,616.37",0,31-45,1.79,0,Yes,No,Stayed
15613749,569,Spain,Male,34,0,"£151,839.26",1,1,0,"£102,299.81",1,31-45,1.48,0,Yes,No,Churned
15664521,659,Spain,Male,31,7,"£149,620.88",2,1,1,"£104,533.51",0,31-45,1.43,0,Yes,Yes,Stayed
15681206,722,France,Female,49,3,"£168,197.66",1,1,0,"£140,765.57",1,46-60,1.19,0,Yes,No,Churned
15745527,655,France,Male,37,5,"£93,147.00",2,1,0,"£66,214.13",0,31-45,1.41,0,Yes,No,Stayed
15806926,615,France,Female,35,2,"£97,440.02",2,1,1,"£139,816.10",0,31-45,0.7,0,Yes,Yes,Stayed
15724563,752,Germany,Female,42,3,"£65,046.08",2,0,1,"£140,139.28",0,31-45,0.46,0,No,Yes,Stayed
15782899,661,Spain,Female,28,7,"£95,357.49",1,0,0,"£102,297.15",0,18-30,0.93,0,No,No,Stayed
15623521,838,Spain,Male,43,9,"£123,105.88",2,1,0,"£145,765.83",0,31-45,0.84,0,Yes,No,Stayed
15810218,610,Spain,Male,29,9,£0.00,3,0,1,"£83,912.24",0,18-30,0,1,No,Yes,Stayed
15645621,811,Spain,Male,44,3,£0.00,2,0,1,"£78,439.73",0,31-45,0,0,No,Yes,Stayed
15608114,587,Spain,Male,62,7,"£121,286.27",1,0,1,"£6,776.92",0,60+,17.9,0,No,Yes,Stayed
15659557,811,Germany,Female,28,4,"£167,738.82",2,1,1,"£9,903.42",0,18-30,16.94,0,Yes,Yes,Stayed
15787772,759,France,Female,38,1,"£104,091.29",1,0,0,"£91,561.91",0,31-45,1.14,0,No,No,Stayed
15691111,648,Germany,Female,42,8,"£121,980.56",2,1,0,"£4,027.02",0,31-45,30.29,0,Yes,No,Stayed
15592089,788,France,Female,43,10,£0.00,2,1,1,"£116,111.51",0,31-45,0,0,Yes,Yes,Stayed
15633897,725,Germany,Male,39,1,"£50,880.98",2,1,1,"£184,023.54",0,31-45,0.28,0,Yes,Yes,Stayed
15701301,646,France,Female,42,3,"£175,159.90",2,0,0,"£67,124.48",1,31-45,2.61,0,No,No,Churned
15723685,601,Germany,Female,26,7,"£105,514.69",2,1,0,"£50,070.59",0,18-30,2.11,0,Yes,No,Stayed
15701602,521,Germany,Male,52,5,"£116,497.31",3,0,0,"£53,793.10",1,46-60,2.17,1,No,No,Churned
15739189,561,Spain,Female,33,6,£0.00,2,1,0,"£45,261.47",0,31-45,0,0,Yes,No,Stayed
15573086,564,France,Male,42,7,"£99,824.45",1,1,1,"£36,721.40",0,31-45,2.72,0,Yes,Yes,Stayed
15569050,444,France,Male,45,6,£0.00,1,1,0,"£130,009.85",1,31-45,0,0,Yes,No,Churned
15750765,650,Spain,Male,71,0,£0.00,1,1,1,"£175,380.77",0,60+,0,0,Yes,Yes,Stayed
15799811,724,France,Male,40,10,£0.00,1,1,0,"£127,847.25",1,31-45,0,0,Yes,No,Churned
15698442,719,Spain,Male,35,3,"£122,964.88",1,1,1,"£138,231.70",0,31-45,0.89,0,Yes,Yes,Stayed
15655274,548,France,Female,29,4,£0.00,2,0,1,"£48,673.18",0,18-30,0,0,No,Yes,Stayed
15603594,635,Spain,Male,24,4,£0.00,2,1,1,"£70,668.77",0,18-30,0,0,Yes,Yes,Stayed
15585961,496,Spain,Female,43,3,£0.00,2,0,1,"£199,505.53",0,31-45,0,0,No,Yes,Stayed
15686936,676,France,Female,37,5,"£89,634.69",1,1,1,"£169,583.18",1,31-45,0.53,0,Yes,Yes,Churned
15770424,541,Germany,Male,40,7,"£95,710.11",2,1,0,"£49,063.42",0,31-45,1.95,0,Yes,No,Stayed
15587451,778,Germany,Male,41,7,"£139,706.31",1,1,0,"£63,337.19",0,31-45,2.21,0,Yes,No,Stayed
15602010,850,Germany,Female,45,5,"£103,909.86",1,1,0,"£60,083.11",1,31-45,1.73,0,Yes,No,Churned
15600583,633,France,Male,31,1,£0.00,1,1,0,"£48,606.71",0,31-45,0,0,Yes,No,Stayed
15654673,625,France,Male,49,6,"£173,434.90",1,1,0,"£165,580.93",1,46-60,1.05,0,Yes,No,Churned
15717164,485,Spain,Male,32,6,"£102,238.01",2,1,1,"£194,010.12",0,31-45,0.53,0,Yes,Yes,Stayed
15765014,547,France,Female,48,1,"£179,380.74",2,0,1,"£69,263.10",0,46-60,2.59,0,No,Yes,Stayed
15682639,642,France,Male,32,3,£0.00,2,1,1,"£88,698.83",0,31-45,0,0,Yes,Yes,Stayed
15729279,718,France,Female,25,4,"£108,691.95",1,1,0,"£63,030.97",0,18-30,1.72,0,Yes,No,Stayed
15759805,582,France,Female,32,4,£0.00,2,1,0,"£59,668.81",0,31-45,0,0,Yes,No,Stayed
15767864,628,France,Male,33,6,£0.00,2,0,0,"£184,230.23",0,31-45,0,0,No,No,Stayed
15769948,737,Germany,Male,35,0,"£133,377.80",1,0,1,"£64,050.19",0,31-45,2.08,0,No,Yes,Stayed
15686345,828,Spain,Male,34,9,£0.00,2,1,1,"£81,853.98",0,31-45,0,0,Yes,Yes,Stayed
15688071,609,Spain,Male,53,10,£0.00,1,1,1,"£154,642.91",0,46-60,0,0,Yes,Yes,Stayed
15681174,730,France,Male,39,1,"£116,537.60",1,0,0,"£145,679.60",0,31-45,0.8,0,No,No,Stayed
15667521,631,France,Female,22,3,£0.00,2,0,0,"£30,781.77",0,18-30,0,0,No,No,Stayed
15750243,830,Spain,Male,40,4,£0.00,2,0,1,"£81,622.52",0,31-45,0,0,No,Yes,Stayed
15695475,645,France,Male,29,1,"£130,131.08",2,0,1,"£196,474.35",0,18-30,0.66,0,No,Yes,Stayed
15689176,663,France,Male,46,3,£0.00,2,0,1,"£176,276.10",0,46-60,0,0,No,Yes,Stayed
15652955,678,Spain,Male,30,0,£0.00,1,1,0,"£35,113.08",0,18-30,0,0,Yes,No,Stayed
15668958,521,France,Male,30,2,"£107,316.09",1,1,0,"£64,299.82",0,18-30,1.67,0,Yes,No,Stayed
15631054,625,France,Female,24,1,£0.00,2,1,1,"£180,969.55",0,18-30,0,0,Yes,Yes,Stayed
15581479,523,France,Male,30,1,"£83,181.29",1,1,1,"£138,176.78",0,18-30,0.6,0,Yes,Yes,Stayed
15577478,714,France,Female,72,3,£0.00,1,1,1,"£86,733.61",0,60+,0,0,Yes,Yes,Stayed
15780870,580,Spain,Male,67,3,"£153,946.14",1,1,1,"£7,418.92",0,60+,20.75,0,Yes,Yes,Stayed
15692317,722,France,Male,30,5,£0.00,2,1,0,"£166,376.54",0,18-30,0,0,Yes,No,Stayed
15593969,630,Spain,Female,39,7,"£135,483.17",1,1,0,"£140,881.20",1,31-45,0.96,0,Yes,No,Churned
15570417,579,France,Male,35,1,£0.00,2,1,0,"£4,460.20",0,31-45,0,0,Yes,No,Stayed
15779059,670,France,Female,38,4,"£119,624.54",2,1,1,"£110,472.12",0,31-45,1.08,0,Yes,Yes,Stayed
15785980,588,Spain,Male,34,6,"£121,132.26",2,1,0,"£86,460.28",0,31-45,1.4,0,Yes,No,Stayed
15644200,807,Spain,Female,42,1,£0.00,1,1,0,"£16,500.66",1,31-45,0,0,Yes,No,Churned
15793949,726,France,Female,48,4,£0.00,1,1,0,"£114,020.06",1,46-60,0,0,Yes,No,Churned
15645103,812,Germany,Male,25,5,"£54,817.55",1,1,0,"£131,660.31",0,18-30,0.42,0,Yes,No,Stayed
15705860,631,Germany,Male,40,3,"£107,949.45",1,1,0,"£52,449.62",1,31-45,2.06,0,Yes,No,Churned
15623828,682,France,Male,30,4,£0.00,1,0,1,"£161,465.31",0,18-30,0,0,No,Yes,Stayed
15715003,625,Spain,Female,49,2,"£80,816.45",1,1,1,"£20,018.79",0,46-60,4.04,0,Yes,Yes,Stayed
15623471,607,Germany,Male,38,3,"£98,205.77",1,1,0,"£176,318.27",0,31-45,0.56,0,Yes,No,Stayed
15798348,600,Spain,Female,50,6,"£94,684.27",1,1,1,"£50,488.91",0,46-60,1.88,0,Yes,Yes,Stayed
15743016,602,Spain,Female,22,7,"£141,604.76",1,1,0,"£30,379.60",0,18-30,4.66,0,Yes,No,Stayed
15769499,545,Spain,Female,74,3,£0.00,2,1,1,"£161,326.73",0,60+,0,0,Yes,Yes,Stayed
15798521,675,Spain,Male,33,3,£0.00,2,1,0,"£45,348.08",0,31-45,0,0,Yes,No,Stayed
15706534,581,France,Female,47,1,"£122,949.14",1,0,0,"£180,251.68",1,46-60,0.68,0,No,No,Churned
15706186,640,Germany,Male,33,8,"£81,677.22",2,0,0,"£34,925.56",0,31-45,2.34,0,No,No,Stayed
15812197,850,France,Male,38,7,"£80,293.98",1,0,0,"£126,555.74",0,31-45,0.63,0,No,No,Stayed
15650933,490,Spain,Female,48,8,"£155,413.06",1,1,0,"£187,921.30",0,46-60,0.83,0,Yes,No,Stayed
15692991,710,Spain,Female,38,4,£0.00,2,1,1,"£136,390.88",0,31-45,0,0,Yes,Yes,Stayed
15631189,613,Germany,Male,38,9,"£67,111.65",1,1,0,"£78,566.64",1,31-45,0.85,0,Yes,No,Churned
15762198,812,France,Male,34,5,"£103,818.43",1,1,1,"£166,038.27",0,31-45,0.63,0,Yes,Yes,Stayed
15699598,723,France,Female,20,4,£0.00,2,1,1,"£140,385.33",0,18-30,0,0,Yes,Yes,Stayed
15692744,512,France,Male,36,4,"£152,169.12",2,0,0,"£38,629.30",1,31-45,3.94,0,No,No,Churned
15688963,731,France,Female,52,10,£0.00,1,1,1,"£24,998.75",1,46-60,0,0,Yes,Yes,Churned
15599131,650,Germany,Male,26,4,"£214,346.96",2,1,0,"£128,815.33",0,18-30,1.66,0,Yes,No,Stayed
15680303,594,France,Male,57,6,£0.00,1,1,0,"£19,376.56",1,46-60,0,0,Yes,No,Churned
15628674,844,France,Male,40,7,"£113,348.14",1,1,0,"£31,904.31",1,31-45,3.55,0,Yes,No,Churned
15648075,686,Germany,Female,47,5,"£170,935.94",1,1,0,"£173,179.79",1,46-60,0.99,0,Yes,No,Churned
15586970,695,Germany,Male,52,8,"£103,023.26",1,1,1,"£22,485.64",0,46-60,4.58,0,Yes,Yes,Stayed
15625698,624,Spain,Female,23,6,£0.00,2,0,1,"£196,668.51",0,18-30,0,0,No,Yes,Stayed
15790497,503,Spain,Male,37,6,£0.00,2,0,0,"£136,506.86",0,31-45,0,0,No,No,Stayed
15682618,535,France,Female,31,7,"£111,855.04",2,1,1,"£36,278.89",0,31-45,3.08,0,Yes,Yes,Stayed
15762937,743,Germany,Female,32,6,"£140,348.56",2,1,1,"£163,254.39",0,31-45,0.86,0,Yes,Yes,Stayed
15750929,702,Spain,Male,39,8,£0.00,2,1,0,"£99,654.13",0,31-45,0,0,Yes,No,Stayed
15729832,658,France,Male,29,3,"£145,512.84",1,1,0,"£20,207.02",0,18-30,7.2,0,Yes,No,Stayed
15633650,677,Germany,Female,41,8,"£146,720.98",2,1,1,"£4,195.84",0,31-45,34.97,0,Yes,Yes,Stayed
15748856,664,France,Male,32,10,"£107,209.73",1,1,1,"£112,340.20",0,31-45,0.95,0,Yes,Yes,Stayed
15589195,766,Germany,Female,38,7,"£130,933.74",1,0,1,"£2,035.94",0,31-45,64.31,0,No,Yes,Stayed
15699911,461,Spain,Female,35,8,£0.00,1,1,0,"£132,295.95",0,31-45,0,0,Yes,No,Stayed
15663438,688,Spain,Male,36,0,"£89,772.30",1,1,0,"£177,383.68",1,31-45,0.51,0,Yes,No,Churned
15692583,678,France,Female,32,5,£0.00,2,1,0,"£90,284.47",0,31-45,0,0,Yes,No,Stayed
15591257,796,France,Male,24,8,£0.00,2,1,0,"£61,349.37",0,18-30,0,0,Yes,No,Stayed
15646513,803,France,Male,42,5,£0.00,1,1,0,"£196,466.83",1,31-45,0,0,Yes,No,Churned
15708063,712,France,Male,36,2,"£100,749.50",3,0,0,"£70,758.37",1,31-45,1.42,1,No,No,Churned
15696098,498,France,Female,31,10,£0.00,2,1,0,"£13,892.57",0,31-45,0,0,Yes,No,Stayed
15645517,850,Spain,Male,22,2,£0.00,2,1,1,"£9,684.52",0,18-30,0,0,Yes,Yes,Stayed
15649744,628,France,Female,51,3,"£123,981.31",2,1,1,"£40,546.15",0,46-60,3.06,0,Yes,Yes,Stayed
15604304,539,Germany,Female,34,4,"£91,622.42",1,1,1,"£136,603.42",0,31-45,0.67,0,Yes,Yes,Stayed
15784092,732,France,Male,36,7,"£126,195.81",1,1,1,"£133,172.48",0,31-45,0.95,0,Yes,Yes,Stayed
15585198,715,France,Male,41,4,"£94,267.90",1,0,1,"£152,821.12",1,31-45,0.62,0,No,Yes,Churned
15624347,651,France,Male,40,4,£0.00,2,1,1,"£147,715.83",0,31-45,0,0,Yes,Yes,Stayed
15621687,813,France,Male,34,0,£0.00,2,1,0,"£43,169.15",0,31-45,0,0,Yes,No,Stayed
15689081,692,France,Male,29,4,£0.00,1,1,0,"£76,755.99",1,18-30,0,0,Yes,No,Churned
15813168,756,Germany,Female,39,3,"£100,717.85",3,1,1,"£73,406.04",1,31-45,1.37,1,Yes,Yes,Churned
15604295,543,France,Male,36,6,£0.00,2,1,0,"£176,728.28",0,31-45,0,0,Yes,No,Stayed
15724127,790,France,Female,26,4,"£141,581.71",2,0,0,"£98,309.27",0,18-30,1.44,0,No,No,Stayed
15673055,494,Spain,Male,38,7,£0.00,2,1,1,"£6,203.66",0,31-45,0,0,Yes,Yes,Stayed
15768201,850,France,Female,39,2,"£148,586.64",1,1,1,"£176,791.27",0,31-45,0.84,0,Yes,Yes,Stayed
15782219,703,Spain,Male,29,9,£0.00,2,1,0,"£50,679.48",0,18-30,0,0,Yes,No,Stayed
15746410,432,Spain,Male,38,7,£0.00,2,1,0,"£150,580.88",0,31-45,0,0,Yes,No,Stayed
15780144,512,Germany,Female,32,2,"£123,403.85",2,1,0,"£80,120.19",0,31-45,1.54,0,Yes,No,Stayed
15590476,589,France,Male,28,7,£0.00,2,1,0,"£151,645.96",0,18-30,0,0,Yes,No,Stayed
15624293,514,France,Female,46,3,"£106,511.85",1,1,0,"£55,072.32",0,46-60,1.93,0,Yes,No,Stayed
15618182,678,France,Female,38,2,£0.00,2,0,0,"£115,068.99",0,31-45,0,0,No,No,Stayed
15660316,420,Germany,Female,34,1,"£135,549.90",1,0,0,"£149,471.13",1,31-45,0.91,0,No,No,Churned
15678886,679,Germany,Male,38,7,"£110,555.37",2,1,0,"£46,522.68",0,31-45,2.38,0,Yes,No,Stayed
15616330,595,France,Male,31,4,£0.00,2,1,0,"£189,995.86",0,31-45,0,0,Yes,No,Stayed
15592229,713,France,Female,52,0,"£185,891.54",1,1,1,"£46,369.57",1,46-60,4.01,0,Yes,Yes,Churned
15798424,833,Germany,Male,59,1,"£130,854.59",1,1,1,"£30,722.52",1,46-60,4.26,0,Yes,Yes,Churned
15714750,690,France,Female,42,3,"£92,578.14",2,0,0,"£70,810.60",0,31-45,1.31,0,No,No,Stayed
15648800,731,Germany,Female,21,8,"£132,312.06",1,1,0,"£106,663.46",1,18-30,1.24,0,Yes,No,Churned
15626147,608,France,Female,62,8,"£144,976.50",1,0,0,"£175,836.03",1,60+,0.82,0,No,No,Churned
15626608,479,Spain,Male,48,5,"£87,070.23",1,0,1,"£85,646.41",0,46-60,1.02,0,No,Yes,Stayed
15723250,519,France,Male,42,8,£0.00,2,1,1,"£101,485.72",0,31-45,0,0,Yes,Yes,Stayed
15592583,731,France,Female,47,1,"£115,414.19",3,0,0,"£191,734.67",1,46-60,0.6,1,No,No,Churned
15759381,617,Spain,Male,61,7,"£91,070.43",1,1,1,"£101,839.77",0,60+,0.89,0,Yes,Yes,Stayed
15585241,756,Spain,Male,29,2,"£117,412.19",2,1,0,"£4,888.91",0,18-30,24.02,0,Yes,No,Stayed
15589358,848,Germany,Male,31,4,"£90,018.45",2,1,0,"£193,132.98",0,31-45,0.47,0,Yes,No,Stayed
15672704,809,France,Female,24,4,£0.00,2,1,0,"£193,518.76",0,18-30,0,0,Yes,No,Stayed
15789955,698,Germany,Male,56,1,"£112,414.81",2,0,0,"£93,982.02",1,46-60,1.2,0,No,No,Churned
15596800,779,Germany,Male,33,1,"£158,456.76",1,1,1,"£197,000.92",1,31-45,0.8,0,Yes,Yes,Churned
15627305,606,Spain,Male,35,7,£0.00,1,1,0,"£106,837.06",1,31-45,0,0,Yes,No,Churned
15645316,612,Germany,Female,58,1,"£149,641.53",1,1,1,"£115,161.28",0,46-60,1.3,0,Yes,Yes,Stayed
15593973,663,Spain,Female,33,8,"£122,528.18",1,1,0,"£196,260.30",0,31-45,0.62,0,Yes,No,Stayed
15647301,549,Germany,Female,45,3,"£143,734.01",2,1,1,"£96,404.38",0,31-45,1.49,0,Yes,Yes,Stayed
15750258,675,France,Female,32,2,"£155,663.31",1,1,0,"£97,658.66",0,31-45,1.59,0,Yes,No,Stayed
15685309,669,France,Female,35,7,£0.00,1,1,1,"£49,108.23",1,31-45,0,0,Yes,Yes,Churned
15628205,571,Germany,Female,34,1,"£101,736.66",1,0,1,"£195,651.66",0,31-45,0.52,0,No,Yes,Stayed
15733974,500,Spain,Male,37,9,"£125,822.21",1,1,0,"£111,698.00",0,31-45,1.13,0,Yes,No,Stayed
15762110,628,France,Male,37,0,£0.00,2,1,1,"£171,707.93",0,31-45,0,0,Yes,Yes,Stayed
15706899,559,France,Male,34,4,£0.00,2,1,1,"£66,721.98",0,31-45,0,0,Yes,Yes,Stayed
15732660,769,France,Female,27,2,£0.00,1,1,1,"£57,876.05",0,18-30,0,0,Yes,Yes,Stayed
15656121,733,Germany,Male,31,6,"£157,791.07",2,0,0,"£177,994.81",0,31-45,0.89,0,No,No,Stayed
15614220,750,France,Male,22,5,£0.00,2,0,1,"£105,125.65",0,18-30,0,0,No,Yes,Stayed
15645269,583,France,Female,42,4,£0.00,2,1,0,"£17,439.66",0,31-45,0,0,Yes,No,Stayed
15698510,468,Germany,Male,42,9,"£181,627.14",2,1,0,"£172,668.39",0,31-45,1.05,0,Yes,No,Stayed
15569247,727,Spain,Female,57,1,"£109,679.72",1,0,1,£753.37,0,46-60,145.59,0,No,Yes,Stayed
15566251,618,France,Female,37,5,"£96,652.86",1,1,0,"£98,686.40",1,31-45,0.98,0,Yes,No,Churned
15716134,617,France,Male,40,5,"£190,008.32",2,1,1,"£107,047.92",0,31-45,1.77,0,Yes,Yes,Stayed
15763625,793,Spain,Male,41,9,£0.00,2,1,0,"£152,153.74",0,31-45,0,0,Yes,No,Stayed
15605965,630,France,Male,43,9,£0.00,2,1,1,"£34,338.04",0,31-45,0,0,Yes,Yes,Stayed
15694821,765,Germany,Male,43,4,"£148,962.76",1,0,1,"£173,878.87",1,31-45,0.86,0,No,Yes,Churned
15601688,546,France,Male,28,8,£0.00,1,1,0,"£159,254.29",0,18-30,0,0,Yes,No,Stayed
15575581,614,Germany,Female,30,3,"£131,344.52",2,1,0,"£54,776.64",0,18-30,2.4,0,Yes,No,Stayed
15671209,593,Germany,Female,29,5,"£101,713.84",3,1,0,"£134,594.99",0,18-30,0.76,1,Yes,No,Stayed
15616529,613,Spain,Male,34,3,£0.00,1,1,1,"£41,724.72",0,31-45,0,0,Yes,Yes,Stayed
15773906,655,France,Male,38,4,£0.00,2,0,0,"£110,527.71",0,31-45,0,0,No,No,Stayed
15722993,700,France,Female,27,6,"£137,963.07",1,0,0,"£8,996.79",0,18-30,15.33,0,No,No,Stayed
15752463,826,Spain,Female,29,4,"£129,938.07",1,0,1,"£190,200.53",0,18-30,0.68,0,No,Yes,Stayed
15589754,652,Germany,Male,45,2,"£151,421.44",1,0,1,"£115,333.43",0,31-45,1.31,0,No,Yes,Stayed
15669899,755,Germany,Female,45,7,"£135,643.00",1,0,0,"£143,619.52",1,31-45,0.94,0,No,No,Churned
15766887,538,Spain,Male,39,2,"£122,773.50",2,1,1,"£58,467.08",0,31-45,2.1,0,Yes,Yes,Stayed
15768006,729,France,Male,34,3,"£152,303.80",1,1,0,"£12,128.69",0,31-45,12.56,0,Yes,No,Stayed
15741295,615,France,Male,49,3,£0.00,2,1,1,"£49,872.33",0,46-60,0,0,Yes,Yes,Stayed
15811327,700,Spain,Male,54,1,"£79,415.67",1,0,1,"£139,735.54",0,46-60,0.57,0,No,Yes,Stayed
15690007,434,Germany,Female,58,9,"£125,801.03",2,1,0,"£60,891.80",1,46-60,2.07,0,Yes,No,Churned
15690664,729,Spain,Male,37,10,£0.00,2,1,0,"£100,862.54",0,31-45,0,0,Yes,No,Stayed
15719348,513,France,Male,35,8,£0.00,1,1,0,"£76,640.29",1,31-45,0,0,Yes,No,Churned
15781802,755,France,Male,41,6,"£104,817.41",1,1,0,"£126,013.58",1,31-45,0.83,0,Yes,No,Churned
15752731,615,France,Female,30,9,£0.00,1,1,0,"£87,347.82",0,18-30,0,0,Yes,No,Stayed
15600997,747,Germany,Female,32,5,"£67,495.04",2,0,1,"£77,370.37",0,31-45,0.87,0,No,Yes,Stayed
15750776,850,France,Female,36,0,"£164,850.54",1,1,1,"£62,722.44",0,31-45,2.63,0,Yes,Yes,Stayed
15723907,712,Germany,Female,49,5,"£154,776.42",2,0,0,"£196,257.68",0,46-60,0.79,0,No,No,Stayed
15633419,622,Germany,Female,28,1,"£143,124.63",2,1,0,"£81,723.80",0,18-30,1.75,0,Yes,No,Stayed
15702430,548,France,Female,35,10,£0.00,1,1,1,"£31,299.71",0,31-45,0,0,Yes,Yes,Stayed
15710456,607,France,Female,27,2,£0.00,2,1,0,"£63,495.86",0,18-30,0,0,Yes,No,Stayed
15650351,653,France,Female,38,8,"£102,133.38",1,1,1,"£166,520.96",0,31-45,0.61,0,Yes,Yes,Stayed
15590820,699,Spain,Male,26,6,"£79,932.41",1,0,0,"£150,242.44",0,18-30,0.53,0,No,No,Stayed
15640454,693,Germany,Male,40,0,"£120,711.73",1,0,0,"£27,345.18",1,31-45,4.41,0,No,No,Churned
15697789,647,Germany,Female,43,3,"£122,717.53",2,1,1,"£87,000.39",0,31-45,1.41,0,Yes,Yes,Stayed
15808182,478,Spain,Female,36,3,"£92,363.30",2,1,0,"£44,912.70",0,31-45,2.06,0,Yes,No,Stayed
15588670,705,Spain,Female,40,5,"£203,715.15",1,1,0,"£179,978.68",1,31-45,1.13,0,Yes,No,Churned
15721292,719,Spain,Male,39,5,£0.00,2,1,0,"£145,759.70",0,31-45,0,0,Yes,No,Stayed
15604217,726,France,Male,34,9,£0.00,2,0,0,"£14,121.61",0,31-45,0,0,No,No,Stayed
15651369,626,France,Male,21,1,£0.00,2,1,0,"£66,232.23",0,18-30,0,0,Yes,No,Stayed
15782454,552,France,Male,49,4,£0.00,1,1,1,"£190,296.76",1,46-60,0,0,Yes,Yes,Churned
15814032,807,Germany,Female,31,1,"£93,460.47",2,0,0,"£172,782.69",0,31-45,0.54,0,No,No,Stayed
15570326,621,France,Male,34,6,£0.00,2,1,1,"£99,128.13",0,31-45,0,0,Yes,Yes,Stayed
15624428,651,Germany,Female,24,7,"£40,224.70",1,1,1,"£178,341.33",0,18-30,0.23,0,Yes,Yes,Stayed
15755638,673,France,Female,43,5,"£168,069.73",1,1,1,"£146,992.24",1,31-45,1.14,0,Yes,Yes,Churned
15600992,652,France,Male,36,1,£0.00,2,1,1,"£151,314.98",0,31-45,0,0,Yes,Yes,Stayed
15755649,584,Germany,Male,47,7,"£130,538.77",1,1,0,"£92,915.84",0,46-60,1.4,0,Yes,No,Stayed
15795228,756,France,Male,37,3,"£132,623.60",1,1,1,"£58,974.00",0,31-45,2.25,0,Yes,Yes,Stayed
15589257,670,France,Female,35,3,"£103,465.02",2,1,1,"£174,627.06",0,31-45,0.59,0,Yes,Yes,Stayed
15719302,765,France,Female,50,9,"£126,547.80",1,1,1,"£79,579.94",1,46-60,1.59,0,Yes,Yes,Churned
15639882,528,France,Male,30,2,"£128,262.72",2,1,0,"£50,771.16",0,18-30,2.53,0,Yes,No,Stayed
15791279,701,France,Male,40,5,"£169,742.64",1,1,1,"£153,537.55",1,31-45,1.11,0,Yes,Yes,Churned
15636935,797,France,Female,29,1,£0.00,2,1,1,"£132,975.39",0,18-30,0,0,Yes,Yes,Stayed
15686909,639,Germany,Male,27,3,"£150,795.81",1,0,1,"£85,208.93",0,18-30,1.77,0,No,Yes,Stayed
15589572,785,Spain,Female,61,4,"£129,855.72",2,1,0,"£170,214.82",1,60+,0.76,0,Yes,No,Churned
15779947,363,Spain,Female,28,6,"£146,098.43",3,1,0,"£100,615.14",1,18-30,1.45,1,Yes,No,Churned
15573769,764,France,Female,24,7,£0.00,2,1,0,"£186,105.99",0,18-30,0,0,Yes,No,Stayed
15578866,676,France,Female,43,2,£0.00,1,1,1,"£55,119.53",0,31-45,0,0,Yes,Yes,Stayed
15739131,718,Germany,Male,28,4,"£65,643.30",1,1,0,"£28,760.99",0,18-30,2.28,0,Yes,No,Stayed
15813444,590,Spain,Female,34,6,£0.00,2,1,0,"£171,021.44",0,31-45,0,0,Yes,No,Stayed
15678058,584,France,Male,38,9,"£104,584.16",1,1,0,"£176,678.72",0,31-45,0.59,0,Yes,No,Stayed
15769169,645,France,Male,41,7,£0.00,1,0,1,"£28,667.56",0,31-45,0,0,No,Yes,Stayed
15804602,772,Germany,Male,30,6,"£99,785.28",2,0,0,"£197,238.03",0,18-30,0.51,0,No,No,Stayed
15651052,399,Germany,Male,46,2,"£127,655.22",1,1,0,"£139,994.68",1,46-60,0.91,0,Yes,No,Churned
15724334,529,France,Male,22,5,£0.00,1,1,0,"£151,169.83",0,18-30,0,0,Yes,No,Stayed
15569451,463,France,Male,35,2,"£101,257.16",1,1,1,"£118,113.64",0,31-45,0.86,0,Yes,Yes,Stayed
15650098,630,France,Female,40,7,£0.00,2,1,1,"£34,453.17",0,31-45,0,0,Yes,Yes,Stayed
15724307,780,France,Male,76,10,"£121,313.88",1,0,1,"£64,872.33",0,60+,1.87,0,No,Yes,Stayed
15599268,584,Spain,Male,32,5,£0.00,2,1,0,"£10,956.82",0,31-45,0,0,Yes,No,Stayed
15594864,752,Germany,Male,30,4,"£81,523.38",1,1,1,"£36,885.85",0,18-30,2.21,0,Yes,Yes,Stayed
15616451,697,France,Female,47,6,"£128,252.66",1,1,1,"£168,053.40",0,46-60,0.76,0,Yes,Yes,Stayed
15715667,850,France,Female,32,7,£0.00,2,0,0,"£155,227.00",0,31-45,0,0,No,No,Stayed
15658969,711,France,Male,51,7,£0.00,3,1,0,"£38,409.79",1,46-60,0,1,Yes,No,Churned
15738174,452,France,Female,32,5,£0.00,2,0,1,"£75,279.39",0,31-45,0,0,No,Yes,Stayed
15813590,610,Spain,Male,42,6,£0.00,2,1,0,"£158,302.59",1,31-45,0,0,Yes,No,Churned
15624229,694,France,Female,22,4,£0.00,2,1,1,"£11,525.72",0,18-30,0,0,Yes,Yes,Stayed
15674148,579,Spain,Male,33,6,£0.00,1,1,0,"£94,993.04",1,31-45,0,0,Yes,No,Churned
15625080,745,Spain,Female,54,8,£0.00,1,1,0,"£173,912.29",1,46-60,0,0,Yes,No,Churned
15682528,572,France,Male,33,5,£0.00,1,0,1,"£41,139.05",0,31-45,0,0,No,Yes,Stayed
15696900,505,Germany,Male,29,3,"£145,541.56",2,1,1,"£58,019.95",0,18-30,2.51,0,Yes,Yes,Stayed
15730038,706,France,Female,23,5,£0.00,1,0,0,"£164,128.41",1,18-30,0,0,No,No,Churned
15812272,693,Germany,Male,44,5,"£124,601.58",2,1,1,"£46,998.13",1,31-45,2.65,0,Yes,Yes,Churned
15654654,725,Germany,Female,33,7,"£115,182.84",2,1,1,"£177,279.41",0,31-45,0.65,0,Yes,Yes,Stayed
15697625,791,France,Male,37,2,"£163,789.49",2,1,0,"£75,832.53",0,31-45,2.16,0,Yes,No,Stayed
15616280,536,France,Male,46,1,"£65,733.41",1,1,0,"£61,094.53",0,46-60,1.08,0,Yes,No,Stayed
15654229,699,Spain,Male,47,1,£0.00,2,0,1,"£30,117.44",0,46-60,0,0,No,Yes,Stayed
15628298,500,Spain,Female,47,8,"£128,486.11",1,1,0,"£179,227.12",0,46-60,0.72,0,Yes,No,Stayed
15733387,707,Spain,Female,53,6,"£109,663.47",1,1,1,"£52,110.45",0,46-60,2.1,0,Yes,Yes,Stayed
15775572,531,Germany,Female,42,6,"£88,324.31",2,1,0,"£75,248.75",0,31-45,1.17,0,Yes,No,Stayed
15613844,557,France,Female,28,7,"£146,445.24",2,1,0,"£184,317.74",0,18-30,0.79,0,Yes,No,Stayed
15578515,659,France,Female,38,3,£0.00,2,1,0,"£158,553.10",0,31-45,0,0,Yes,No,Stayed
15607598,575,Spain,Female,31,6,£0.00,2,1,1,"£95,686.42",0,31-45,0,0,Yes,Yes,Stayed
15742480,775,Germany,Male,36,2,"£109,949.05",2,0,1,"£71,682.54",0,31-45,1.53,0,No,Yes,Stayed
15749482,772,Spain,Male,30,4,"£78,653.05",1,1,0,"£1,790.48",0,18-30,43.93,0,Yes,No,Stayed
15607537,587,Germany,Male,46,9,"£107,850.82",1,1,0,"£139,431.00",1,46-60,0.77,0,Yes,No,Churned
15575410,667,Germany,Female,39,4,"£83,765.35",2,1,0,"£118,358.54",0,31-45,0.71,0,Yes,No,Stayed
15684865,771,France,Female,66,7,"£143,773.07",1,1,1,"£130,827.88",0,60+,1.1,0,Yes,Yes,Stayed
15600700,523,Germany,Male,63,6,"£116,227.27",1,1,1,"£119,404.63",0,60+,0.97,0,Yes,Yes,Stayed
15774155,662,Germany,Male,33,0,"£103,471.52",1,1,1,"£162,703.00",0,31-45,0.64,0,Yes,Yes,Stayed
15634267,717,France,Male,42,5,£0.00,2,1,0,"£172,665.21",0,31-45,0,0,Yes,No,Stayed
15619626,746,France,Male,24,3,"£137,492.35",2,0,1,"£170,142.09",0,18-30,0.81,0,No,Yes,Stayed
15660422,569,France,Male,28,7,£0.00,2,1,0,"£73,977.23",0,18-30,0,0,Yes,No,Stayed
15617934,579,France,Male,36,9,"£129,829.59",1,1,1,"£60,906.12",0,31-45,2.13,0,Yes,Yes,Stayed
15760774,519,France,Female,21,1,"£146,329.57",2,1,1,"£194,867.27",0,18-30,0.75,0,Yes,Yes,Stayed
15813132,696,Germany,Male,30,4,"£114,027.70",1,1,1,"£193,716.56",0,18-30,0.59,0,Yes,Yes,Stayed
15593331,693,Germany,Male,25,6,"£146,580.69",1,0,1,"£14,633.35",0,18-30,10.02,0,No,Yes,Stayed
15616709,587,Germany,Female,38,0,"£132,122.42",2,0,0,"£31,730.32",0,31-45,4.16,0,No,No,Stayed
15658052,626,France,Female,44,10,"£81,553.93",1,1,0,"£20,063.63",1,31-45,4.06,0,Yes,No,Churned
15721189,666,France,Female,66,7,£0.00,2,1,1,"£99,792.82",0,60+,0,0,Yes,Yes,Stayed
15711288,512,France,Male,24,6,£0.00,2,1,0,"£37,654.31",0,18-30,0,0,Yes,No,Stayed
15770030,689,Spain,Female,28,3,£0.00,2,1,1,"£192,449.02",0,18-30,0,0,Yes,Yes,Stayed
15803681,803,France,Female,26,4,£0.00,2,1,1,"£181,208.47",0,18-30,0,0,Yes,Yes,Stayed
15702789,548,Germany,Male,32,5,"£175,214.71",1,1,1,"£155,165.61",0,31-45,1.13,0,Yes,Yes,Stayed
15814930,588,Germany,Female,40,10,"£125,534.51",1,1,0,"£121,504.18",1,31-45,1.03,0,Yes,No,Churned
15658306,693,France,Male,68,4,"£97,705.99",1,1,1,"£61,569.07",0,60+,1.59,0,Yes,Yes,Stayed
15699523,499,Germany,Female,55,4,"£126,817.65",2,1,0,"£123,269.71",0,46-60,1.03,0,Yes,No,Stayed
15610383,628,France,Female,46,1,"£46,870.43",4,1,0,"£31,272.14",1,46-60,1.5,1,Yes,No,Churned
15615032,624,Spain,Male,46,3,£0.00,2,1,1,"£62,825.03",0,46-60,0,0,Yes,Yes,Stayed
15781989,733,France,Male,42,9,"£120,094.93",1,1,0,"£184,056.45",0,31-45,0.65,0,Yes,No,Stayed
15647402,628,France,Female,38,3,£0.00,2,1,1,"£48,924.73",0,31-45,0,0,Yes,Yes,Stayed
15740494,633,France,Female,33,3,£0.00,2,1,0,"£191,111.02",0,31-45,0,0,Yes,No,Stayed
15701265,559,Germany,Female,36,1,"£104,356.94",2,0,1,"£54,184.06",0,31-45,1.93,0,No,Yes,Stayed
15743532,704,Germany,Male,27,5,"£147,004.34",1,1,0,"£64,381.33",1,18-30,2.28,0,Yes,No,Churned
15794870,744,Germany,Male,38,6,"£73,023.17",2,1,0,"£78,770.86",0,31-45,0.93,0,Yes,No,Stayed
15747591,665,Spain,Female,40,1,"£173,432.55",1,0,1,"£116,766.79",0,31-45,1.49,0,No,Yes,Stayed
15726557,638,France,Female,42,7,"£165,679.92",1,0,0,"£32,916.29",0,31-45,5.03,0,No,No,Stayed
15732199,837,Spain,Male,31,9,"£104,678.62",1,0,1,"£50,972.60",0,31-45,2.05,0,No,Yes,Stayed
15662291,534,France,Female,55,8,"£116,973.26",3,1,0,"£122,066.50",1,46-60,0.96,1,Yes,No,Churned
15749050,548,France,Female,36,3,£0.00,1,1,0,"£65,996.90",0,31-45,0,0,Yes,No,Stayed
15781586,837,Germany,Male,38,2,"£126,732.85",1,1,1,"£79,577.38",0,31-45,1.59,0,Yes,Yes,Stayed
15617078,658,France,Female,44,6,"£148,481.09",1,1,0,"£130,529.13",0,31-45,1.14,0,Yes,No,Stayed
15723339,554,France,Female,38,4,"£137,654.05",2,1,1,"£172,629.67",0,31-45,0.8,0,Yes,Yes,Stayed
15671322,724,Germany,Male,30,7,"£115,315.04",1,1,0,"£15,216.53",0,18-30,7.58,0,Yes,No,Stayed
15793854,723,France,Male,42,2,"£99,095.73",1,1,1,"£17,512.53",0,31-45,5.66,0,Yes,Yes,Stayed
15756539,585,Germany,Female,39,7,"£165,610.41",2,0,0,"£131,852.01",0,31-45,1.26,0,No,No,Stayed
15612064,474,France,Male,33,5,£0.00,2,1,0,"£181,945.52",1,31-45,0,0,Yes,No,Churned
15625916,562,Spain,Male,32,6,"£161,628.66",1,1,0,"£91,482.50",0,31-45,1.77,0,Yes,No,Stayed
15683195,719,France,Male,32,9,"£146,605.27",1,1,1,"£77,119.45",0,31-45,1.9,0,Yes,Yes,Stayed
15690182,635,Germany,Male,37,5,"£113,488.68",1,1,0,"£95,611.74",1,31-45,1.19,0,Yes,No,Churned
15721719,743,France,Male,42,7,"£77,002.20",2,1,1,"£80,428.42",0,31-45,0.96,0,Yes,Yes,Stayed
15641690,681,Spain,Male,67,7,£0.00,2,0,1,"£163,714.92",0,60+,0,0,No,Yes,Stayed
15634896,521,France,Female,39,6,£0.00,2,0,1,"£27,375.15",0,31-45,0,0,No,Yes,Stayed
15671590,741,Spain,Male,25,4,£0.00,2,1,1,"£73,873.65",0,18-30,0,0,Yes,Yes,Stayed
15779182,790,Spain,Male,46,8,"£182,364.53",1,0,0,"£139,266.48",1,46-60,1.31,0,No,No,Churned
15778287,622,France,Male,35,8,£0.00,2,1,1,"£131,772.51",0,31-45,0,0,Yes,Yes,Stayed
15609510,669,France,Male,45,7,"£149,364.58",1,0,1,"£173,454.07",0,31-45,0.86,0,No,Yes,Stayed
15742229,583,France,Male,59,7,"£127,450.14",1,0,1,"£67,552.71",0,46-60,1.89,0,No,Yes,Stayed
15658532,520,Spain,Female,63,5,"£162,278.32",1,1,1,"£34,765.33",0,60+,4.67,0,Yes,Yes,Stayed
15590993,579,Spain,Male,37,5,"£152,212.88",2,0,0,"£120,219.14",0,31-45,1.27,0,No,No,Stayed
15565701,698,Spain,Female,39,9,"£161,993.89",1,0,0,"£90,212.38",0,31-45,1.8,0,No,No,Stayed
15597239,548,Spain,Male,39,7,"£131,468.44",1,1,0,"£164,975.82",0,31-45,0.8,0,Yes,No,Stayed
15688880,672,Germany,Male,40,10,"£102,980.44",1,1,0,"£1,285.81",1,31-45,80.09,0,Yes,No,Churned
15813917,653,Germany,Male,31,9,"£143,321.97",1,1,0,"£83,679.46",0,31-45,1.71,0,Yes,No,Stayed
15679611,734,Spain,Female,37,2,"£130,404.92",1,0,0,"£34,548.74",0,31-45,3.77,0,No,No,Stayed
15636589,794,France,Female,41,7,£0.00,2,1,1,"£74,275.08",0,31-45,0,0,Yes,Yes,Stayed
15687752,641,France,Male,30,2,"£87,505.47",2,0,1,"£7,278.57",0,18-30,12.02,0,No,Yes,Stayed
15584363,824,France,Male,30,0,"£133,634.02",1,1,1,"£162,053.92",0,18-30,0.82,0,Yes,Yes,Stayed
15737748,534,Spain,Female,33,3,"£151,233.62",1,0,0,"£199,336.63",0,31-45,0.76,0,No,No,Stayed
15803365,653,Spain,Male,55,2,"£70,263.83",1,0,1,"£62,347.71",0,46-60,1.13,0,No,Yes,Stayed
15793247,498,France,Male,34,5,£0.00,2,1,1,"£91,711.66",0,31-45,0,0,Yes,Yes,Stayed
15572360,683,France,Male,30,10,"£57,657.49",1,0,0,"£79,240.90",0,18-30,0.73,0,No,No,Stayed
15795166,618,Germany,Male,42,8,"£153,572.31",2,1,1,"£76,679.60",0,31-45,2,0,Yes,Yes,Stayed
15724620,538,France,Male,37,1,"£134,752.08",1,1,0,"£162,511.55",0,31-45,0.83,0,Yes,No,Stayed
15800856,643,Spain,Male,34,3,"£83,132.09",1,1,1,"£21,360.88",0,31-45,3.89,0,Yes,Yes,Stayed
15671097,428,France,Female,31,2,£0.00,2,1,0,"£54,487.43",0,31-45,0,0,Yes,No,Stayed
15683930,593,Germany,Female,32,9,"£134,096.53",2,1,0,"£53,931.05",1,31-45,2.49,0,Yes,No,Churned
15749004,718,France,Female,31,0,"£118,100.59",2,1,0,"£103,165.15",0,31-45,1.14,0,Yes,No,Stayed
15800434,811,Germany,Male,52,10,"£76,915.40",1,0,0,"£146,359.81",1,46-60,0.53,0,No,No,Churned
15709117,823,Spain,Female,46,3,"£81,576.75",1,1,1,"£28,370.95",1,46-60,2.88,0,Yes,Yes,Churned
15638806,645,Spain,Male,49,2,£0.00,2,0,0,"£10,023.15",0,46-60,0,0,No,No,Stayed
15662294,710,France,Male,33,10,"£118,327.17",2,1,1,"£192,928.82",0,31-45,0.61,0,Yes,Yes,Stayed
15690079,591,Spain,Male,30,8,"£124,857.69",2,0,0,"£50,485.70",0,18-30,2.47,0,No,No,Stayed
15759317,748,Germany,Female,27,2,"£90,971.85",1,1,1,"£131,662.47",0,18-30,0.69,0,Yes,Yes,Stayed
15750497,850,France,Female,37,7,"£153,147.75",1,1,1,"£152,235.30",0,31-45,1.01,0,Yes,Yes,Stayed
15596181,542,France,Male,38,8,"£65,942.26",1,1,1,"£68,093.23",1,31-45,0.97,0,Yes,Yes,Churned
15576602,809,France,Male,38,3,£0.00,2,1,1,"£80,061.31",0,31-45,0,0,Yes,Yes,Stayed
15644833,675,France,Male,54,2,£0.00,1,1,0,"£149,583.67",1,46-60,0,0,Yes,No,Churned
15734634,607,Spain,Female,27,5,"£100,912.19",1,0,0,"£7,631.27",0,18-30,13.22,0,No,No,Stayed
15808689,850,France,Female,31,4,£0.00,2,1,1,"£33,082.81",0,31-45,0,0,Yes,Yes,Stayed
15720702,789,France,Male,37,3,£0.00,1,1,0,"£121,883.87",1,31-45,0,0,Yes,No,Churned
15665077,598,France,Female,43,5,£0.00,3,1,1,"£100,722.72",1,31-45,0,1,Yes,Yes,Churned
15763612,756,Germany,Male,41,2,"£124,439.49",2,0,1,"£47,093.11",0,31-45,2.64,0,No,Yes,Stayed
15596493,687,France,Female,47,7,£0.00,2,1,1,"£177,624.01",0,46-60,0,0,Yes,Yes,Stayed
15704483,724,France,Male,40,6,£0.00,2,0,0,"£106,149.48",0,31-45,0,0,No,No,Stayed
15598846,700,France,Female,44,2,"£58,781.76",1,1,0,"£16,874.92",0,31-45,3.48,0,Yes,No,Stayed
15629244,635,Spain,Male,50,7,"£159,453.64",2,0,0,"£54,560.79",1,46-60,2.92,0,No,No,Churned
15765537,687,Germany,Male,26,2,"£142,721.52",1,1,1,"£153,605.75",0,18-30,0.93,0,Yes,Yes,Stayed
15729975,613,France,Female,46,8,"£167,795.60",1,0,1,"£44,390.38",0,46-60,3.78,0,No,Yes,Stayed
15682773,781,France,Female,38,3,"£128,345.69",2,1,0,"£63,218.85",0,31-45,2.03,0,Yes,No,Stayed
15688007,703,Spain,Male,20,3,"£165,260.98",1,1,1,"£41,626.78",0,18-30,3.97,0,Yes,Yes,Stayed
15574331,593,Germany,Female,62,3,"£118,233.81",1,0,1,"£24,765.53",1,60+,4.77,0,No,Yes,Churned
15645572,743,France,Female,40,6,£0.00,1,1,0,"£28,280.80",1,31-45,0,0,Yes,No,Churned
15742854,640,Spain,Female,46,8,£0.00,2,1,0,"£89,043.19",0,46-60,0,0,Yes,No,Stayed
15575417,849,Germany,Male,37,7,"£143,452.74",2,1,1,"£17,294.12",0,31-45,8.29,0,Yes,Yes,Stayed
15796721,778,France,Male,38,3,"£145,018.49",2,1,1,"£126,702.41",0,31-45,1.14,0,Yes,Yes,Stayed
15734942,539,Germany,Female,38,8,"£82,407.51",1,1,0,"£13,123.41",0,31-45,6.28,0,Yes,No,Stayed
15664772,489,Germany,Male,28,1,"£79,460.98",2,1,1,"£167,973.63",0,18-30,0.47,0,Yes,Yes,Stayed
15576683,568,Spain,Female,43,9,£0.00,1,1,0,"£125,870.79",1,31-45,0,0,Yes,No,Churned
15682563,618,Spain,Male,38,5,"£126,473.99",1,1,0,"£91,972.49",0,31-45,1.38,0,Yes,No,Stayed
15650889,710,Germany,Female,30,10,"£133,537.10",2,1,0,"£155,593.74",0,18-30,0.86,0,Yes,No,Stayed
15612108,625,France,Male,52,5,"£164,978.01",1,1,1,"£67,788.49",0,46-60,2.43,0,Yes,Yes,Stayed
15761132,682,Spain,Male,46,7,"£128,029.72",1,1,1,"£62,615.35",0,46-60,2.04,0,Yes,Yes,Stayed
15645511,727,Spain,Male,43,2,"£97,403.18",1,1,1,"£107,415.02",1,31-45,0.91,0,Yes,Yes,Churned
15609824,794,France,Female,41,7,"£176,845.41",3,1,0,"£166,526.26",1,31-45,1.06,1,Yes,No,Churned
15640268,652,Spain,Male,71,4,£0.00,1,1,1,"£120,107.10",0,60+,0,0,Yes,Yes,Stayed
15645778,670,Spain,Male,42,3,"£81,589.04",1,1,0,"£188,227.80",0,31-45,0.43,0,Yes,No,Stayed
15691104,460,Germany,Female,40,6,"£119,507.58",2,1,0,"£91,560.63",1,31-45,1.31,0,Yes,No,Churned
15714567,568,Spain,Female,26,6,£0.00,2,0,0,"£166,495.20",0,18-30,0,0,No,No,Stayed
15777826,643,France,Male,30,5,"£94,443.77",1,1,1,"£165,614.40",0,18-30,0.57,0,Yes,Yes,Stayed
15668445,521,France,Male,37,2,£0.00,2,1,1,"£86,372.24",0,31-45,0,0,Yes,Yes,Stayed
15576162,615,France,Male,32,7,"£92,199.84",1,1,1,"£2,755.53",0,31-45,33.46,0,Yes,Yes,Stayed
15778135,575,Spain,Male,43,3,£0.00,1,1,0,"£83,594.51",0,31-45,0,0,Yes,No,Stayed
15613141,717,France,Female,41,3,"£135,756.96",1,1,1,"£103,706.41",0,31-45,1.31,0,Yes,Yes,Stayed
15635435,648,France,Female,54,9,"£120,633.42",1,0,0,"£5,924.38",1,46-60,20.36,0,No,No,Churned
15596552,535,Germany,Male,48,5,"£134,542.73",1,1,1,"£58,203.67",1,46-60,2.31,0,Yes,Yes,Churned
15623644,626,Spain,Male,29,7,£0.00,2,1,0,"£49,361.84",0,18-30,0,0,Yes,No,Stayed
15683403,611,Spain,Male,52,7,£0.00,1,0,1,"£73,585.18",1,46-60,0,0,No,Yes,Churned
15615029,734,Spain,Male,39,6,£0.00,1,1,1,"£95,135.27",0,31-45,0,0,Yes,Yes,Stayed
15769005,709,France,Male,49,4,"£154,344.49",2,1,1,"£38,794.57",0,46-60,3.98,0,Yes,Yes,Stayed
15746326,591,France,Male,43,3,£0.00,2,0,1,"£198,926.36",0,31-45,0,0,No,Yes,Stayed
15722364,664,France,Male,43,9,"£189,026.53",2,1,1,"£56,099.86",0,31-45,3.37,0,Yes,Yes,Stayed
15704954,431,France,Male,37,0,"£120,764.08",1,1,1,"£117,023.08",0,31-45,1.03,0,Yes,Yes,Stayed
15694409,647,Germany,Female,22,3,"£97,975.82",2,0,1,"£62,083.00",0,18-30,1.58,0,No,Yes,Stayed
15754068,578,France,Male,32,4,£0.00,2,1,1,"£141,822.80",0,31-45,0,0,Yes,Yes,Stayed
15683841,555,Germany,Male,41,10,"£113,270.20",2,1,1,"£185,387.14",0,31-45,0.61,0,Yes,Yes,Stayed
15789095,775,Spain,Male,30,4,£0.00,2,0,1,"£57,461.13",0,18-30,0,0,No,Yes,Stayed
15719958,850,Germany,Male,39,3,"£124,548.99",2,1,1,"£120,380.12",0,31-45,1.03,0,Yes,Yes,Stayed
15689514,625,France,Male,43,8,"£201,696.07",1,1,0,"£133,020.90",1,31-45,1.52,0,Yes,No,Churned
15621353,645,Spain,Female,37,7,£0.00,2,1,0,"£13,589.93",0,31-45,0,0,Yes,No,Stayed
15627232,608,Germany,Male,44,7,"£114,203.47",1,1,1,"£77,830.36",1,31-45,1.47,0,Yes,Yes,Churned
15745843,689,Spain,Female,31,4,£0.00,2,1,1,"£136,610.02",0,31-45,0,0,Yes,Yes,Stayed
15722902,652,Germany,Male,50,8,"£125,437.64",1,1,1,"£17,160.94",1,46-60,7.31,0,Yes,Yes,Churned
15791767,769,France,Female,26,7,£0.00,2,1,0,"£176,843.53",0,18-30,0,0,Yes,No,Stayed
15792722,611,France,Female,43,8,"£64,897.75",1,1,0,"£114,996.33",0,31-45,0.56,0,Yes,No,Stayed
15723006,489,France,Male,38,8,£0.00,2,0,1,"£196,990.79",0,31-45,0,0,No,Yes,Stayed
15771942,528,Germany,Female,46,9,"£135,555.66",1,1,0,"£133,146.03",1,46-60,1.02,0,Yes,No,Churned
15774738,632,France,Male,44,3,"£107,764.75",1,1,0,"£185,667.72",0,31-45,0.58,0,Yes,No,Stayed
15574004,429,France,Female,27,6,"£117,307.44",2,1,1,"£24,020.49",0,18-30,4.88,0,Yes,Yes,Stayed
15587233,457,France,Male,41,8,"£73,700.12",3,1,1,"£185,750.02",1,31-45,0.4,1,Yes,Yes,Churned
15808228,768,Spain,Female,44,6,"£60,603.40",1,1,1,"£178,045.97",0,31-45,0.34,0,Yes,Yes,Stayed
15682834,715,Spain,Female,35,4,"£40,169.88",2,1,1,"£199,857.47",0,31-45,0.2,0,Yes,Yes,Stayed
15571752,668,Germany,Female,32,10,"£92,041.87",1,1,1,"£43,595.90",0,31-45,2.11,0,Yes,Yes,Stayed
15743067,625,Germany,Male,26,3,"£130,483.95",1,1,0,"£122,810.53",0,18-30,1.06,0,Yes,No,Stayed
15714466,846,France,Female,41,5,£0.00,3,1,0,"£3,440.47",1,31-45,0,1,Yes,No,Churned
15617982,661,Spain,Female,42,3,£0.00,2,1,0,"£35,989.41",0,31-45,0,0,Yes,No,Stayed
15696637,571,France,Female,23,10,"£151,097.28",1,0,1,"£17,163.75",0,18-30,8.8,0,No,Yes,Stayed
15690647,582,Spain,Female,46,8,"£67,563.31",1,1,0,"£44,506.09",1,46-60,1.52,0,Yes,No,Churned
15672756,716,France,Female,35,8,"£112,808.18",1,0,1,"£17,848.30",0,31-45,6.32,0,No,Yes,Stayed
15704586,758,France,Female,42,7,£0.00,2,0,1,"£76,209.56",0,31-45,0,0,No,Yes,Stayed
15674526,725,France,Male,66,4,"£86,459.80",1,1,1,"£141,476.56",0,60+,0.61,0,Yes,Yes,Stayed
15775295,630,France,Female,40,0,"£118,633.08",1,0,1,"£60,032.46",1,31-45,1.98,0,No,Yes,Churned
15684196,627,France,Female,55,2,"£159,441.27",1,1,0,"£100,686.11",1,46-60,1.58,0,Yes,No,Churned
15727281,653,France,Female,27,9,£0.00,2,1,0,"£96,429.29",0,18-30,0,0,Yes,No,Stayed
15787835,775,Germany,Female,38,4,"£125,212.65",2,1,1,"£15,795.88",1,31-45,7.93,0,Yes,Yes,Churned
15730540,794,Spain,Male,45,8,"£88,656.37",2,1,0,"£116,547.31",0,31-45,0.76,0,Yes,No,Stayed
15646276,831,France,Female,32,2,"£146,033.62",1,1,0,"£191,260.74",0,31-45,0.76,0,Yes,No,Stayed
15582180,561,France,Male,29,9,"£120,268.13",1,1,1,"£173,870.39",0,18-30,0.69,0,Yes,Yes,Stayed
15697095,705,Spain,Male,46,7,£0.00,2,1,0,"£117,273.35",0,46-60,0,0,Yes,No,Stayed
15748797,636,Spain,Female,33,0,£0.00,1,1,0,"£92,277.47",1,31-45,0,0,Yes,No,Churned
15754796,487,Germany,Female,46,4,"£135,070.58",2,1,1,"£44,244.49",1,46-60,3.05,0,Yes,Yes,Churned
15628947,693,France,Female,38,3,£0.00,2,0,0,"£78,133.48",1,31-45,0,0,No,No,Churned
15775546,517,Spain,Female,29,5,£0.00,2,1,0,"£103,402.88",0,18-30,0,0,Yes,No,Stayed
15670481,684,France,Female,27,9,"£122,550.05",2,0,1,"£137,835.82",0,18-30,0.89,0,No,Yes,Stayed
15619029,620,Spain,Female,43,2,£0.00,2,1,0,"£20,670.10",0,31-45,0,0,Yes,No,Stayed
15613282,757,France,Male,29,8,"£130,306.49",1,1,0,"£77,469.38",0,18-30,1.68,0,Yes,No,Stayed
15721487,739,France,Female,27,6,£0.00,1,1,1,"£57,572.38",0,18-30,0,0,Yes,Yes,Stayed
15797276,662,Spain,Female,41,4,"£90,350.77",1,1,0,"£75,884.65",1,31-45,1.19,0,Yes,No,Churned
15612494,359,France,Female,44,6,"£128,747.69",1,1,0,"£146,955.71",1,31-45,0.88,0,Yes,No,Churned
15629617,572,Spain,Male,23,2,"£126,873.52",1,0,1,"£67,040.12",0,18-30,1.89,0,No,Yes,Stayed
15600821,721,France,Male,69,2,"£108,424.19",1,1,1,"£178,418.35",0,60+,0.61,0,Yes,Yes,Stayed
15579062,707,France,Male,32,9,£0.00,2,0,0,"£30,807.02",0,31-45,0,0,No,No,Stayed
15814268,444,France,Female,40,5,"£84,350.07",1,1,0,"£143,835.76",0,31-45,0.59,0,Yes,No,Stayed
15710164,523,France,Female,73,7,£0.00,2,0,0,"£130,883.90",1,60+,0,0,No,No,Churned
15693904,685,Germany,Female,30,4,"£84,958.60",2,0,1,"£194,343.72",0,18-30,0.44,0,No,Yes,Stayed
15588986,673,Germany,Female,29,4,"£99,097.36",1,1,1,"£9,796.69",0,18-30,10.12,0,Yes,Yes,Stayed
15797733,503,Germany,Male,30,10,"£136,622.55",2,0,0,"£47,310.24",0,18-30,2.89,0,No,No,Stayed
15620507,485,Germany,Female,30,5,"£156,771.68",1,1,1,"£141,148.21",0,18-30,1.11,0,Yes,Yes,Stayed
15685150,799,Germany,Male,28,7,"£167,658.33",2,1,1,"£111,138.25",0,18-30,1.51,0,Yes,Yes,Stayed
15667651,585,Spain,Female,33,8,£0.00,2,1,0,"£114,182.07",0,31-45,0,0,Yes,No,Stayed
15774166,607,Germany,Female,24,2,"£109,483.54",2,0,1,"£127,560.77",0,18-30,0.86,0,No,Yes,Stayed
15649280,521,Germany,Female,40,9,"£134,504.78",1,1,0,"£18,082.06",0,31-45,7.44,0,Yes,No,Stayed
15705657,535,France,Female,44,2,"£114,427.86",1,1,1,"£136,330.26",0,31-45,0.84,0,Yes,Yes,Stayed
15753969,724,Spain,Male,45,5,"£83,888.54",1,0,1,"£34,121.81",0,31-45,2.46,0,No,Yes,Stayed
15742378,520,Germany,Male,32,5,"£110,029.77",1,1,0,"£56,246.69",0,31-45,1.96,0,Yes,No,Stayed
15794874,696,Spain,Male,41,9,"£127,523.75",1,0,1,"£191,417.42",0,31-45,0.67,0,No,Yes,Stayed
15589221,657,Germany,Male,30,1,"£139,762.13",2,1,1,"£23,317.88",0,18-30,5.99,0,Yes,Yes,Stayed
15596671,603,Spain,Female,42,8,"£91,611.12",1,0,0,"£144,675.30",1,31-45,0.63,0,No,No,Churned
15583668,726,France,Female,42,2,"£109,471.79",1,0,1,"£175,161.05",0,31-45,0.62,0,No,Yes,Stayed
15710206,591,France,Female,39,4,"£150,500.64",1,1,0,"£14,928.80",0,31-45,10.08,0,Yes,No,Stayed
15799966,792,Germany,Female,59,9,"£101,609.77",1,0,0,"£161,479.19",1,46-60,0.63,0,No,No,Churned
15794560,550,France,Male,57,5,£0.00,1,1,1,"£133,501.94",0,46-60,0,0,Yes,Yes,Stayed
15626485,601,France,Female,26,8,"£78,892.23",1,1,1,"£23,703.52",0,18-30,3.33,0,Yes,Yes,Stayed
15703143,820,France,Female,29,3,"£82,344.84",1,0,1,"£115,985.38",0,18-30,0.71,0,No,Yes,Stayed
15809772,667,France,Male,48,2,£0.00,1,1,0,"£43,229.20",0,46-60,0,0,Yes,No,Stayed
15687959,573,Spain,Female,44,4,£0.00,1,1,1,"£94,862.93",0,31-45,0,0,Yes,Yes,Stayed
15585282,755,France,Male,62,1,"£127,706.33",2,0,1,"£142,377.69",0,60+,0.9,0,No,Yes,Stayed
15714993,552,France,Female,41,9,"£124,349.34",1,1,0,"£135,635.25",0,31-45,0.92,0,Yes,No,Stayed
15596021,598,Spain,Male,44,8,£0.00,2,1,0,"£148,487.90",0,31-45,0,0,Yes,No,Stayed
15646615,576,Germany,Male,28,1,"£119,336.29",2,0,1,"£58,976.85",0,18-30,2.02,0,No,Yes,Stayed
15742632,670,France,Female,31,9,£0.00,1,0,1,"£76,254.83",0,31-45,0,0,No,Yes,Stayed
15574068,504,Germany,Male,56,9,"£104,217.30",1,0,0,"£55,857.48",1,46-60,1.87,0,No,No,Churned
15806967,778,France,Female,65,7,£0.00,1,1,1,"£77,867.23",0,60+,0,0,Yes,Yes,Stayed
15796334,558,Germany,Male,39,10,"£144,757.02",1,1,0,"£22,878.16",1,31-45,6.33,0,Yes,No,Churned
15688713,627,Spain,Male,44,6,£0.00,1,1,1,"£114,469.55",0,31-45,0,0,Yes,Yes,Stayed
15796179,683,France,Male,43,8,£0.00,1,1,0,"£96,754.80",0,31-45,0,0,Yes,No,Stayed
15598751,556,France,Female,43,6,£0.00,3,0,0,"£125,154.57",1,31-45,0,1,No,No,Churned
15703019,583,France,Female,38,10,£0.00,2,0,1,"£113,597.64",0,31-45,0,0,No,Yes,Stayed
15646302,705,France,Female,24,7,"£100,169.51",1,1,0,"£121,408.55",0,18-30,0.83,0,Yes,No,Stayed
15680855,637,France,Male,33,2,"£145,731.83",1,0,1,"£109,219.43",0,31-45,1.33,0,No,Yes,Stayed
15697311,697,Spain,Male,56,5,"£110,802.03",1,1,1,"£50,230.31",1,46-60,2.21,0,Yes,Yes,Churned
15585367,555,Germany,Female,46,4,"£120,392.99",1,1,0,"£177,719.88",1,46-60,0.68,0,Yes,No,Churned
15726556,594,Germany,Female,26,6,"£135,067.52",2,0,0,"£131,211.86",0,18-30,1.03,0,No,No,Stayed
15676242,632,Spain,Male,31,3,"£136,556.44",1,1,0,"£82,152.83",1,31-45,1.66,0,Yes,No,Churned
15684198,551,France,Female,38,10,£0.00,2,1,1,£216.27,0,31-45,0,0,Yes,Yes,Stayed
15774882,687,France,Female,35,3,"£99,587.43",1,1,1,"£1,713.10",1,31-45,58.13,0,Yes,Yes,Churned
15714227,672,France,Female,53,7,£0.00,1,1,1,"£136,910.18",0,46-60,0,0,Yes,Yes,Stayed
15608653,521,Spain,Female,34,7,"£70,731.07",1,1,1,"£20,243.97",1,31-45,3.49,0,Yes,Yes,Churned
15784280,686,Germany,Male,35,2,"£109,342.82",2,0,1,"£86,043.27",0,31-45,1.27,0,No,Yes,Stayed
15789546,639,Spain,Male,28,8,£0.00,2,1,0,"£126,561.07",0,18-30,0,0,Yes,No,Stayed
15590320,850,France,Male,66,4,£0.00,2,0,1,"£64,350.80",0,60+,0,0,No,Yes,Stayed
15678385,465,France,Male,25,2,"£78,247.31",2,1,1,"£10,472.31",0,18-30,7.47,0,Yes,Yes,Stayed
15571778,817,France,Female,55,10,"£117,561.49",1,1,0,"£95,941.55",1,46-60,1.23,0,Yes,No,Churned
15657085,578,France,Male,23,10,"£88,980.32",1,1,1,"£125,222.36",0,18-30,0.71,0,Yes,Yes,Stayed
15640627,611,Spain,Male,34,4,£0.00,2,1,0,"£170,950.58",0,31-45,0,0,Yes,No,Stayed
15566211,616,Germany,Female,41,1,"£103,560.57",1,1,0,£236.45,1,31-45,437.98,0,Yes,No,Churned
15669293,517,France,Male,37,5,"£113,308.84",1,0,1,"£31,517.16",0,31-45,3.6,0,No,Yes,Stayed
15595067,637,Spain,Female,40,6,£0.00,2,1,1,"£181,610.60",0,31-45,0,0,Yes,Yes,Stayed
15753566,806,France,Female,32,3,"£63,763.49",1,1,0,"£156,593.09",0,31-45,0.41,0,Yes,No,Stayed
15650391,633,France,Female,29,7,"£169,988.35",1,1,0,"£4,272.00",0,18-30,39.79,0,Yes,No,Stayed
15681843,624,Germany,Female,35,0,"£180,303.24",2,1,0,"£163,587.90",0,31-45,1.1,0,Yes,No,Stayed
15814846,691,France,Male,52,3,£0.00,1,1,0,"£175,843.68",1,46-60,0,0,Yes,No,Churned
15670374,819,Germany,Female,49,1,"£120,656.86",4,0,0,"£166,164.30",1,46-60,0.73,1,No,No,Churned
15762332,568,Germany,Female,31,1,"£61,592.14",2,1,1,"£61,796.64",0,31-45,1,0,Yes,Yes,Stayed
15700223,806,France,Male,48,4,"£164,701.68",1,1,1,"£21,439.49",0,46-60,7.68,0,Yes,Yes,Stayed
15729956,726,Spain,Female,26,1,"£80,780.16",1,1,1,"£19,225.85",0,18-30,4.2,0,Yes,Yes,Stayed
15594862,552,France,Male,36,8,£0.00,2,0,0,"£132,547.02",0,31-45,0,0,No,No,Stayed
15598782,755,Germany,Female,30,6,"£154,221.37",2,0,1,"£62,688.55",0,18-30,2.46,0,No,Yes,Stayed
15745080,634,France,Male,26,8,£0.00,1,1,0,"£21,760.96",0,18-30,0,0,Yes,No,Stayed
15703399,756,France,Female,26,5,"£101,641.14",2,0,1,"£154,460.68",0,18-30,0.66,0,No,Yes,Stayed
15732175,776,France,Male,37,2,£0.00,1,0,1,"£8,065.00",0,31-45,0,0,No,Yes,Stayed
15630725,649,France,Female,45,5,"£92,786.66",1,1,0,"£173,365.90",1,31-45,0.54,0,Yes,No,Churned
15640260,595,Germany,Male,32,8,"£131,081.66",2,1,1,"£69,428.79",0,31-45,1.89,0,Yes,Yes,Stayed
15716822,646,France,Male,30,5,"£98,014.74",1,1,1,"£12,757.14",0,18-30,7.68,0,Yes,Yes,Stayed
15583748,592,Spain,Male,38,8,£0.00,2,1,0,"£180,426.20",0,31-45,0,0,Yes,No,Stayed
15605968,574,France,Male,26,8,"£97,460.10",1,1,1,"£43,093.67",0,18-30,2.26,0,Yes,Yes,Stayed
15790683,850,France,Male,36,1,"£104,077.19",2,0,1,"£68,594.00",0,31-45,1.52,0,No,Yes,Stayed
15607713,850,Spain,Female,29,1,£0.00,2,1,1,"£197,996.65",0,18-30,0,0,Yes,Yes,Stayed
15700212,475,France,Female,46,10,£0.00,2,0,0,"£122,953.00",1,46-60,0,0,No,No,Churned
15626710,642,France,Female,39,4,£0.00,1,1,1,"£76,821.24",0,31-45,0,0,Yes,Yes,Stayed
15716491,710,Spain,Female,51,4,"£93,656.95",1,0,1,"£141,400.51",1,46-60,0.66,0,No,Yes,Churned
15625824,596,Spain,Male,30,6,"£121,345.88",4,1,0,"£41,921.75",1,18-30,2.89,1,Yes,No,Churned
15617705,609,France,Female,39,8,"£141,675.23",1,0,1,"£175,664.25",0,31-45,0.81,0,No,Yes,Stayed
15761976,797,Spain,Female,31,8,£0.00,2,1,0,"£117,916.63",0,31-45,0,0,Yes,No,Stayed
15634891,504,Germany,Female,43,7,"£102,365.49",1,1,0,"£194,690.77",1,31-45,0.53,0,Yes,No,Churned
15744517,735,Spain,Male,50,9,£0.00,1,0,0,"£166,677.35",1,46-60,0,0,No,No,Churned
15686963,680,Spain,Female,30,3,£0.00,1,1,0,"£160,131.58",0,18-30,0,0,Yes,No,Stayed
15808189,449,France,Male,52,6,£0.00,2,0,1,"£123,622.00",0,46-60,0,0,No,Yes,Stayed
15580845,685,Germany,Male,57,7,"£101,868.51",1,0,1,"£113,483.96",0,46-60,0.9,0,No,Yes,Stayed
15799156,569,Spain,Male,38,8,£0.00,2,0,0,"£79,618.79",0,31-45,0,0,No,No,Stayed
15694296,631,France,Male,35,9,"£112,392.45",2,1,0,"£24,472.23",0,31-45,4.59,0,Yes,No,Stayed
15677049,595,Germany,Female,25,7,"£106,570.34",2,0,1,"£177,025.79",0,18-30,0.6,0,No,Yes,Stayed
15583595,461,France,Female,28,8,£0.00,1,1,1,"£103,349.74",0,18-30,0,0,Yes,Yes,Stayed
15590146,630,France,Male,50,1,"£81,947.76",1,0,1,"£63,606.22",1,46-60,1.29,0,No,Yes,Churned
15801548,661,France,Female,31,7,"£144,162.30",2,1,1,"£14,490.79",0,31-45,9.95,0,Yes,Yes,Stayed
15660833,796,Germany,Male,39,5,"£86,350.87",2,0,0,"£105,080.53",0,31-45,0.82,0,No,No,Stayed
15762277,710,France,Male,47,5,"£158,623.14",1,0,0,"£83,499.89",1,46-60,1.9,0,No,No,Churned
15791302,741,France,Male,32,8,£0.00,2,1,0,"£143,598.70",0,31-45,0,0,Yes,No,Stayed
15798975,606,Germany,Male,48,4,"£132,403.56",1,0,0,"£36,091.91",1,46-60,3.67,0,No,No,Churned
15599956,747,France,Male,27,10,£0.00,2,0,0,"£13,007.89",0,18-30,0,0,No,No,Stayed
15577274,549,Germany,Female,43,3,"£134,985.66",1,1,0,"£6,101.41",0,31-45,22.12,0,Yes,No,Stayed
15701200,576,France,Male,36,6,£0.00,2,1,1,"£48,314.00",0,31-45,0,0,Yes,Yes,Stayed
15638149,528,France,Male,37,6,"£103,772.45",1,1,0,"£197,111.99",0,31-45,0.53,0,Yes,No,Stayed
15786199,535,France,Male,33,2,"£133,040.32",1,1,1,"£110,299.78",0,31-45,1.21,0,Yes,Yes,Stayed
15701765,575,Spain,Female,37,0,£0.00,2,0,0,"£30,114.32",0,31-45,0,0,No,No,Stayed
15586974,656,France,Male,39,10,£0.00,2,1,1,"£98,894.64",0,31-45,0,0,Yes,Yes,Stayed
15729040,440,France,Male,42,2,£0.00,2,1,0,"£49,826.68",0,31-45,0,0,Yes,No,Stayed
15788676,539,Spain,Male,38,8,"£71,460.67",2,1,1,"£10,074.05",0,31-45,7.09,0,Yes,Yes,Stayed
15602497,850,Spain,Male,39,6,"£133,214.13",1,0,1,"£20,769.88",0,31-45,6.41,0,No,Yes,Stayed
15701333,646,France,Female,37,7,"£96,558.66",1,0,0,"£163,427.18",0,31-45,0.59,0,No,No,Stayed
15812071,744,France,Male,54,6,"£93,806.31",2,0,1,"£140,068.77",0,46-60,0.67,0,No,Yes,Stayed
15634375,710,Spain,Female,36,8,£0.00,2,0,0,"£83,206.19",0,31-45,0,0,No,No,Stayed
15738267,544,France,Female,64,3,"£124,043.80",1,1,1,"£111,402.97",1,60+,1.11,0,Yes,Yes,Churned
15786800,723,Germany,Male,52,5,"£131,694.97",1,0,1,"£92,873.50",1,46-60,1.42,0,No,Yes,Churned
15591130,507,Spain,Female,29,6,£0.00,2,0,1,"£94,780.90",0,18-30,0,0,No,Yes,Stayed
15720662,787,France,Female,35,1,"£106,266.80",1,1,1,"£16,607.15",0,31-45,6.4,0,Yes,Yes,Stayed
15751531,598,Spain,Male,41,8,£0.00,2,1,1,"£161,954.43",0,31-45,0,0,Yes,Yes,Stayed
15653595,796,France,Male,51,6,£0.00,2,0,1,"£194,733.28",0,46-60,0,0,No,Yes,Stayed
15568360,569,Spain,Female,41,4,"£139,840.36",1,1,1,"£163,524.70",0,31-45,0.86,0,Yes,Yes,Stayed
15781210,711,France,Male,34,8,£0.00,2,0,0,"£48,260.19",0,31-45,0,0,No,No,Stayed
15668058,661,Germany,Male,35,8,"£124,098.54",1,1,0,"£86,678.48",0,31-45,1.43,0,Yes,No,Stayed
15597131,415,France,Male,32,5,"£145,807.59",1,1,1,"£3,064.65",0,31-45,47.58,0,Yes,Yes,Stayed
15697283,578,Spain,Male,23,8,£0.00,2,1,0,"£112,124.98",0,18-30,0,0,Yes,No,Stayed
15640953,611,France,Female,26,2,"£107,508.93",2,1,1,"£120,801.65",0,18-30,0.89,0,Yes,Yes,Stayed
15715031,600,France,Female,28,6,£0.00,2,0,1,"£52,193.23",0,18-30,0,0,No,Yes,Stayed
15589660,661,Germany,Female,32,1,"£145,980.23",1,0,1,"£56,636.28",0,31-45,2.58,0,No,Yes,Stayed
15769818,850,France,Female,37,3,"£212,778.20",1,0,1,"£69,372.88",0,31-45,3.07,0,No,Yes,Stayed
15782736,573,Germany,Female,47,4,"£152,522.47",1,0,1,"£164,038.07",1,46-60,0.93,0,No,Yes,Churned
15614818,764,Spain,Female,33,9,"£168,964.77",1,0,1,"£118,982.51",0,31-45,1.42,0,No,Yes,Stayed
15794014,838,France,Female,34,8,£0.00,2,1,0,"£27,472.07",0,31-45,0,0,Yes,No,Stayed
15732448,821,France,Female,28,8,£0.00,1,1,1,"£36,754.13",0,18-30,0,0,Yes,Yes,Stayed
15723411,607,Spain,Female,36,4,"£98,266.30",1,1,1,"£46,416.36",0,31-45,2.12,0,Yes,Yes,Stayed
15797686,558,France,Male,38,8,"£113,000.92",1,1,1,"£152,872.39",0,31-45,0.74,0,Yes,Yes,Stayed
15605950,530,Germany,Male,23,1,"£137,060.88",2,1,1,"£165,227.23",0,18-30,0.83,0,Yes,Yes,Stayed
15812497,654,Germany,Male,37,5,"£112,146.12",1,1,0,"£75,927.35",0,31-45,1.48,0,Yes,No,Stayed
15690678,530,France,Female,33,4,"£129,307.32",1,1,1,"£172,930.28",0,31-45,0.75,0,Yes,Yes,Stayed
15747677,656,Spain,Male,69,6,"£163,975.09",1,1,1,"£36,108.50",0,60+,4.54,0,Yes,Yes,Stayed
15618926,520,Spain,Male,43,7,£0.00,2,1,1,"£36,202.74",0,31-45,0,0,Yes,Yes,Stayed
15673908,602,Germany,Female,42,6,"£158,414.85",1,1,1,"£131,886.46",0,31-45,1.2,0,Yes,Yes,Stayed
15727944,701,Germany,Female,48,1,"£92,072.68",1,1,1,"£133,992.36",0,46-60,0.69,0,Yes,Yes,Stayed
15807294,653,Spain,Female,30,2,"£88,243.29",2,1,1,"£96,658.26",0,18-30,0.91,0,Yes,Yes,Stayed
15618581,668,Spain,Male,25,8,£0.00,2,1,1,"£135,112.09",0,18-30,0,0,Yes,Yes,Stayed
15584364,652,France,Male,48,4,"£59,486.31",1,1,0,"£163,944.18",1,46-60,0.36,0,Yes,No,Churned
15599552,639,Spain,Female,54,2,£0.00,2,1,1,"£53,843.71",0,46-60,0,0,Yes,Yes,Stayed
15749177,730,Spain,Female,52,7,£0.00,2,0,1,"£122,398.84",0,46-60,0,0,No,Yes,Stayed
15718779,780,France,Male,34,1,£0.00,1,1,1,"£64,804.04",0,31-45,0,0,Yes,Yes,Stayed
15568106,592,France,Female,38,8,"£119,278.01",2,0,1,"£19,370.73",0,31-45,6.16,0,No,Yes,Stayed
15779481,628,France,Male,34,4,"£158,741.43",2,1,1,"£126,192.54",0,31-45,1.26,0,Yes,Yes,Stayed
15709994,658,France,Female,40,7,"£140,596.95",1,0,1,"£135,459.02",1,31-45,1.04,0,No,Yes,Churned
15772777,850,Spain,Female,29,10,£0.00,2,1,1,"£94,815.04",0,18-30,0,0,Yes,Yes,Stayed
15706815,515,Germany,Male,37,2,"£90,432.92",1,1,1,"£188,366.04",1,31-45,0.48,0,Yes,Yes,Churned
15618018,571,France,Female,35,1,"£104,783.81",2,0,1,"£178,512.52",0,31-45,0.59,0,No,Yes,Stayed
15671032,760,Germany,Male,42,0,"£77,992.97",2,1,1,"£97,906.38",0,31-45,0.8,0,Yes,Yes,Stayed
15634281,720,Germany,Female,43,10,"£110,822.90",1,0,0,"£72,861.94",0,31-45,1.52,0,No,No,Stayed
15766374,632,Germany,Male,42,4,"£119,624.60",2,1,1,"£195,978.86",0,31-45,0.61,0,Yes,Yes,Stayed
15600991,694,Germany,Male,31,6,"£109,052.59",2,1,1,"£19,448.93",1,31-45,5.61,0,Yes,Yes,Churned
15777576,559,Spain,Female,40,5,"£139,129.44",1,0,1,"£32,635.54",0,31-45,4.26,0,No,Yes,Stayed
15742613,773,Germany,Female,42,8,"£152,324.66",2,1,0,"£171,733.22",0,31-45,0.89,0,Yes,No,Stayed
15649523,581,France,Male,38,1,£0.00,2,1,0,"£46,176.22",0,31-45,0,0,Yes,No,Stayed
15651063,524,Germany,Female,37,9,"£127,480.58",2,1,0,"£179,634.69",0,31-45,0.71,0,Yes,No,Stayed
15683124,713,France,Male,53,6,"£115,029.40",1,0,0,"£191,521.32",1,46-60,0.6,0,No,No,Churned
15618314,676,France,Male,40,8,"£114,005.78",1,1,1,"£67,998.45",0,31-45,1.68,0,Yes,Yes,Stayed
15670823,651,Germany,Female,42,1,"£116,646.76",1,1,0,"£44,731.80",1,31-45,2.61,0,Yes,No,Churned
15607133,717,Spain,Female,49,1,"£110,864.38",2,1,1,"£124,532.90",1,46-60,0.89,0,Yes,Yes,Churned
15615012,594,France,Male,23,5,"£156,267.59",1,1,0,"£160,968.44",0,18-30,0.97,0,Yes,No,Stayed
15725141,716,France,Female,44,3,"£109,528.28",1,1,0,"£27,341.63",1,31-45,4.01,0,Yes,No,Churned
15623560,668,France,Female,35,6,"£102,482.76",1,1,1,"£53,994.64",0,31-45,1.9,0,Yes,Yes,Stayed
15693018,678,Germany,Male,23,10,"£115,563.71",1,1,1,"£91,633.53",0,18-30,1.26,0,Yes,Yes,Stayed
15636756,545,France,Male,23,2,£0.00,2,1,0,"£189,613.12",0,18-30,0,0,Yes,No,Stayed
15647474,613,France,Female,40,9,"£95,624.36",2,1,1,"£60,706.33",0,31-45,1.58,0,Yes,Yes,Stayed
15576714,687,Spain,Female,21,8,£0.00,2,1,1,"£154,767.34",0,18-30,0,0,Yes,Yes,Stayed
15585047,715,France,Male,28,7,"£160,376.61",1,0,0,"£196,853.11",0,18-30,0.81,0,No,No,Stayed
15743976,618,Germany,Male,41,8,"£37,702.79",1,1,1,"£195,775.48",0,31-45,0.19,0,Yes,Yes,Stayed
15793881,721,France,Female,35,6,"£118,273.83",1,0,1,"£3,086.89",0,31-45,38.31,0,No,Yes,Stayed
15576517,445,Germany,Female,34,7,"£131,082.17",2,1,1,"£70,618.00",0,31-45,1.86,0,Yes,Yes,Stayed
15631072,690,France,Male,38,1,"£94,456.00",2,0,1,"£55,034.02",0,31-45,1.72,0,No,Yes,Stayed
15730394,709,France,Female,43,8,£0.00,2,0,0,"£168,035.62",1,31-45,0,0,No,No,Churned
15631460,671,Spain,Female,42,3,£0.00,2,1,1,"£128,449.33",0,31-45,0,0,Yes,Yes,Stayed
15692002,538,France,Male,33,6,"£93,791.38",1,1,1,"£199,249.29",0,31-45,0.47,0,Yes,Yes,Stayed
15595282,735,France,Female,33,4,£0.00,2,1,0,"£149,474.69",0,31-45,0,0,Yes,No,Stayed
15789548,592,France,Female,37,7,£0.00,2,1,1,"£126,726.33",0,31-45,0,0,Yes,Yes,Stayed
15758035,747,France,Male,61,7,"£155,973.13",1,0,1,"£147,554.26",0,60+,1.06,0,No,Yes,Stayed
15617518,675,Germany,Male,36,7,"£89,409.95",1,1,1,"£149,399.70",0,31-45,0.6,0,Yes,Yes,Stayed
15651802,632,Spain,Female,39,5,"£97,854.37",2,1,0,"£93,536.38",0,31-45,1.05,0,Yes,No,Stayed
15631813,621,France,Male,39,6,£0.00,2,1,1,"£58,883.91",0,31-45,0,0,Yes,Yes,Stayed
15729668,521,Spain,Male,29,3,"£60,280.62",1,1,0,"£154,271.41",0,18-30,0.39,0,Yes,No,Stayed
15741728,591,Spain,Male,36,7,"£135,216.80",1,1,1,"£122,022.89",0,31-45,1.11,0,Yes,Yes,Stayed
15576676,706,Germany,Female,28,6,"£124,923.35",2,1,1,"£50,299.14",0,18-30,2.48,0,Yes,Yes,Stayed
15711378,677,France,Male,38,4,£0.00,2,1,0,"£187,800.63",0,31-45,0,0,Yes,No,Stayed
15765520,769,Germany,Male,27,7,"£188,614.07",1,1,0,"£171,344.09",0,18-30,1.1,0,Yes,No,Stayed
15656726,771,France,Male,32,5,"£62,321.62",1,1,1,"£40,920.59",0,31-45,1.52,0,Yes,Yes,Stayed
15647842,601,Germany,Female,48,8,"£120,782.70",1,1,0,"£63,940.68",1,46-60,1.89,0,Yes,No,Churned
15719309,670,France,Female,42,1,"£115,961.58",2,0,1,"£29,483.87",0,31-45,3.93,0,No,Yes,Stayed
15748718,517,France,Male,28,2,"£115,062.61",1,1,0,"£179,056.23",0,18-30,0.64,0,Yes,No,Stayed
15594404,834,France,Female,49,8,"£160,602.25",2,1,0,"£129,273.94",0,46-60,1.24,0,Yes,No,Stayed
15751158,571,France,Female,42,4,"£108,825.34",3,1,0,"£55,558.51",1,31-45,1.96,1,Yes,No,Churned
15593470,576,Germany,Female,36,8,"£166,287.85",1,1,1,"£23,305.85",0,31-45,7.14,0,Yes,Yes,Stayed
15695129,718,France,Female,31,1,"£152,663.77",1,0,1,"£17,128.64",0,31-45,8.91,0,No,Yes,Stayed
15640865,636,Germany,Female,31,9,"£80,844.69",2,1,1,"£74,641.90",0,31-45,1.08,0,Yes,Yes,Stayed
15714080,566,Germany,Female,40,2,"£97,001.36",2,1,0,"£154,486.01",0,31-45,0.63,0,Yes,No,Stayed
15648721,711,France,Male,64,4,£0.00,2,1,1,"£3,185.67",0,60+,0,0,Yes,Yes,Stayed
15801466,574,France,Female,39,2,"£122,524.61",2,1,0,"£88,463.63",0,31-45,1.39,0,Yes,No,Stayed
15750248,619,France,Female,35,8,"£132,292.63",1,1,0,"£65,682.93",0,31-45,2.01,0,Yes,No,Stayed
15758726,588,France,Female,24,0,£0.00,2,1,1,"£140,586.08",0,18-30,0,0,Yes,Yes,Stayed
15781553,760,Germany,Female,49,9,"£91,502.99",1,1,0,"£117,232.90",1,46-60,0.78,0,Yes,No,Churned
15649121,665,France,Male,52,3,£0.00,1,1,0,"£116,137.01",1,46-60,0,0,Yes,No,Churned
15674811,739,Germany,Male,29,3,"£59,385.98",2,1,1,"£105,533.96",0,18-30,0.56,0,Yes,Yes,Stayed
15646037,641,France,Male,77,9,£0.00,3,1,1,"£81,514.06",0,60+,0,1,Yes,Yes,Stayed
15722578,685,Germany,Female,21,6,"£97,956.50",1,1,1,"£164,966.27",0,18-30,0.59,0,Yes,Yes,Stayed
15665695,594,France,Female,49,4,£0.00,2,1,1,"£23,631.55",0,46-60,0,0,Yes,Yes,Stayed
15801062,557,Spain,Female,40,4,£0.00,2,0,1,"£105,433.53",0,31-45,0,0,No,Yes,Stayed
15662955,697,France,Male,27,8,"£141,223.68",2,1,0,"£90,591.15",0,18-30,1.56,0,Yes,No,Stayed
15770309,656,France,Male,18,10,"£151,762.74",1,0,1,"£127,014.32",0,18-30,1.19,0,No,Yes,Stayed
15657386,712,Germany,Male,43,1,"£141,749.74",2,0,1,"£90,905.26",0,31-45,1.56,0,No,Yes,Stayed
15777797,689,Spain,Male,38,5,"£75,075.14",1,1,1,"£8,651.92",1,31-45,8.68,0,Yes,Yes,Churned
15783955,697,France,Female,25,4,"£165,686.11",2,1,0,"£15,467.98",0,18-30,10.71,0,Yes,No,Stayed
15804516,589,France,Male,38,2,£0.00,1,1,0,"£79,915.28",0,31-45,0,0,Yes,No,Stayed
15681758,525,Spain,Female,25,10,£0.00,2,1,0,"£69,361.95",0,18-30,0,0,Yes,No,Stayed
15630321,680,France,Male,44,3,£0.00,2,1,0,"£86,935.08",0,31-45,0,0,Yes,No,Stayed
15588248,617,France,Female,28,0,£0.00,2,1,1,"£7,597.83",1,18-30,0,0,Yes,Yes,Churned
15591932,680,France,Male,32,5,"£92,961.61",1,1,0,"£116,957.60",0,31-45,0.79,0,Yes,No,Stayed
15810347,662,Spain,Female,30,9,£0.00,2,0,1,"£157,884.83",0,18-30,0,0,No,Yes,Stayed
15595303,736,Germany,Male,46,5,"£130,812.91",1,1,1,"£77,981.54",1,46-60,1.68,0,Yes,Yes,Churned
15634950,657,Germany,Male,57,8,"£107,174.58",1,1,1,"£126,369.55",1,46-60,0.85,0,Yes,Yes,Churned
15685372,350,Spain,Male,54,1,"£152,677.48",1,1,1,"£191,973.49",1,46-60,0.8,0,Yes,Yes,Churned
15745827,617,France,Male,30,3,"£132,005.77",1,1,0,"£142,940.39",0,18-30,0.92,0,Yes,No,Stayed
15755868,562,France,Male,35,7,£0.00,1,0,0,"£48,869.67",0,31-45,0,0,No,No,Stayed
15735222,705,Spain,Female,23,5,£0.00,2,1,1,"£73,131.73",0,18-30,0,0,Yes,Yes,Stayed
15604804,516,France,Female,33,7,"£127,305.50",1,1,1,"£120,037.36",0,31-45,1.06,0,Yes,Yes,Stayed
15718944,573,France,Female,37,6,£0.00,2,1,0,"£193,995.37",0,31-45,0,0,Yes,No,Stayed
15678626,538,Spain,Female,31,0,£0.00,2,0,0,"£179,453.66",0,31-45,0,0,No,No,Stayed
15571550,699,France,Male,39,9,£0.00,1,1,0,"£80,963.92",0,31-45,0,0,Yes,No,Stayed
15723053,504,Germany,Male,32,8,"£170,291.22",2,0,1,"£15,658.99",0,31-45,10.87,0,No,Yes,Stayed
15661528,583,Spain,Male,47,5,"£102,562.23",1,1,0,"£92,708.10",0,46-60,1.11,0,Yes,No,Stayed
15754177,712,Spain,Male,53,2,"£111,061.01",2,0,0,"£26,542.17",0,46-60,4.18,0,No,No,Stayed
15683544,626,Spain,Male,62,3,£0.00,1,1,1,"£65,010.74",0,60+,0,0,Yes,Yes,Stayed
15708048,631,France,Female,34,4,"£124,379.14",1,1,0,"£106,892.91",0,31-45,1.16,0,Yes,No,Stayed
15701109,663,France,Female,37,7,£0.00,1,1,1,"£185,210.63",0,31-45,0,0,Yes,Yes,Stayed
15600110,506,Germany,Female,41,3,"£57,745.76",1,1,0,"£4,035.46",0,31-45,14.31,0,Yes,No,Stayed
15651533,570,Germany,Female,50,5,"£129,293.74",1,1,0,"£177,805.44",1,46-60,0.73,0,Yes,No,Churned
15777904,703,France,Female,45,7,£0.00,2,1,1,"£68,831.72",0,31-45,0,0,Yes,Yes,Stayed
15655574,698,Germany,Female,40,8,"£150,777.10",1,1,0,"£114,732.62",0,31-45,1.31,0,Yes,No,Stayed
15569423,731,Spain,Male,41,4,£0.00,2,1,0,"£22,299.27",0,31-45,0,0,Yes,No,Stayed
15718106,625,France,Male,34,6,£0.00,2,0,0,"£197,283.20",0,31-45,0,0,No,No,Stayed
15585067,634,Spain,Male,31,9,"£108,632.48",1,1,1,"£179,485.96",1,31-45,0.61,0,Yes,Yes,Churned
15675501,616,France,Male,59,5,"£153,861.10",1,1,1,"£17,699.48",0,46-60,8.69,0,Yes,Yes,Stayed
15633233,500,France,Male,56,1,"£100,374.58",1,1,0,"£118,490.80",1,46-60,0.85,0,Yes,No,Churned
15667134,446,France,Male,32,8,£0.00,2,0,0,"£133,292.94",0,31-45,0,0,No,No,Stayed
15659105,669,France,Female,47,9,"£61,196.54",1,1,0,"£58,170.24",0,46-60,1.05,0,Yes,No,Stayed
15575409,581,Germany,Male,31,6,"£116,891.72",1,1,0,"£107,137.30",0,31-45,1.09,0,Yes,No,Stayed
15752342,704,Germany,Female,54,6,"£133,656.91",3,1,0,"£145,071.33",1,46-60,0.92,1,Yes,No,Churned
15654851,748,France,Male,44,2,"£92,911.52",1,0,1,"£85,495.24",0,31-45,1.09,0,No,Yes,Stayed
15741429,680,Spain,Female,31,9,"£119,825.75",2,1,1,"£101,139.30",0,31-45,1.18,0,Yes,Yes,Stayed
15682356,655,France,Female,37,7,"£111,852.84",2,1,0,"£10,511.13",0,31-45,10.64,0,Yes,No,Stayed
15806447,690,Germany,Male,32,0,"£106,683.52",2,1,1,"£137,916.49",0,31-45,0.77,0,Yes,Yes,Stayed
15800229,695,Germany,Male,40,7,"£139,022.24",1,0,1,"£193,383.13",0,31-45,0.72,0,No,Yes,Stayed
15663441,700,Germany,Female,40,4,"£148,571.07",1,1,0,"£189,826.96",1,31-45,0.78,0,Yes,No,Churned
15791991,773,France,Male,52,4,£0.00,1,0,1,"£144,113.42",0,46-60,0,0,No,Yes,Stayed
15775082,749,France,Male,42,1,"£129,776.72",2,0,1,"£143,538.51",0,31-45,0.9,0,No,Yes,Stayed
15579706,611,France,Female,46,5,£0.00,1,1,0,"£77,677.14",1,46-60,0,0,Yes,No,Churned
15718247,606,Spain,Female,46,8,£0.00,2,1,1,"£183,717.94",0,46-60,0,0,Yes,Yes,Stayed
15755722,554,France,Male,24,10,£0.00,1,0,0,"£92,180.62",0,18-30,0,0,No,No,Stayed
15582259,567,France,Female,37,7,£0.00,2,1,1,"£28,690.90",0,31-45,0,0,Yes,Yes,Stayed
15716994,559,Spain,Male,24,3,"£114,739.92",1,1,0,"£85,891.02",1,18-30,1.34,0,Yes,No,Churned
15586880,594,Germany,Male,41,2,"£122,545.65",2,1,1,"£42,050.24",0,31-45,2.91,0,Yes,Yes,Stayed
15713854,513,France,Female,37,6,£0.00,2,1,0,"£110,142.34",0,31-45,0,0,Yes,No,Stayed
15780835,652,Germany,Female,26,1,"£131,908.35",1,1,1,"£179,269.79",0,18-30,0.74,0,Yes,Yes,Stayed
15675896,680,Germany,Female,42,7,"£105,722.69",1,1,1,"£90,558.24",1,31-45,1.17,0,Yes,Yes,Churned
15658459,784,Spain,Male,33,10,£0.00,2,1,0,"£162,022.47",0,31-45,0,0,Yes,No,Stayed
15658057,812,Spain,Female,44,8,£0.00,3,1,0,"£66,926.83",1,31-45,0,1,Yes,No,Churned
15801767,784,Spain,Female,40,8,£0.00,2,1,0,"£108,891.30",0,31-45,0,0,Yes,No,Stayed
15569178,570,France,Female,18,4,"£82,767.42",1,1,0,"£71,811.90",0,18-30,1.15,0,Yes,No,Stayed
15731478,712,France,Female,42,1,"£87,842.98",1,0,0,"£92,223.59",0,31-45,0.95,0,No,No,Stayed
15811236,705,Spain,Male,39,6,"£133,261.13",1,1,1,"£78,065.90",0,31-45,1.71,0,Yes,Yes,Stayed
15746749,681,Spain,Female,32,3,£0.00,2,1,1,"£59,679.90",0,31-45,0,0,Yes,Yes,Stayed
15662758,620,France,Male,41,0,"£97,925.11",1,1,0,"£85,000.32",0,31-45,1.15,0,Yes,No,Stayed
15709387,711,France,Male,52,5,£0.00,1,1,1,"£159,808.95",0,46-60,0,0,Yes,Yes,Stayed
15572093,613,France,Female,24,7,"£140,453.91",1,1,0,"£129,001.30",0,18-30,1.09,0,Yes,No,Stayed
15713826,613,Germany,Female,20,0,"£117,356.19",1,0,0,"£113,557.70",1,18-30,1.03,0,No,No,Churned
15570205,682,Spain,Male,36,5,£0.00,2,1,1,"£147,758.51",0,31-45,0,0,Yes,Yes,Stayed
15589348,850,Spain,Male,37,4,"£137,204.77",1,1,1,"£28,865.59",0,31-45,4.75,0,Yes,Yes,Stayed
15804610,601,France,Female,41,1,£0.00,2,0,1,"£160,607.06",0,31-45,0,0,No,Yes,Stayed
15700854,595,Spain,Male,35,8,£0.00,1,1,0,"£100,015.79",1,31-45,0,0,Yes,No,Churned
15758836,675,Spain,Male,36,3,"£54,098.18",2,0,1,"£54,478.52",0,31-45,0.99,0,No,Yes,Stayed
15772933,591,Spain,Male,31,8,£0.00,1,1,1,"£141,677.33",0,31-45,0,0,Yes,Yes,Stayed
15809006,602,France,Male,23,7,"£113,758.48",2,0,0,"£84,077.60",0,18-30,1.35,0,No,No,Stayed
15689612,554,Spain,Female,34,8,£0.00,1,0,1,"£106,981.03",0,31-45,0,0,No,Yes,Stayed
15744614,541,France,Male,37,9,"£118,636.92",1,1,1,"£73,551.44",0,31-45,1.61,0,Yes,Yes,Stayed
15704250,506,France,Male,34,7,£0.00,2,0,0,"£115,842.10",0,31-45,0,0,No,No,Stayed
15700255,814,Germany,Male,44,8,"£95,488.82",2,0,0,"£107,013.59",0,31-45,0.89,0,No,No,Stayed
15669410,683,France,Male,30,8,"£110,829.52",2,0,0,"£24,938.84",0,18-30,4.44,0,No,No,Stayed
15807595,485,Germany,Male,51,7,"£144,244.59",2,1,0,"£51,113.14",0,46-60,2.82,0,Yes,No,Stayed
15664523,696,Germany,Female,31,8,"£122,021.92",2,1,0,"£33,828.64",0,31-45,3.61,0,Yes,No,Stayed
15642833,608,France,Female,30,8,£0.00,2,1,0,"£128,875.86",0,18-30,0,0,Yes,No,Stayed
15605279,792,France,Male,50,9,£0.00,4,1,1,"£194,700.81",1,46-60,0,1,Yes,Yes,Churned
15713644,686,Spain,Male,22,5,£0.00,2,1,0,"£158,974.45",0,18-30,0,0,Yes,No,Stayed
15750466,790,Germany,Male,42,1,"£85,839.62",1,1,0,"£198,182.73",0,31-45,0.43,0,Yes,No,Stayed
15739054,654,France,Female,29,4,"£96,974.97",1,0,1,"£141,404.07",0,18-30,0.69,0,No,Yes,Stayed
15612771,452,France,Male,35,4,"£148,172.44",1,1,1,"£4,175.68",0,31-45,35.48,0,Yes,Yes,Stayed
15788483,719,Spain,Male,38,0,£0.00,1,1,0,"£126,876.47",0,31-45,0,0,Yes,No,Stayed
15732832,707,France,Female,40,5,£0.00,2,1,0,"£41,052.82",0,31-45,0,0,Yes,No,Stayed
15772892,699,France,Female,49,2,£0.00,1,0,0,"£105,760.01",0,46-60,0,0,No,No,Stayed
15713843,850,Spain,Male,30,2,£0.00,2,0,1,"£27,937.12",0,18-30,0,0,No,Yes,Stayed
15567993,828,Spain,Male,28,8,"£134,766.85",1,1,0,"£79,355.87",0,18-30,1.7,0,Yes,No,Stayed
15617603,850,Germany,Male,30,5,"£123,210.56",2,1,1,"£102,180.27",0,18-30,1.21,0,Yes,Yes,Stayed
15744983,712,Spain,Male,47,1,"£139,887.01",1,1,1,"£95,719.73",0,46-60,1.46,0,Yes,Yes,Stayed
15630419,634,France,Male,44,9,"£149,961.11",1,1,0,"£57,121.51",0,31-45,2.63,0,Yes,No,Stayed
15738828,730,Germany,Male,45,6,"£152,880.97",1,0,0,"£162,478.11",0,31-45,0.94,0,No,No,Stayed
15778025,685,Germany,Male,43,9,"£108,589.47",2,0,1,"£194,808.51",0,31-45,0.56,0,No,Yes,Stayed
15799479,809,Spain,Male,33,9,£0.00,1,1,1,"£124,045.65",0,31-45,0,0,Yes,Yes,Stayed
15684269,707,Spain,Female,35,3,"£56,674.48",1,1,0,"£17,987.40",1,31-45,3.15,0,Yes,No,Churned
15762745,648,Spain,Male,32,8,£0.00,1,1,0,"£133,653.38",0,31-45,0,0,Yes,No,Stayed
15746970,760,Spain,Female,57,1,£0.00,2,1,1,"£25,101.17",0,46-60,0,0,Yes,Yes,Stayed
15725024,805,Germany,Female,33,3,"£105,663.56",2,0,1,"£33,330.89",0,31-45,3.17,0,No,Yes,Stayed
15592116,585,France,Female,39,7,£0.00,2,1,0,"£2,401.26",0,31-45,0,0,Yes,No,Stayed
15624391,595,Spain,Female,30,5,"£100,683.54",1,1,1,"£178,361.04",0,18-30,0.56,0,Yes,Yes,Stayed
15567422,630,France,Male,42,6,£0.00,2,1,0,"£162,697.93",0,31-45,0,0,Yes,No,Stayed
15612627,627,Germany,Male,29,5,"£139,541.58",2,1,0,"£80,607.33",0,18-30,1.73,0,Yes,No,Stayed
15574879,631,Germany,Female,37,2,"£121,801.72",2,0,1,"£23,146.62",0,31-45,5.26,0,No,Yes,Stayed
15745107,776,Germany,Male,38,5,"£112,281.70",1,0,1,"£89,893.60",0,31-45,1.25,0,No,Yes,Stayed
15734491,676,Spain,Female,36,4,£0.00,2,1,1,"£3,173.31",0,31-45,0,0,Yes,Yes,Stayed
15675320,758,Spain,Female,40,5,"£93,499.82",2,0,0,"£123,218.81",0,31-45,0.76,0,No,No,Stayed
15643824,637,France,Male,33,0,"£132,255.99",2,0,1,"£74,588.41",0,31-45,1.77,0,No,Yes,Stayed
15643438,850,France,Male,20,7,£0.00,2,1,0,"£31,288.77",0,18-30,0,0,Yes,No,Stayed
15721730,601,Spain,Female,44,4,£0.00,2,1,0,"£58,561.31",0,31-45,0,0,Yes,No,Stayed
15680727,735,France,Male,49,5,"£121,973.28",1,1,0,"£148,804.36",0,46-60,0.82,0,Yes,No,Stayed
15752508,614,Germany,Male,32,7,"£99,462.80",2,1,1,"£51,117.06",0,31-45,1.95,0,Yes,Yes,Stayed
15808846,672,Germany,Female,21,3,"£165,878.76",2,1,1,"£164,537.17",0,18-30,1.01,0,Yes,Yes,Stayed
15727251,642,France,Male,30,8,"£117,494.27",1,0,0,"£61,977.82",0,18-30,1.9,0,No,No,Stayed
15663489,633,Germany,Female,29,0,"£138,577.34",1,1,0,"£193,362.99",0,18-30,0.72,0,Yes,No,Stayed
15683677,769,Spain,Male,39,9,£0.00,1,1,1,"£47,722.79",0,31-45,0,0,Yes,Yes,Stayed
15596414,796,Spain,Male,41,8,"£107,525.07",1,1,0,"£18,510.41",0,31-45,5.81,0,Yes,No,Stayed
15730639,715,France,Male,23,7,"£139,224.92",2,1,0,"£65,057.71",0,18-30,2.14,0,Yes,No,Stayed
15672132,695,France,Female,42,7,"£121,453.63",1,0,0,"£46,374.64",0,31-45,2.62,0,No,No,Stayed
15742638,747,France,Female,25,4,£0.00,2,0,1,"£42,039.67",0,18-30,0,0,No,Yes,Stayed
15578603,584,Germany,Female,54,1,"£77,354.37",1,0,0,"£138,192.98",1,46-60,0.56,0,No,No,Churned
15726088,476,France,Male,40,6,£0.00,1,1,1,"£22,735.45",0,31-45,0,0,Yes,Yes,Stayed
15682533,850,France,Female,39,7,"£79,259.99",1,0,1,"£186,910.74",0,31-45,0.42,0,No,Yes,Stayed
15772995,529,France,Male,30,2,"£116,295.29",1,1,0,"£75,285.47",0,18-30,1.54,0,Yes,No,Stayed
15765694,584,Spain,Female,59,1,£0.00,1,0,1,"£130,260.11",1,46-60,0,0,No,Yes,Churned
15659486,586,Germany,Male,34,9,"£74,309.81",1,1,0,"£15,034.93",0,31-45,4.94,0,Yes,No,Stayed
15568963,674,Germany,Male,34,2,"£152,797.90",1,1,0,"£175,709.40",1,31-45,0.87,0,Yes,No,Churned
15703820,552,France,Male,42,9,"£133,701.07",2,1,0,"£101,069.71",1,31-45,1.32,0,Yes,No,Churned
15569410,601,Germany,Female,33,7,"£114,430.18",2,1,1,"£153,012.13",0,31-45,0.75,0,Yes,Yes,Stayed
15632256,541,France,Male,29,7,"£127,504.57",1,0,0,"£86,173.92",0,18-30,1.48,0,No,No,Stayed
15724466,744,Germany,Female,41,2,"£84,113.41",1,1,0,"£197,548.63",0,31-45,0.43,0,Yes,No,Stayed
15777639,595,Spain,Female,23,10,"£101,126.66",2,0,0,"£37,042.80",0,18-30,2.73,0,No,No,Stayed
15802501,724,Germany,Male,33,5,"£103,564.83",2,1,0,"£121,085.72",0,31-45,0.86,0,Yes,No,Stayed
15778410,533,Spain,Female,52,7,£0.00,1,0,1,"£194,113.99",1,46-60,0,0,No,Yes,Churned
15670702,618,France,Male,37,2,"£168,178.21",2,0,1,"£101,273.23",0,31-45,1.66,0,No,Yes,Stayed
15704763,523,Germany,Female,39,1,"£143,903.11",1,1,1,"£118,711.75",1,31-45,1.21,0,Yes,Yes,Churned
15645544,642,Germany,Female,30,5,"£129,753.69",1,1,0,£582.53,0,18-30,222.74,0,Yes,No,Stayed
15757646,584,France,Male,35,9,£0.00,2,1,0,"£192,381.21",0,31-45,0,0,Yes,No,Stayed
15701121,521,France,Male,38,5,"£110,641.18",1,0,1,"£136,507.69",1,31-45,0.81,0,No,Yes,Churned
15796313,662,France,Female,36,4,"£166,909.20",2,1,0,"£138,871.12",1,31-45,1.2,0,Yes,No,Churned
15815660,758,France,Female,34,1,"£154,139.45",1,1,1,"£60,728.89",0,31-45,2.54,0,Yes,Yes,Stayed
15602844,717,France,Male,38,7,"£97,459.06",1,0,0,"£189,175.71",0,31-45,0.52,0,No,No,Stayed
15636238,611,France,Male,40,1,£0.00,2,1,1,"£102,547.56",0,31-45,0,0,Yes,Yes,Stayed
15770101,766,Germany,Male,43,6,"£112,088.04",2,1,1,"£36,706.56",0,31-45,3.05,0,Yes,Yes,Stayed
15645543,636,France,Female,34,3,£0.00,2,1,1,"£44,756.25",0,31-45,0,0,Yes,Yes,Stayed
15596397,814,France,Female,48,7,£0.00,2,1,1,"£132,870.15",0,46-60,0,0,Yes,Yes,Stayed
15770525,760,Spain,Male,28,1,"£141,038.57",2,0,0,"£16,287.38",0,18-30,8.66,0,No,No,Stayed
15684267,607,Germany,Male,39,2,"£84,468.67",2,1,1,"£121,945.42",0,31-45,0.69,0,Yes,Yes,Stayed
15689980,725,Spain,Female,36,4,"£118,520.26",1,0,0,"£131,173.90",1,31-45,0.9,0,No,No,Churned
15633260,600,France,Male,37,1,"£142,663.46",1,0,1,"£88,669.89",0,31-45,1.61,0,No,Yes,Stayed
15756471,656,Germany,Male,27,4,"£118,627.16",2,1,1,"£160,835.30",0,18-30,0.74,0,Yes,Yes,Stayed
15721303,640,Spain,Male,34,1,"£137,523.02",1,0,0,"£24,761.36",0,31-45,5.55,0,No,No,Stayed
15802256,439,France,Male,28,7,"£110,976.23",2,1,0,"£138,526.96",0,18-30,0.8,0,Yes,No,Stayed
15725664,549,France,Female,38,8,"£107,283.40",1,0,0,"£157,442.75",0,31-45,0.68,0,No,No,Stayed
15674851,622,France,Male,38,5,£0.00,2,0,0,"£105,295.77",0,31-45,0,0,No,No,Stayed
15701946,715,France,Male,34,4,"£124,314.45",1,0,0,"£97,782.92",0,31-45,1.27,0,No,No,Stayed
15748947,657,France,Female,41,5,"£95,858.37",1,1,1,"£68,255.88",0,31-45,1.4,0,Yes,Yes,Stayed
15673342,703,France,Male,36,2,£0.00,2,1,0,"£108,790.95",0,31-45,0,0,Yes,No,Stayed
15601008,802,France,Male,33,8,£0.00,2,1,0,"£143,706.18",0,31-45,0,0,Yes,No,Stayed
15771636,793,Spain,Female,36,0,£0.00,1,0,0,"£148,993.47",0,31-45,0,0,No,No,Stayed
15642002,554,France,Female,35,6,"£117,707.18",2,0,0,"£95,277.15",1,31-45,1.24,0,No,No,Churned
15693381,533,Spain,Male,38,1,"£135,289.33",2,0,1,"£152,956.33",0,31-45,0.88,0,No,Yes,Stayed
15607691,658,France,Male,36,8,"£174,060.46",1,1,1,"£94,925.62",0,31-45,1.83,0,Yes,Yes,Stayed
15589380,713,Germany,Male,40,3,"£114,446.84",2,1,1,"£87,308.18",0,31-45,1.31,0,Yes,Yes,Stayed
15603846,711,Spain,Male,37,2,£0.00,2,1,0,"£83,978.86",1,31-45,0,0,Yes,No,Churned
15753549,669,France,Male,25,1,"£157,848.53",1,0,0,"£37,543.93",1,18-30,4.2,0,No,No,Churned
15725355,439,France,Female,43,8,£0.00,1,0,1,"£104,889.30",0,31-45,0,0,No,Yes,Stayed
15773017,763,Spain,Female,37,6,£0.00,2,1,1,"£149,705.25",0,31-45,0,0,Yes,Yes,Stayed
15625641,697,Germany,Female,74,3,"£108,071.36",2,1,1,"£16,445.79",0,60+,6.57,0,Yes,Yes,Stayed
15776467,702,Spain,Female,35,8,"£14,262.80",2,1,0,"£54,689.16",0,31-45,0.26,0,Yes,No,Stayed
15746451,686,Spain,Male,41,7,"£102,749.72",1,0,1,"£194,913.86",0,31-45,0.53,0,No,Yes,Stayed
15777922,629,Spain,Male,36,1,"£161,757.87",2,1,1,"£146,371.72",0,31-45,1.11,0,Yes,Yes,Stayed
15606841,823,France,Male,38,1,£0.00,2,1,0,"£156,603.70",0,31-45,0,0,Yes,No,Stayed
15757648,683,Germany,Female,35,5,"£95,698.79",1,0,1,"£182,566.76",0,31-45,0.52,0,No,Yes,Stayed
15677173,555,France,Male,37,9,"£124,969.13",1,1,0,"£60,194.05",0,31-45,2.08,0,Yes,No,Stayed
15764170,647,Germany,Male,44,4,"£93,960.35",1,1,0,"£36,579.53",1,31-45,2.57,0,Yes,No,Churned
15610446,714,France,Female,51,4,"£88,308.87",3,0,0,"£5,862.53",1,46-60,15.06,1,No,No,Churned
15612776,850,Spain,Female,39,10,£0.00,2,1,1,"£143,030.09",0,31-45,0,0,Yes,Yes,Stayed
15794122,713,France,Female,59,3,£0.00,2,1,1,"£62,700.08",0,46-60,0,0,Yes,Yes,Stayed
15774931,452,France,Male,30,7,"£112,935.87",1,1,1,"£99,017.34",0,18-30,1.14,0,Yes,Yes,Stayed
15779247,683,Spain,Female,24,8,"£98,567.10",1,1,0,"£187,987.01",0,18-30,0.52,0,Yes,No,Stayed
15707078,577,France,Female,26,1,"£180,530.51",1,0,0,"£123,454.62",0,18-30,1.46,0,No,No,Stayed
15605263,552,France,Male,33,5,"£140,931.57",1,0,1,"£10,921.50",0,31-45,12.9,0,No,Yes,Stayed
15607381,769,Germany,Female,31,7,"£148,913.72",2,1,0,"£53,817.23",0,31-45,2.77,0,Yes,No,Stayed
15683471,691,France,Male,38,7,£0.00,2,0,0,"£81,617.40",0,31-45,0,0,No,No,Stayed
15605037,818,France,Female,49,2,£0.00,1,0,1,"£192,298.84",1,46-60,0,0,No,Yes,Churned
15576085,739,France,Male,41,5,£0.00,2,0,0,"£143,882.25",0,31-45,0,0,No,No,Stayed
15770435,639,France,Female,50,6,"£115,335.32",2,1,1,"£53,130.41",0,46-60,2.17,0,Yes,Yes,Stayed
15592994,651,France,Female,65,0,£0.00,2,1,1,"£190,454.04",0,60+,0,0,Yes,Yes,Stayed
15624068,779,France,Female,26,0,£0.00,2,0,1,"£111,906.00",0,18-30,0,0,No,Yes,Stayed
15595221,850,Germany,Female,33,7,"£134,678.13",1,1,0,"£113,177.95",0,31-45,1.19,0,Yes,No,Stayed
15637131,829,France,Male,38,9,£0.00,2,1,0,"£30,529.88",0,31-45,0,0,Yes,No,Stayed
15613471,579,Germany,Male,31,2,"£90,547.48",2,1,1,"£18,800.13",0,31-45,4.82,0,Yes,Yes,Stayed
15583499,510,France,Male,32,9,"£103,324.78",1,1,1,"£46,127.70",0,31-45,2.24,0,Yes,Yes,Stayed
15752816,531,France,Male,29,3,"£114,590.58",1,0,0,"£75,585.48",0,18-30,1.52,0,No,No,Stayed
15804075,628,Germany,Female,36,3,"£91,286.51",1,1,0,"£63,085.94",0,31-45,1.45,0,Yes,No,Stayed
15800517,633,Spain,Male,32,5,"£163,340.12",2,1,1,"£74,415.20",0,31-45,2.19,0,Yes,Yes,Stayed
15712319,714,Spain,Male,45,8,"£150,900.29",2,0,1,"£139,889.15",0,31-45,1.08,0,No,Yes,Stayed
15797389,604,Spain,Male,23,9,"£124,577.33",1,1,1,"£7,267.25",0,18-30,17.14,0,Yes,Yes,Stayed
15621432,630,Spain,Male,35,1,£0.00,2,0,0,"£186,826.22",0,31-45,0,0,No,No,Stayed
15779390,850,Spain,Female,31,4,"£91,292.70",1,1,1,"£162,149.07",0,31-45,0.56,0,Yes,Yes,Stayed
15711219,788,Germany,Female,57,8,"£93,716.72",1,1,1,"£180,150.49",1,46-60,0.52,0,Yes,Yes,Churned
15770498,798,France,Female,37,4,"£111,723.08",1,1,1,"£83,478.12",0,31-45,1.34,0,Yes,Yes,Stayed
15678727,770,Germany,Male,45,4,"£110,765.68",1,1,0,"£26,163.74",1,31-45,4.23,0,Yes,No,Churned
15573893,569,Germany,Male,25,9,"£173,459.45",2,1,1,"£44,381.06",0,18-30,3.91,0,Yes,Yes,Stayed
15740104,425,Spain,Female,22,7,"£169,649.73",2,0,1,"£136,365.00",1,18-30,1.24,0,No,Yes,Churned
15792649,547,Spain,Female,31,9,£0.00,2,0,0,"£99,294.22",0,31-45,0,0,No,No,Stayed
15605275,725,Germany,Male,45,8,"£116,917.07",1,0,0,"£173,464.43",1,31-45,0.67,0,No,No,Churned
15572467,506,France,Male,37,5,£0.00,2,1,1,"£127,543.81",0,31-45,0,0,Yes,Yes,Stayed
15738219,632,France,Female,36,7,£0.00,2,1,1,"£52,526.65",0,31-45,0,0,Yes,Yes,Stayed
15600710,620,France,Male,22,0,£0.00,1,1,0,"£32,589.45",0,18-30,0,0,Yes,No,Stayed
15804394,663,Germany,Male,32,8,"£130,627.66",1,1,0,"£47,161.25",1,31-45,2.77,0,Yes,No,Churned
15694188,700,Spain,Female,46,5,"£56,580.95",2,0,1,"£45,424.13",0,46-60,1.25,0,No,Yes,Stayed
15583718,696,Germany,Male,38,6,"£142,316.14",1,1,1,"£8,018.49",0,31-45,17.75,0,Yes,Yes,Stayed
15802478,767,Spain,Male,31,6,£0.00,2,1,1,"£195,668.00",0,31-45,0,0,Yes,Yes,Stayed
15619343,561,France,Male,56,7,"£152,759.00",2,1,0,"£133,167.11",1,46-60,1.15,0,Yes,No,Churned
15758813,350,Germany,Male,39,0,"£109,733.20",2,0,0,"£123,602.11",1,31-45,0.89,0,No,No,Churned
15761374,706,France,Male,54,9,"£117,444.51",1,1,1,"£186,238.85",0,46-60,0.63,0,Yes,Yes,Stayed
15569209,464,Spain,Female,34,5,"£76,001.57",1,1,1,"£158,668.87",0,31-45,0.48,0,Yes,Yes,Stayed
15788539,501,France,Female,34,3,"£107,747.57",1,1,0,"£9,249.36",0,31-45,11.65,0,Yes,No,Stayed
15747222,745,Spain,Female,35,8,£0.00,2,1,1,"£116,581.10",0,31-45,0,0,Yes,Yes,Stayed
15769346,587,France,Female,36,1,"£134,997.49",2,1,0,"£44,688.08",0,31-45,3.02,0,Yes,No,Stayed
15699634,667,France,Female,48,2,£0.00,2,1,1,"£148,608.39",0,46-60,0,0,Yes,Yes,Stayed
15589076,737,France,Male,36,9,£0.00,1,0,1,"£188,670.90",1,31-45,0,0,No,Yes,Churned
15812338,485,Spain,Female,30,7,£0.00,1,1,0,"£107,067.37",0,18-30,0,0,Yes,No,Stayed
15758845,590,Spain,Female,37,0,"£64,345.21",1,0,1,"£61,759.33",1,31-45,1.04,0,No,Yes,Churned
15685844,518,Germany,Female,35,8,"£141,665.63",1,0,1,"£192,776.64",0,31-45,0.73,0,No,Yes,Stayed
15583090,581,Spain,Female,29,8,£0.00,2,1,0,"£46,735.19",0,18-30,0,0,Yes,No,Stayed
15587581,785,Germany,Female,33,5,"£136,624.60",2,1,1,"£169,117.74",0,31-45,0.81,0,Yes,Yes,Stayed
15633640,799,France,Female,52,4,"£161,209.66",1,1,1,"£89,081.41",0,46-60,1.81,0,Yes,Yes,Stayed
15573741,698,Spain,Male,38,10,"£95,010.92",1,1,1,"£105,227.86",0,31-45,0.9,0,Yes,Yes,Stayed
15633574,730,France,Female,41,4,"£167,545.32",1,1,0,"£128,246.81",0,31-45,1.31,0,Yes,No,Stayed
15711455,740,Germany,Female,36,4,"£109,044.60",1,0,0,"£94,554.74",1,31-45,1.15,0,No,No,Churned
15570601,785,France,Female,47,9,"£122,031.55",1,1,1,"£33,823.50",1,46-60,3.61,0,Yes,Yes,Churned
15690925,527,Spain,Female,29,2,"£27,755.97",1,1,0,"£97,468.44",1,18-30,0.28,0,Yes,No,Churned
15709338,544,France,Female,29,1,"£118,560.55",1,1,1,"£164,137.36",0,18-30,0.72,0,Yes,Yes,Stayed
15780746,705,France,Male,61,4,£0.00,2,1,1,"£191,313.70",0,60+,0,0,Yes,Yes,Stayed
15681956,684,France,Male,34,9,£0.00,2,1,1,"£65,257.57",0,31-45,0,0,Yes,Yes,Stayed
15778190,639,Spain,Female,28,8,"£97,840.72",1,1,1,"£178,222.77",0,18-30,0.55,0,Yes,Yes,Stayed
15786852,565,Germany,Female,38,2,"£158,651.29",2,1,1,"£179,445.28",0,31-45,0.88,0,Yes,Yes,Stayed
15726494,481,France,Male,44,9,"£175,303.06",1,1,0,"£65,500.53",1,31-45,2.68,0,Yes,No,Churned
15641183,731,Spain,Male,25,8,"£96,950.21",1,1,0,"£97,877.92",0,18-30,0.99,0,Yes,No,Stayed
15805312,607,France,Male,45,7,"£123,859.60",1,0,1,"£113,051.57",0,31-45,1.1,0,No,Yes,Stayed
15636572,760,France,Female,32,7,£0.00,2,1,1,"£105,969.05",0,31-45,0,0,Yes,Yes,Stayed
15632575,559,France,Female,70,9,£0.00,1,1,1,"£122,996.76",0,60+,0,0,Yes,Yes,Stayed
15740164,715,France,Female,33,3,"£85,227.84",1,1,1,"£68,087.15",0,31-45,1.25,0,Yes,Yes,Stayed
15574947,656,France,Male,36,8,"£97,786.08",2,0,1,"£21,478.36",0,31-45,4.55,0,No,Yes,Stayed
15597909,652,Germany,Male,33,7,"£128,135.99",1,1,0,"£158,437.73",0,31-45,0.81,0,Yes,No,Stayed
15782574,624,Spain,Male,33,6,£0.00,2,0,0,"£76,551.70",0,31-45,0,0,No,No,Stayed
15734999,634,Spain,Male,36,2,"£85,996.19",1,1,0,"£15,887.68",0,31-45,5.41,0,Yes,No,Stayed
15706593,850,Spain,Female,50,10,£0.00,2,1,1,"£33,741.84",0,46-60,0,0,Yes,Yes,Stayed
15766686,659,Germany,Female,39,1,"£104,502.11",1,1,0,"£20,652.69",0,31-45,5.06,0,Yes,No,Stayed
15590268,529,Spain,Male,35,5,"£95,772.97",1,1,1,"£112,781.50",0,31-45,0.85,0,Yes,Yes,Stayed
15763055,572,Spain,Male,31,5,"£98,108.79",1,0,1,"£119,996.95",0,31-45,0.82,0,No,Yes,Stayed
15664754,640,Germany,Male,39,9,"£131,607.28",4,0,1,"£6,981.43",1,31-45,18.85,1,No,Yes,Churned
15643630,770,Spain,Male,55,9,"£63,127.41",2,1,0,"£185,211.28",1,46-60,0.34,0,Yes,No,Churned
15641043,648,Spain,Male,35,7,£0.00,2,1,1,"£78,436.36",0,31-45,0,0,Yes,Yes,Stayed
15768095,579,France,Male,31,9,£0.00,1,0,1,"£139,048.00",0,31-45,0,0,No,Yes,Stayed
15811314,589,Germany,Female,36,9,"£140,355.56",2,1,0,"£136,329.96",0,31-45,1.03,0,Yes,No,Stayed
15669922,530,Spain,Female,36,2,£0.00,2,1,1,"£14,721.80",0,31-45,0,0,Yes,Yes,Stayed
15707114,831,France,Male,30,2,£0.00,2,0,1,"£3,430.38",0,18-30,0,0,No,Yes,Stayed
15670602,790,Germany,Male,24,7,"£107,418.27",1,0,1,"£160,450.21",0,18-30,0.67,0,No,Yes,Stayed
15713479,656,France,Male,35,6,£0.00,2,1,0,"£1,485.27",0,31-45,0,0,Yes,No,Stayed
15663830,563,Spain,Male,32,6,£0.00,2,1,1,"£19,720.08",0,31-45,0,0,Yes,Yes,Stayed
15566958,667,Spain,Male,39,7,"£167,557.12",1,1,1,"£41,183.02",0,31-45,4.07,0,Yes,Yes,Stayed
15680918,613,Spain,Male,34,8,"£117,300.02",1,1,0,"£139,410.08",0,31-45,0.84,0,Yes,No,Stayed
15663921,429,France,Male,60,7,£0.00,2,1,1,"£163,691.48",0,46-60,0,0,Yes,Yes,Stayed
15716324,665,France,Female,23,9,"£143,672.90",1,1,1,"£115,147.33",0,18-30,1.25,0,Yes,Yes,Stayed
15796969,731,France,Male,33,4,£0.00,2,1,1,"£74,945.11",0,31-45,0,0,Yes,Yes,Stayed
15574783,584,France,Female,37,1,£0.00,2,1,1,"£180,363.56",0,31-45,0,0,Yes,Yes,Stayed
15773487,634,Germany,Female,31,8,"£76,798.92",1,0,0,"£196,021.73",0,31-45,0.39,0,No,No,Stayed
15802486,488,France,Male,34,3,£0.00,2,1,1,"£125,979.36",0,31-45,0,0,Yes,Yes,Stayed
15783398,535,Spain,Female,49,7,"£115,309.75",1,1,0,"£111,421.77",0,46-60,1.03,0,Yes,No,Stayed
15649418,776,France,Female,29,7,"£178,171.04",2,1,1,"£115,818.51",0,18-30,1.54,0,Yes,Yes,Stayed
15604588,850,Spain,Female,38,3,£0.00,2,0,1,"£179,360.76",0,31-45,0,0,No,Yes,Stayed
15735428,673,Spain,Female,37,0,£0.00,2,0,0,"£82,351.06",0,31-45,0,0,No,No,Stayed
15629078,850,Germany,Female,45,5,"£127,258.79",1,1,1,"£192,744.23",1,31-45,0.66,0,Yes,Yes,Churned
15806880,627,Spain,Female,30,6,£0.00,1,1,1,"£113,408.47",0,18-30,0,0,Yes,Yes,Stayed
15754999,570,France,Female,33,8,£0.00,1,1,1,"£124,641.42",0,31-45,0,0,Yes,Yes,Stayed
15781034,796,Spain,Male,67,5,£0.00,2,0,1,"£54,871.02",0,60+,0,0,No,Yes,Stayed
15622017,773,Spain,Female,33,10,£0.00,1,1,1,"£98,820.09",0,31-45,0,0,Yes,Yes,Stayed
15705885,752,Spain,Male,36,2,£0.00,2,1,1,"£45,570.84",0,31-45,0,0,Yes,Yes,Stayed
15677382,625,Spain,Female,69,1,"£107,569.96",1,1,1,"£182,336.45",0,60+,0.59,0,Yes,Yes,Stayed
15566843,535,Germany,Male,20,9,"£134,874.40",1,1,1,"£118,825.56",0,18-30,1.14,0,Yes,Yes,Stayed
15608387,786,France,Female,29,4,£0.00,2,1,0,"£103,372.79",0,18-30,0,0,Yes,No,Stayed
15810786,620,France,Female,67,3,£0.00,2,1,1,"£43,486.73",0,60+,0,0,Yes,Yes,Stayed
15626983,605,Spain,Female,48,6,£0.00,2,1,1,"£40,062.99",0,46-60,0,0,Yes,Yes,Stayed
15773605,670,Spain,Female,32,3,£0.00,2,1,0,"£46,175.70",0,31-45,0,0,Yes,No,Stayed
15811261,617,Spain,Male,42,0,"£70,105.87",1,1,1,"£120,830.73",0,31-45,0.58,0,Yes,Yes,Stayed
15590606,595,France,Male,41,9,£0.00,2,1,0,"£5,967.09",0,31-45,0,0,Yes,No,Stayed
15576644,687,Germany,Female,29,4,"£78,939.15",1,1,0,"£122,134.56",1,18-30,0.65,0,Yes,No,Churned
15750264,757,Germany,Male,30,6,"£105,128.85",2,1,1,"£62,972.13",0,18-30,1.67,0,Yes,Yes,Stayed
15741554,746,Spain,Male,31,2,"£113,836.27",1,1,1,"£174,815.54",0,31-45,0.65,0,Yes,Yes,Stayed
15769051,503,Spain,Male,25,7,£0.00,1,0,1,"£192,841.13",0,18-30,0,0,No,Yes,Stayed
15812198,543,Germany,Male,48,1,"£100,900.50",1,0,0,"£33,310.72",1,46-60,3.03,0,No,No,Churned
15699772,428,Germany,Female,40,3,"£129,248.11",2,1,0,"£72,876.43",1,31-45,1.77,0,Yes,No,Churned
15744105,768,France,Female,28,3,"£109,118.05",2,0,1,"£50,911.41",0,18-30,2.14,0,No,Yes,Stayed
15739858,618,France,Male,56,7,£0.00,1,1,1,"£142,400.27",1,46-60,0,0,Yes,Yes,Churned
15723720,591,France,Female,31,7,£0.00,2,0,1,"£48,778.46",0,31-45,0,0,No,Yes,Stayed
15638355,658,France,Female,35,5,"£126,397.66",1,0,0,"£156,361.58",1,31-45,0.81,0,No,No,Churned
15805637,625,France,Male,36,9,"£108,546.16",3,1,0,"£133,807.77",1,31-45,0.81,1,Yes,No,Churned
15629575,717,France,Male,36,2,"£148,061.89",1,1,0,"£179,128.69",1,31-45,0.83,0,Yes,No,Churned
15586243,667,France,Male,44,8,"£122,277.87",1,1,1,"£91,810.71",0,31-45,1.33,0,Yes,Yes,Stayed
15757931,804,France,Male,24,3,£0.00,2,1,0,"£173,195.33",0,18-30,0,0,Yes,No,Stayed
15716023,693,France,Male,31,1,£0.00,2,0,1,"£182,270.88",0,31-45,0,0,No,Yes,Stayed
15647782,729,Germany,Male,36,8,"£152,899.24",2,1,0,"£177,130.33",0,31-45,0.86,0,Yes,No,Stayed
15716609,484,Germany,Male,54,3,"£134,388.11",1,0,0,"£49,954.79",1,46-60,2.69,0,No,No,Churned
15623791,632,Spain,Female,40,3,"£109,740.62",1,1,0,"£141,896.74",0,31-45,0.77,0,Yes,No,Stayed
15627262,536,Germany,Male,23,6,"£92,366.72",2,1,0,"£120,661.71",0,18-30,0.77,0,Yes,No,Stayed
15652693,573,France,Female,26,4,"£129,109.02",1,0,0,"£149,814.68",1,18-30,0.86,0,No,No,Churned
15586993,655,Spain,Female,56,5,£0.00,2,1,1,"£41,782.70",0,46-60,0,0,Yes,Yes,Stayed
15815560,666,Germany,Male,74,7,"£105,102.50",1,1,1,"£46,172.47",0,60+,2.28,0,Yes,Yes,Stayed
15584930,726,Germany,Male,30,5,"£111,375.32",2,1,0,"£2,704.09",0,18-30,41.19,0,Yes,No,Stayed
15799031,523,France,Male,39,3,£0.00,2,1,0,"£6,726.53",0,31-45,0,0,Yes,No,Stayed
15810457,728,Germany,Female,33,9,"£150,412.14",2,1,0,"£170,764.08",0,31-45,0.88,0,Yes,No,Stayed
15697879,701,France,Male,30,3,"£156,660.72",2,1,0,"£45,742.42",0,18-30,3.42,0,Yes,No,Stayed
15594902,518,France,Male,38,3,"£90,957.81",1,0,1,"£162,304.59",0,31-45,0.56,0,No,Yes,Stayed
15799710,739,France,Male,37,7,"£104,960.46",1,0,1,"£80,883.82",0,31-45,1.3,0,No,Yes,Stayed
15659651,531,Germany,Female,31,7,"£117,052.82",1,1,0,"£118,508.09",1,31-45,0.99,0,Yes,No,Churned
15645956,452,Spain,Male,44,3,"£88,915.85",1,1,0,"£69,697.74",0,31-45,1.28,0,Yes,No,Stayed
15651713,684,France,Male,45,6,"£148,071.39",1,1,0,"£183,575.01",0,31-45,0.81,0,Yes,No,Stayed
15737265,728,Germany,Male,39,6,"£152,182.83",1,0,0,"£161,203.60",0,31-45,0.94,0,No,No,Stayed
15687310,783,Spain,Male,39,9,£0.00,2,1,0,"£143,752.77",0,31-45,0,0,Yes,No,Stayed
15607347,734,France,Male,22,5,"£130,056.23",1,0,0,"£121,894.31",1,18-30,1.07,0,No,No,Churned
15698321,648,Germany,Male,34,3,"£95,039.73",2,1,1,"£147,055.87",0,31-45,0.65,0,Yes,Yes,Stayed
15657812,688,France,Male,52,1,£0.00,2,1,1,"£172,033.57",0,46-60,0,0,Yes,Yes,Stayed
15569187,680,Spain,Male,35,9,£0.00,2,0,0,"£143,774.06",0,31-45,0,0,No,No,Stayed
15681562,516,France,Female,43,2,"£112,773.73",2,1,1,"£139,366.58",0,31-45,0.81,0,Yes,Yes,Stayed
15615456,680,France,Female,37,10,"£123,806.28",1,1,0,"£81,776.84",1,31-45,1.51,0,Yes,No,Churned
15589793,604,France,Male,53,8,"£144,453.75",1,1,0,"£190,998.96",1,46-60,0.76,0,Yes,No,Churned
15781884,624,Germany,Male,27,9,"£94,667.29",2,0,1,"£4,470.52",0,18-30,21.18,0,No,Yes,Stayed
15675190,623,France,Male,21,10,£0.00,2,0,1,"£135,851.30",0,18-30,0,0,No,Yes,Stayed
15600734,624,Spain,Male,51,5,"£174,397.21",2,1,1,"£172,372.63",0,46-60,1.01,0,Yes,Yes,Stayed
15779176,565,Germany,Female,58,3,"£108,888.24",3,0,1,"£135,875.51",1,46-60,0.8,1,No,Yes,Churned
15605286,565,France,Male,55,4,"£118,803.35",2,1,1,"£128,124.70",1,46-60,0.93,0,Yes,Yes,Churned
15674922,710,France,Male,54,6,"£171,137.62",1,1,1,"£167,023.95",1,46-60,1.02,0,Yes,Yes,Churned
15737506,645,France,Male,42,6,£0.00,1,0,0,"£149,807.01",0,31-45,0,0,No,No,Stayed
15780514,707,France,Male,33,8,"£136,678.52",1,1,0,"£54,290.62",0,31-45,2.52,0,Yes,No,Stayed
15623647,655,Spain,Female,36,1,"£135,515.76",1,1,0,"£86,013.96",0,31-45,1.58,0,Yes,No,Stayed
15668472,705,Spain,Female,24,5,"£177,799.83",2,0,0,"£79,886.06",0,18-30,2.23,0,No,No,Stayed
15692416,358,Spain,Female,52,8,"£143,542.36",3,1,0,"£141,959.11",1,46-60,1.01,1,Yes,No,Churned
15771139,578,Germany,Male,34,8,"£147,487.23",2,1,0,"£66,680.77",0,31-45,2.21,0,Yes,No,Stayed
15738318,800,France,Female,40,5,"£97,764.41",1,1,0,"£98,640.15",1,31-45,0.99,0,Yes,No,Churned
15772243,612,France,Female,33,9,£0.00,1,0,0,"£142,797.50",1,31-45,0,0,No,No,Churned
15638463,681,Germany,Female,48,8,"£139,480.18",1,1,1,"£163,581.67",0,46-60,0.85,0,Yes,Yes,Stayed
15598088,559,Spain,Male,25,5,£0.00,2,1,1,"£163,221.22",0,18-30,0,0,Yes,Yes,Stayed
15693468,488,Spain,Female,39,9,"£140,553.46",1,0,0,"£12,440.44",0,31-45,11.3,0,No,No,Stayed
15671930,717,France,Female,36,5,£0.00,2,1,1,"£145,551.60",0,31-45,0,0,Yes,Yes,Stayed
15762268,666,France,Female,41,10,"£141,162.08",1,1,0,"£50,908.48",0,31-45,2.77,0,Yes,No,Stayed
15780954,582,Spain,Male,26,4,"£65,848.36",2,1,0,"£30,149.21",0,18-30,2.18,0,Yes,No,Stayed
15700174,733,Spain,Female,30,0,"£83,319.28",1,0,0,"£57,769.20",0,18-30,1.44,0,No,No,Stayed
15635728,693,France,Male,41,4,£0.00,2,0,0,"£156,381.47",0,31-45,0,0,No,No,Stayed
15679283,694,France,Female,33,4,"£129,731.64",2,1,0,"£178,123.86",0,31-45,0.73,0,Yes,No,Stayed
15591386,622,France,Female,35,5,£0.00,2,1,0,"£51,112.80",0,31-45,0,0,Yes,No,Stayed
15694192,598,Spain,Female,38,6,£0.00,2,0,0,"£173,783.38",0,31-45,0,0,No,No,Stayed
15585901,717,Spain,Male,35,1,£0.00,3,0,0,"£174,770.14",1,31-45,0,1,No,No,Churned
15792329,494,Germany,Male,37,5,"£107,106.33",2,1,0,"£172,063.09",0,31-45,0.62,0,Yes,No,Stayed
15635597,644,France,Male,33,8,£0.00,2,1,1,"£155,294.17",0,31-45,0,0,Yes,Yes,Stayed
15775880,554,France,Female,30,9,£0.00,2,1,1,"£40,320.30",0,18-30,0,0,Yes,Yes,Stayed
15630913,476,Spain,Female,69,1,"£105,303.73",1,0,1,"£134,260.34",0,60+,0.78,0,No,Yes,Stayed
15756680,667,France,Male,28,6,"£165,798.10",1,1,0,"£147,090.90",0,18-30,1.13,0,Yes,No,Stayed
15587913,748,Spain,Female,40,4,£0.00,2,1,0,"£132,368.47",0,31-45,0,0,Yes,No,Stayed
15737605,531,Spain,Female,45,1,"£126,495.57",2,1,1,"£164,741.50",0,31-45,0.77,0,Yes,Yes,Stayed
15627876,719,Spain,Female,47,9,"£116,393.59",1,1,0,"£63,051.32",1,46-60,1.85,0,Yes,No,Churned
15772601,845,Germany,Female,41,2,"£81,733.74",2,0,0,"£199,761.29",0,31-45,0.41,0,No,No,Stayed
15758606,738,France,Male,54,4,£0.00,1,0,1,"£55,725.04",1,46-60,0,0,No,Yes,Churned
15657107,563,Spain,Female,46,8,"£106,171.68",1,1,0,"£163,145.50",1,46-60,0.65,0,Yes,No,Churned
15622454,695,Spain,Male,28,0,"£96,020.86",1,1,1,"£57,992.49",0,18-30,1.66,0,Yes,Yes,Stayed
15775803,841,Spain,Male,41,1,£0.00,2,0,1,"£193,093.77",0,31-45,0,0,No,Yes,Stayed
15570859,626,Germany,Male,36,2,"£181,671.16",2,1,1,"£57,531.14",0,31-45,3.16,0,Yes,Yes,Stayed
15748381,613,France,Female,29,6,"£185,709.28",2,1,1,"£77,242.19",0,18-30,2.4,0,Yes,Yes,Stayed
15787189,824,Germany,Male,60,8,"£134,250.17",3,0,0,"£153,046.16",1,46-60,0.88,1,No,No,Churned
15666055,705,France,Female,49,7,£0.00,1,1,0,"£63,405.20",1,46-60,0,0,Yes,No,Churned
15617648,584,France,Female,44,5,"£95,671.75",2,1,1,"£106,564.88",0,31-45,0.9,0,Yes,Yes,Stayed
15755678,534,France,Male,62,2,£0.00,2,0,0,"£42,763.12",1,60+,0,0,No,No,Churned
15624781,672,France,Female,34,1,"£142,151.75",2,1,1,"£168,753.34",0,31-45,0.84,0,Yes,Yes,Stayed
15779497,603,France,Male,43,5,"£127,823.93",1,1,1,"£19,483.35",0,31-45,6.56,0,Yes,Yes,Stayed
15567399,633,Germany,Male,43,3,"£144,164.29",1,1,1,"£158,646.46",0,31-45,0.91,0,Yes,Yes,Stayed
15613656,842,France,Male,58,1,"£63,492.94",1,1,1,"£83,172.19",0,46-60,0.76,0,Yes,Yes,Stayed
15734311,661,France,Female,27,3,£0.00,2,1,1,"£76,889.79",0,18-30,0,0,Yes,Yes,Stayed
15657214,601,France,Male,74,2,£0.00,2,0,1,"£51,554.58",0,60+,0,0,No,Yes,Stayed
15799350,632,France,Male,41,0,"£106,134.46",1,0,1,"£105,570.39",0,31-45,1.01,0,No,Yes,Stayed
15729970,684,Germany,Male,29,8,"£127,269.75",1,0,1,"£79,495.01",0,18-30,1.6,0,No,Yes,Stayed
15725835,785,Germany,Female,32,3,"£124,493.03",2,0,1,"£52,583.79",1,31-45,2.37,0,No,Yes,Churned
15745543,687,France,Male,39,7,£0.00,2,1,0,"£26,848.25",0,31-45,0,0,Yes,No,Stayed
15727384,705,Germany,Female,43,10,"£146,547.78",1,0,1,"£10,072.55",1,31-45,14.55,0,No,Yes,Churned
15666916,639,France,Male,43,6,"£99,610.92",2,1,0,"£187,296.78",0,31-45,0.53,0,Yes,No,Stayed
15732917,729,Germany,Male,46,5,"£117,837.43",1,1,0,"£104,016.61",1,46-60,1.13,0,Yes,No,Churned
15612050,556,Spain,Female,48,8,"£168,522.37",1,1,1,"£151,310.16",0,46-60,1.11,0,Yes,Yes,Stayed
15726267,570,France,Male,32,9,"£117,337.54",2,0,1,"£62,810.91",0,31-45,1.87,0,No,Yes,Stayed
15780124,841,France,Male,74,9,"£108,131.53",1,0,1,"£60,830.38",0,60+,1.78,0,No,Yes,Stayed
15742238,705,Germany,Male,35,4,"£136,496.12",2,1,0,"£116,672.02",0,31-45,1.17,0,Yes,No,Stayed
15679024,553,France,Male,32,3,"£116,324.53",1,1,0,"£77,304.49",0,31-45,1.5,0,Yes,No,Stayed
15715297,779,Germany,Female,40,2,"£75,470.23",1,1,1,"£52,894.01",0,31-45,1.43,0,Yes,Yes,Stayed
15633612,696,France,Male,28,4,"£172,646.82",1,1,1,"£116,471.43",0,18-30,1.48,0,Yes,Yes,Stayed
15602929,728,Spain,Female,37,4,£0.00,1,0,0,"£4,539.38",0,31-45,0,0,No,No,Stayed
15696703,691,Germany,Male,27,3,"£160,358.68",2,1,0,"£142,367.72",0,18-30,1.13,0,Yes,No,Stayed
15756668,706,France,Male,30,3,"£98,415.37",1,1,1,"£110,520.48",0,18-30,0.89,0,Yes,Yes,Stayed
15565779,627,Germany,Female,30,6,"£57,809.32",1,1,0,"£188,258.49",0,18-30,0.31,0,Yes,No,Stayed
15795519,716,Germany,Female,18,3,"£128,743.80",1,0,0,"£197,322.13",0,18-30,0.65,0,No,No,Stayed
15761477,501,Germany,Male,24,4,"£130,806.42",2,1,0,"£80,241.14",0,18-30,1.63,0,Yes,No,Stayed
15731890,601,France,Male,41,1,"£123,971.16",1,0,1,"£172,814.99",0,31-45,0.72,0,No,Yes,Stayed
15633043,545,Spain,Female,39,6,£0.00,1,0,0,"£38,410.74",1,31-45,0,0,No,No,Churned
15752953,634,France,Male,45,9,£0.00,2,0,0,"£17,622.82",0,31-45,0,0,No,No,Stayed
15603088,451,Spain,Female,23,9,£0.00,2,0,1,"£48,021.71",0,18-30,0,0,No,Yes,Stayed
15606613,655,France,Female,59,7,£0.00,1,1,0,"£88,958.49",1,46-60,0,0,Yes,No,Churned
15635939,458,France,Female,39,9,£0.00,2,1,0,"£116,343.09",0,31-45,0,0,Yes,No,Stayed
15666043,520,France,Male,33,4,"£156,297.58",2,1,1,"£166,102.61",0,31-45,0.94,0,Yes,Yes,Stayed
15746190,624,Spain,Female,28,2,£0.00,2,0,1,"£104,353.26",0,18-30,0,0,No,Yes,Stayed
15591357,765,France,Male,51,3,"£123,372.30",1,1,1,"£115,429.32",0,46-60,1.07,0,Yes,Yes,Stayed
15658716,667,Germany,Female,37,5,"£92,171.35",3,1,0,"£178,106.34",1,31-45,0.52,1,Yes,No,Churned
15679909,665,Spain,Male,41,8,£0.00,2,1,0,"£132,152.32",0,31-45,0,0,Yes,No,Stayed
15634262,709,Germany,Male,34,4,"£148,375.19",2,1,1,"£21,521.38",0,31-45,6.89,0,Yes,Yes,Stayed
15799825,583,France,Female,44,8,£0.00,2,1,1,"£27,431.62",0,31-45,0,0,Yes,Yes,Stayed
15756875,782,Spain,Male,34,6,"£147,422.44",1,0,1,"£42,143.61",0,31-45,3.5,0,No,Yes,Stayed
15678146,668,Spain,Female,24,7,"£173,962.32",1,0,0,"£106,457.11",1,18-30,1.63,0,No,No,Churned
15710743,621,France,Male,47,0,£0.00,1,1,1,"£133,831.37",1,46-60,0,0,Yes,Yes,Churned
15595831,579,Germany,Female,64,6,"£145,215.43",1,1,1,"£164,083.72",0,60+,0.89,0,Yes,Yes,Stayed
15626684,547,France,Female,38,5,"£167,539.97",1,0,1,"£159,207.34",0,31-45,1.05,0,No,Yes,Stayed
15709846,840,France,Female,39,1,"£94,968.97",1,1,0,"£84,487.62",0,31-45,1.12,0,Yes,No,Stayed
15635459,667,Germany,Female,27,3,"£106,116.50",2,1,0,"£3,674.71",0,18-30,28.88,0,Yes,No,Stayed
15642544,723,France,Male,34,5,£0.00,2,0,1,"£12,092.03",0,31-45,0,0,No,Yes,Stayed
15566494,487,France,Male,45,2,£0.00,2,1,0,"£77,475.73",0,31-45,0,0,Yes,No,Stayed
15655238,668,France,Female,31,9,£0.00,2,0,0,"£41,291.73",0,31-45,0,0,No,No,Stayed
15733429,520,Germany,Male,34,8,"£120,018.86",2,1,1,£343.38,0,31-45,349.52,0,Yes,Yes,Stayed
15814536,549,France,Male,37,2,"£112,541.54",2,0,0,"£47,432.43",0,31-45,2.37,0,No,No,Stayed
15771702,567,France,Female,35,5,"£166,118.45",2,1,0,"£127,827.18",0,31-45,1.3,0,Yes,No,Stayed
15723008,720,France,Female,45,1,"£102,882.40",2,1,1,"£35,633.15",1,31-45,2.89,0,Yes,Yes,Churned
15797160,492,France,Female,49,8,£0.00,1,1,1,"£182,865.09",1,46-60,0,0,Yes,Yes,Churned
15792222,712,France,Female,37,1,"£106,881.50",2,0,0,"£169,386.81",0,31-45,0.63,0,No,No,Stayed
15644765,689,Germany,Male,26,4,"£120,727.97",1,0,1,"£149,073.88",0,18-30,0.81,0,No,Yes,Stayed
15610686,850,France,Male,63,8,"£169,832.57",1,0,0,"£184,107.26",1,60+,0.92,0,No,No,Churned
15730868,747,France,Male,41,5,£0.00,2,1,1,"£22,750.17",0,31-45,0,0,Yes,Yes,Stayed
15705991,469,Germany,Male,38,9,"£113,599.42",1,0,0,"£11,950.29",0,31-45,9.51,0,No,No,Stayed
15577078,539,Spain,Male,38,6,£0.00,1,1,1,"£152,880.07",1,31-45,0,0,Yes,Yes,Churned
15679550,743,France,Male,32,9,£0.00,2,1,0,"£175,252.78",0,31-45,0,0,Yes,No,Stayed
15787655,707,France,Male,47,3,£0.00,2,1,0,"£174,303.29",0,46-60,0,0,Yes,No,Stayed
15668081,581,Spain,Female,50,4,£0.00,2,1,1,"£80,701.72",0,46-60,0,0,Yes,Yes,Stayed
15747980,737,Spain,Male,38,6,"£146,282.79",2,1,0,"£198,516.20",0,31-45,0.74,0,Yes,No,Stayed
15710295,445,Germany,Female,38,6,"£119,413.62",2,1,0,"£175,756.36",0,31-45,0.68,0,Yes,No,Stayed
15724443,703,Germany,Female,29,3,"£122,084.63",1,0,1,"£82,824.08",0,18-30,1.47,0,No,Yes,Stayed
15571305,588,Germany,Female,35,1,"£103,060.63",1,1,0,"£179,866.01",1,31-45,0.57,0,Yes,No,Churned
15569503,765,France,Male,44,6,£0.00,2,1,1,"£159,899.97",0,31-45,0,0,Yes,Yes,Stayed
15581840,626,France,Male,33,8,£0.00,2,1,0,"£138,504.28",0,31-45,0,0,Yes,No,Stayed
15772262,545,Germany,Male,37,9,"£110,483.86",1,1,1,"£127,394.67",0,31-45,0.87,0,Yes,Yes,Stayed
15767794,744,France,Male,31,9,"£120,718.28",1,1,1,"£58,961.49",0,31-45,2.05,0,Yes,Yes,Stayed
15629338,658,Spain,Female,31,2,"£36,566.96",1,1,0,"£103,644.98",1,31-45,0.35,0,Yes,No,Churned
15790379,629,Germany,Male,28,8,"£108,601.00",1,1,1,"£119,647.70",0,18-30,0.91,0,Yes,Yes,Stayed
15750684,719,France,Female,42,4,£0.00,1,1,0,"£28,465.86",1,31-45,0,0,Yes,No,Churned
15697214,686,Spain,Female,36,5,£0.00,2,1,1,"£152,979.14",0,31-45,0,0,Yes,Yes,Stayed
15711015,743,France,Male,36,4,£0.00,2,1,1,"£190,911.02",0,31-45,0,0,Yes,Yes,Stayed
15573309,626,Spain,Female,48,2,£0.00,2,1,1,"£95,794.98",0,46-60,0,0,Yes,Yes,Stayed
15805303,661,Germany,Male,44,1,"£141,136.62",1,1,0,"£189,742.78",1,31-45,0.74,0,Yes,No,Churned
15741385,710,Germany,Male,45,9,"£108,231.37",1,1,1,"£188,574.08",0,31-45,0.57,0,Yes,Yes,Stayed
15780254,654,France,Male,40,6,£0.00,1,0,0,"£183,872.88",1,31-45,0,0,No,No,Churned
15744843,569,Spain,Female,34,6,"£144,855.34",1,0,0,"£196,555.32",0,31-45,0.74,0,No,No,Stayed
15815626,640,France,Male,63,2,"£68,432.45",2,1,1,"£112,503.24",1,60+,0.61,0,Yes,Yes,Churned
15784736,562,France,Male,45,6,"£136,855.24",1,1,0,"£46,864.00",0,31-45,2.92,0,Yes,No,Stayed
15813412,721,France,Female,55,3,"£44,020.89",1,1,0,"£65,864.40",1,46-60,0.67,0,Yes,No,Churned
15809143,456,Germany,Male,32,9,"£133,060.63",1,1,1,"£125,167.92",0,31-45,1.06,0,Yes,Yes,Stayed
15617617,811,Spain,Male,39,7,£0.00,2,1,1,"£177,519.39",0,31-45,0,0,Yes,Yes,Stayed
15779738,534,France,Male,24,1,£0.00,1,1,1,"£169,653.32",0,18-30,0,0,Yes,Yes,Stayed
15668669,423,France,Female,36,5,"£97,665.61",1,1,0,"£118,372.55",1,31-45,0.83,0,Yes,No,Churned
15687477,594,Germany,Male,28,5,"£185,013.02",1,1,0,"£16,481.12",0,18-30,11.23,0,Yes,No,Stayed
15578908,725,Spain,Female,32,0,£0.00,2,1,1,"£138,525.19",0,31-45,0,0,Yes,Yes,Stayed
15687658,716,France,Female,52,7,"£65,971.61",2,1,0,"£14,608.00",1,46-60,4.52,0,Yes,No,Churned
15615020,595,Germany,Female,41,9,"£150,463.11",2,0,1,"£81,548.38",0,31-45,1.85,0,No,Yes,Stayed
15608886,679,France,Female,33,1,£0.00,2,0,0,"£69,608.48",0,31-45,0,0,No,No,Stayed
15602551,667,Spain,Male,39,9,£0.00,2,1,0,"£68,873.80",0,31-45,0,0,Yes,No,Stayed
15672945,661,France,Female,37,5,"£136,425.18",1,1,0,"£81,102.81",0,31-45,1.68,0,Yes,No,Stayed
15757408,655,Spain,Male,38,3,"£250,898.09",3,0,1,"£81,054.00",1,31-45,3.1,1,No,Yes,Churned
15806132,555,France,Male,55,4,"£146,798.81",1,1,1,"£74,149.77",0,46-60,1.98,0,Yes,Yes,Stayed
15813022,531,Spain,Male,70,1,£0.00,2,0,0,"£99,503.19",0,60+,0,0,No,No,Stayed
15673578,611,Germany,Female,40,7,"£128,486.91",2,1,0,"£10,109.47",0,31-45,12.71,0,Yes,No,Stayed
15757916,600,France,Female,38,9,£0.00,2,1,1,"£58,855.85",0,31-45,0,0,Yes,Yes,Stayed
15689168,531,Spain,Male,37,1,"£143,407.29",2,0,1,"£84,402.46",0,31-45,1.7,0,No,Yes,Stayed
15769216,601,France,Female,43,2,£0.00,1,1,0,"£49,713.87",1,31-45,0,0,Yes,No,Churned
15593295,548,France,Male,57,6,"£76,165.65",1,1,1,"£133,537.53",0,46-60,0.57,0,Yes,Yes,Stayed
15804814,759,France,Male,40,4,£0.00,2,1,0,"£124,615.59",0,31-45,0,0,Yes,No,Stayed
15778934,678,Spain,Female,49,8,£0.00,2,0,1,"£98,090.69",0,46-60,0,0,No,Yes,Stayed
15802351,755,Germany,Female,33,6,"£90,560.30",2,1,1,"£42,607.69",0,31-45,2.13,0,Yes,Yes,Stayed
15630241,594,France,Male,61,3,"£62,391.22",1,1,1,"£192,434.11",0,60+,0.32,0,Yes,Yes,Stayed
15719561,768,France,Male,42,5,£0.00,3,0,0,"£60,686.40",0,31-45,0,1,No,No,Stayed
15615096,492,France,Female,31,7,£0.00,2,1,1,"£49,463.44",0,31-45,0,0,Yes,Yes,Stayed
15659931,637,Germany,Female,55,1,"£123,378.20",1,1,0,"£81,431.99",1,46-60,1.52,0,Yes,No,Churned
15714586,646,Spain,Female,42,3,"£99,836.47",1,0,1,"£22,909.56",0,31-45,4.36,0,No,Yes,Stayed
15634949,593,Germany,Male,74,5,"£161,434.36",2,1,1,"£65,532.17",0,60+,2.46,0,Yes,Yes,Stayed
15589224,596,Spain,Male,41,5,£0.00,2,0,1,"£141,053.85",0,31-45,0,0,No,Yes,Stayed
15795990,722,Germany,Female,48,10,"£138,311.76",1,1,1,"£3,472.63",1,46-60,39.83,0,Yes,Yes,Churned
15603216,642,France,Male,25,7,£0.00,2,1,0,"£102,083.78",0,18-30,0,0,Yes,No,Stayed
15631201,472,Spain,Female,28,4,£0.00,2,1,0,"£1,801.77",0,18-30,0,0,Yes,No,Stayed
15686255,738,Germany,Male,35,6,"£101,744.84",1,0,0,"£85,185.44",0,31-45,1.19,0,No,No,Stayed
15746594,732,Spain,Male,33,8,£0.00,1,1,0,"£119,882.70",0,31-45,0,0,Yes,No,Stayed
15718893,404,Germany,Female,54,4,"£125,456.07",1,1,0,"£83,715.66",1,46-60,1.5,0,Yes,No,Churned
15671609,701,France,Male,44,7,£0.00,2,1,0,"£23,425.78",0,31-45,0,0,Yes,No,Stayed
15652540,683,France,Male,31,2,£0.00,2,0,1,"£77,326.78",0,31-45,0,0,No,Yes,Stayed
15774857,460,France,Female,27,7,£0.00,2,1,0,"£156,150.08",1,18-30,0,0,Yes,No,Churned
15791836,690,France,Male,29,5,£0.00,2,1,0,"£108,577.97",0,18-30,0,0,Yes,No,Stayed
15651554,618,Germany,Female,54,4,"£118,449.21",1,1,1,"£133,573.29",1,46-60,0.89,0,Yes,Yes,Churned
15583576,671,France,Male,30,2,£0.00,1,0,1,"£102,057.86",0,18-30,0,0,No,Yes,Stayed
15732740,765,Spain,Female,32,9,"£178,095.55",1,0,0,"£47,247.56",0,31-45,3.77,0,No,No,Stayed
15723320,651,Germany,Female,25,2,"£109,175.14",2,1,0,"£114,566.47",0,18-30,0.95,0,Yes,No,Stayed
15603851,704,France,Male,32,7,"£127,785.17",4,0,0,"£184,464.70",1,31-45,0.69,1,No,No,Churned
15777923,544,France,Female,45,6,£0.00,2,0,1,"£151,401.33",0,31-45,0,0,No,Yes,Stayed
15735719,790,France,Female,40,9,£0.00,2,1,1,"£70,607.10",0,31-45,0,0,Yes,Yes,Stayed
15703482,710,Germany,Male,34,9,"£134,260.36",2,1,0,"£147,074.67",0,31-45,0.91,0,Yes,No,Stayed
15605835,743,France,Male,37,8,"£69,143.91",2,0,1,"£105,780.18",0,31-45,0.65,0,No,Yes,Stayed
15664881,702,France,Male,34,4,"£100,054.77",1,1,0,"£109,496.45",0,31-45,0.91,0,Yes,No,Stayed
15757568,704,France,Female,45,6,£0.00,1,1,1,"£137,739.45",0,31-45,0,0,Yes,Yes,Stayed
15792660,614,France,Male,38,2,"£116,248.88",1,1,0,"£105,140.92",0,31-45,1.11,0,Yes,No,Stayed
15599722,609,Spain,Female,43,6,"£86,053.52",2,1,1,"£113,276.46",1,31-45,0.76,0,Yes,Yes,Churned
15726354,688,France,Female,32,6,"£123,157.95",1,1,0,"£172,531.23",0,31-45,0.71,0,Yes,No,Stayed
15610355,713,France,Male,44,1,"£63,438.91",1,1,0,"£64,375.40",0,31-45,0.99,0,Yes,No,Stayed
15704284,736,Germany,Male,57,9,"£95,295.39",1,1,0,"£28,434.44",1,46-60,3.35,0,Yes,No,Churned
15621893,727,France,Male,18,4,"£133,550.67",1,1,1,"£46,941.41",0,18-30,2.85,0,Yes,Yes,Stayed
15588219,850,France,Female,38,1,"£106,871.81",2,1,0,"£29,333.01",0,31-45,3.64,0,Yes,No,Stayed
15688619,718,Spain,Male,45,3,"£105,266.32",2,1,1,"£193,724.51",0,31-45,0.54,0,Yes,Yes,Stayed
15765518,643,France,Female,51,2,"£105,229.53",1,1,0,"£34,967.75",1,46-60,3.01,0,Yes,No,Churned
15616931,653,France,Male,41,8,"£102,768.42",1,1,0,"£55,663.85",0,31-45,1.85,0,Yes,No,Stayed
15758372,674,France,Male,18,7,£0.00,2,1,1,"£55,753.12",1,18-30,0,0,Yes,Yes,Churned
15782591,690,France,Male,35,6,"£112,689.95",1,1,0,"£176,962.31",0,31-45,0.64,0,Yes,No,Stayed
15612109,819,France,Male,38,9,"£122,334.26",2,1,1,"£181,507.44",0,31-45,0.67,0,Yes,Yes,Stayed
15613712,634,Spain,Male,34,1,£0.00,2,1,0,"£61,995.57",0,31-45,0,0,Yes,No,Stayed
15639322,633,Spain,Male,33,4,"£137,847.41",2,1,0,"£98,349.13",0,31-45,1.4,0,Yes,No,Stayed
15594349,850,France,Male,49,5,"£122,486.47",1,0,1,"£59,748.19",0,46-60,2.05,0,No,Yes,Stayed
15574167,665,France,Male,33,2,"£101,286.11",1,1,1,"£159,840.51",0,31-45,0.63,0,Yes,Yes,Stayed
15811842,630,Spain,Male,26,7,£0.00,2,1,1,"£6,656.64",0,18-30,0,0,Yes,Yes,Stayed
15648794,836,Spain,Male,57,4,"£101,247.06",1,1,0,"£37,141.62",1,46-60,2.73,0,Yes,No,Churned
15771211,668,France,Male,38,10,"£86,977.96",1,0,1,"£37,094.75",0,31-45,2.34,0,No,Yes,Stayed
15588614,753,France,Male,57,7,£0.00,1,1,0,"£159,475.08",1,46-60,0,0,Yes,No,Churned
15630698,745,France,Female,55,9,"£110,123.59",1,0,1,"£51,548.14",1,46-60,2.14,0,No,Yes,Churned
15694200,693,France,Male,36,8,"£178,111.82",1,0,0,"£58,719.63",1,31-45,3.03,0,No,No,Churned
15721426,606,Germany,Male,65,10,"£126,306.64",3,0,0,"£7,861.68",1,60+,16.07,1,No,No,Churned
15725997,660,France,Female,35,6,"£100,768.77",1,1,0,"£19,199.61",0,31-45,5.25,0,Yes,No,Stayed
15762138,608,France,Male,42,5,£0.00,2,1,0,"£178,504.29",0,31-45,0,0,Yes,No,Stayed
15750649,744,France,Female,44,3,£0.00,2,1,1,"£189,016.14",0,31-45,0,0,Yes,Yes,Stayed
15685706,731,France,Female,40,7,"£118,991.79",1,1,1,"£156,048.64",0,31-45,0.76,0,Yes,Yes,Stayed
15641835,683,France,Male,72,3,"£140,997.26",1,0,1,"£52,876.41",0,60+,2.67,0,No,Yes,Stayed
15586821,727,France,Male,28,5,£0.00,2,0,1,"£19,653.08",0,18-30,0,0,No,Yes,Stayed
15569678,561,Germany,Male,32,6,"£166,824.59",1,1,0,"£139,451.98",0,31-45,1.2,0,Yes,No,Stayed
15793842,700,France,Female,34,2,"£76,322.69",1,1,0,"£128,136.29",0,31-45,0.6,0,Yes,No,Stayed
15667554,605,France,Male,35,6,£0.00,2,1,1,"£45,206.57",0,31-45,0,0,Yes,Yes,Stayed
15794479,767,Spain,Male,77,8,"£149,083.70",1,1,1,"£190,146.83",0,60+,0.78,0,Yes,Yes,Stayed
15585041,511,France,Male,33,7,£0.00,2,0,1,"£158,313.87",0,31-45,0,0,No,Yes,Stayed
15780650,667,France,Male,40,9,£0.00,1,1,1,"£96,670.20",0,31-45,0,0,Yes,Yes,Stayed
15780846,787,France,Male,33,1,"£126,588.81",2,0,1,"£62,163.53",0,31-45,2.04,0,No,Yes,Stayed
15805260,705,Germany,Female,56,2,"£143,249.67",1,1,0,"£88,428.41",1,46-60,1.62,0,Yes,No,Churned
15621629,773,Germany,Male,43,8,"£81,844.91",2,1,1,"£35,908.46",0,31-45,2.28,0,Yes,Yes,Stayed
15662151,554,France,Male,40,4,£0.00,1,0,1,"£168,780.04",0,31-45,0,0,No,Yes,Stayed
15747174,526,Germany,Male,58,9,"£190,298.89",2,1,1,"£191,263.76",0,46-60,0.99,0,Yes,Yes,Stayed
15651585,661,Germany,Male,35,2,"£117,212.18",1,1,1,"£83,052.03",0,31-45,1.41,0,Yes,Yes,Stayed
15649738,698,France,Female,46,0,£0.00,2,1,1,"£125,962.02",0,46-60,0,0,Yes,Yes,Stayed
15633108,646,France,Male,26,4,"£139,848.17",1,1,0,"£164,696.27",0,18-30,0.85,0,Yes,No,Stayed
15769254,757,Germany,Female,34,9,"£101,861.36",2,0,0,"£187,011.96",0,31-45,0.54,0,No,No,Stayed
15704746,699,Spain,Male,35,2,"£167,455.66",2,1,1,"£55,324.49",0,31-45,3.03,0,Yes,Yes,Stayed
15637644,667,France,Female,24,4,£0.00,2,0,1,"£34,335.55",0,18-30,0,0,No,Yes,Stayed
15609562,774,Spain,Female,43,1,"£116,360.07",1,1,0,"£17,004.14",0,31-45,6.84,0,Yes,No,Stayed
15787459,745,Spain,Male,40,3,"£88,466.82",1,0,0,"£116,331.42",0,31-45,0.76,0,No,No,Stayed
15762902,649,France,Female,42,7,£0.00,2,0,1,"£22,974.01",0,31-45,0,0,No,Yes,Stayed
15738605,634,Germany,Female,46,5,"£123,642.36",1,1,1,"£49,725.16",1,46-60,2.49,0,Yes,Yes,Churned
15724889,665,Spain,Male,38,9,£0.00,1,0,1,"£87,412.74",0,31-45,0,0,No,Yes,Stayed
15730735,713,France,Male,38,9,"£72,286.84",2,1,1,"£26,136.89",0,31-45,2.77,0,Yes,Yes,Stayed
15689147,652,France,Female,40,1,£0.00,2,1,0,"£126,554.96",0,31-45,0,0,Yes,No,Stayed
15730397,739,Spain,Male,40,1,"£109,681.61",1,1,1,"£193,321.30",0,31-45,0.57,0,Yes,Yes,Stayed
15762169,556,Germany,Male,37,9,"£145,018.64",2,1,0,"£90,928.02",1,31-45,1.59,0,Yes,No,Churned
15589320,699,Spain,Male,34,8,£0.00,1,1,1,"£76,510.46",0,31-45,0,0,Yes,Yes,Stayed
15799211,708,Spain,Female,32,8,"£187,487.63",1,1,1,"£120,115.50",0,31-45,1.56,0,Yes,Yes,Stayed
15798310,480,France,Male,35,2,"£165,692.91",1,1,1,"£197,984.58",0,31-45,0.84,0,Yes,Yes,Stayed
15609998,700,Germany,Female,59,5,"£137,648.41",1,1,0,"£142,977.05",1,46-60,0.96,0,Yes,No,Churned
15583548,525,Spain,Female,47,6,"£118,560.00",1,1,0,"£82,522.61",1,46-60,1.44,0,Yes,No,Churned
15761763,845,France,Male,33,8,"£164,385.53",1,1,0,"£150,664.97",0,31-45,1.09,0,Yes,No,Stayed
15764409,613,France,Male,37,9,"£108,286.50",1,1,1,"£114,153.44",0,31-45,0.95,0,Yes,Yes,Stayed
15710161,850,France,Female,34,2,£0.00,2,1,1,"£171,706.66",0,31-45,0,0,Yes,Yes,Stayed
15735246,798,Spain,Female,58,9,£0.00,2,0,0,"£119,071.56",1,46-60,0,0,No,No,Churned
15791700,773,Germany,Male,47,2,"£118,079.47",4,1,1,"£143,007.49",1,46-60,0.83,1,Yes,Yes,Churned
15670753,614,Spain,Male,35,2,"£127,283.78",1,1,1,"£31,302.35",0,31-45,4.07,0,Yes,Yes,Stayed
15573876,473,Spain,Male,48,8,£0.00,2,1,0,"£71,139.80",0,46-60,0,0,Yes,No,Stayed
15770174,762,France,Male,29,6,"£141,389.06",1,1,0,"£54,122.89",0,18-30,2.61,0,Yes,No,Stayed
15641114,701,France,Male,37,8,"£130,091.50",1,1,1,"£120,031.29",0,31-45,1.08,0,Yes,Yes,Stayed
15682435,600,France,Male,35,4,"£143,744.77",2,1,0,"£104,076.51",0,31-45,1.38,0,Yes,No,Stayed
15751788,850,Spain,Male,28,9,"£97,408.03",1,1,1,"£175,853.64",0,18-30,0.55,0,Yes,Yes,Stayed
15672598,613,Spain,Male,30,9,"£111,927.45",1,1,1,"£175,795.87",0,18-30,0.64,0,Yes,Yes,Stayed
15762803,509,France,Male,31,3,£0.00,2,1,0,"£15,360.91",0,31-45,0,0,Yes,No,Stayed
15812982,509,Spain,Male,38,2,£0.00,1,0,0,"£168,460.12",0,31-45,0,0,No,No,Stayed
15597901,609,France,Male,34,1,£0.00,1,1,1,"£181,177.90",0,31-45,0,0,Yes,Yes,Stayed
15731507,456,France,Female,33,1,"£188,285.68",1,0,0,"£58,363.94",0,31-45,3.23,0,No,No,Stayed
15809826,728,France,Female,46,2,"£109,705.52",1,1,0,"£20,276.87",1,46-60,5.41,0,Yes,No,Churned
15764237,663,Spain,Male,33,9,£0.00,2,0,0,"£91,514.62",0,31-45,0,0,No,No,Stayed
15769917,673,Germany,Female,34,1,"£127,122.79",3,0,1,"£76,703.10",0,31-45,1.66,1,No,Yes,Stayed
15641850,717,France,Male,40,0,"£98,241.04",1,1,0,"£110,887.14",0,31-45,0.89,0,Yes,No,Stayed
15770974,741,Germany,Female,37,8,"£170,840.08",2,0,0,"£109,843.16",0,31-45,1.56,0,No,No,Stayed
15803749,498,Germany,Female,41,4,"£87,541.06",2,1,1,"£12,577.21",1,31-45,6.96,0,Yes,Yes,Churned
15684999,850,France,Female,26,4,"£62,610.96",2,0,1,"£179,365.10",0,18-30,0.35,0,No,Yes,Stayed
15770225,493,France,Male,36,9,£0.00,2,1,1,"£65,816.53",0,31-45,0,0,Yes,Yes,Stayed
15627484,686,France,Female,47,5,"£113,328.93",1,1,0,"£124,170.90",0,46-60,0.91,0,Yes,No,Stayed
15610337,666,Spain,Male,35,2,"£104,832.49",1,1,0,"£175,015.12",0,31-45,0.6,0,Yes,No,Stayed
15752488,733,Spain,Female,31,9,"£102,289.85",1,1,1,"£115,441.66",0,31-45,0.89,0,Yes,Yes,Stayed
15610056,631,Germany,Female,34,6,"£125,227.82",2,0,1,"£128,247.03",0,31-45,0.98,0,No,Yes,Stayed
15806049,714,Germany,Female,49,5,"£140,510.89",1,1,0,"£141,914.94",0,46-60,0.99,0,Yes,No,Stayed
15736069,767,Germany,Female,35,6,"£132,253.22",1,1,0,"£115,566.57",1,31-45,1.14,0,Yes,No,Churned
15763662,711,Germany,Male,43,2,"£39,043.29",2,1,1,"£175,423.69",0,31-45,0.22,0,Yes,Yes,Stayed
15615575,722,France,Male,34,8,£0.00,2,1,1,"£133,447.49",0,31-45,0,0,Yes,Yes,Stayed
15691723,631,Spain,Male,55,9,"£99,685.06",1,1,0,"£114,474.98",0,46-60,0.87,0,Yes,No,Stayed
15774098,701,Germany,Male,38,3,"£125,385.49",2,0,1,"£52,044.66",0,31-45,2.41,0,No,Yes,Stayed
15750808,790,Spain,Male,46,2,"£131,365.37",2,1,1,"£180,290.68",0,46-60,0.73,0,Yes,Yes,Stayed
15744368,633,Spain,Male,58,6,"£98,308.51",1,1,1,"£132,034.13",0,46-60,0.74,0,Yes,Yes,Stayed
15610594,644,France,Female,37,8,£0.00,2,1,0,"£20,968.88",0,31-45,0,0,Yes,No,Stayed
15756125,757,Spain,Male,44,5,"£140,856.16",2,1,0,"£158,735.10",0,31-45,0.89,0,Yes,No,Stayed
15623277,696,France,Female,30,8,£0.00,2,1,1,"£196,134.44",0,18-30,0,0,Yes,Yes,Stayed
15795954,746,France,Male,35,2,"£172,274.01",1,1,0,"£22,374.97",0,31-45,7.7,0,Yes,No,Stayed
15671969,649,Spain,Male,36,8,£0.00,2,1,0,"£161,668.15",0,31-45,0,0,Yes,No,Stayed
15791268,565,Spain,Male,38,0,"£122,447.76",1,0,0,"£67,339.34",0,31-45,1.82,0,No,No,Stayed
15713655,720,France,Female,38,10,£0.00,2,1,1,"£56,229.72",1,31-45,0,0,Yes,Yes,Churned
15633930,648,Spain,Female,56,6,"£157,559.59",2,1,0,"£140,991.23",1,46-60,1.12,0,Yes,No,Churned
15712849,632,Germany,Male,41,3,"£126,550.70",1,0,0,"£177,644.52",1,31-45,0.71,0,No,No,Churned
15639077,622,France,Female,30,2,"£158,584.82",3,1,0,"£142,342.55",1,18-30,1.11,1,Yes,No,Churned
15808784,835,France,Male,28,2,"£163,569.61",2,1,1,"£154,559.28",0,18-30,1.06,0,Yes,Yes,Stayed
15648577,493,France,Female,31,3,£0.00,1,1,1,"£176,570.28",1,31-45,0,0,Yes,Yes,Churned
15670345,785,Germany,Female,33,6,"£127,211.45",1,0,0,"£191,961.83",0,31-45,0.66,0,No,No,Stayed
15633112,681,Germany,Male,42,3,"£118,199.97",2,1,0,"£9,452.88",1,31-45,12.5,0,Yes,No,Churned
15714397,621,Germany,Female,30,2,"£101,014.08",2,1,1,"£165,257.31",0,18-30,0.61,0,Yes,Yes,Stayed
15780038,756,Spain,Male,38,6,"£119,208.85",1,1,0,"£169,763.89",1,31-45,0.7,0,Yes,No,Churned
15756305,515,France,Female,66,6,£0.00,2,1,1,"£160,663.11",0,60+,0,0,Yes,Yes,Stayed
15578799,625,France,Female,58,10,"£53,772.73",1,1,1,"£192,072.10",1,46-60,0.28,0,Yes,Yes,Churned
15800326,717,Spain,Female,39,6,£0.00,2,1,0,"£93,275.61",0,31-45,0,0,Yes,No,Stayed
15785485,595,Germany,Female,41,2,"£138,878.81",1,0,1,"£112,269.67",0,31-45,1.24,0,No,Yes,Stayed
15783958,539,Spain,Female,37,1,"£130,922.81",2,0,0,"£2,186.83",0,31-45,59.87,0,No,No,Stayed
15727546,762,France,Male,35,9,£0.00,2,1,1,"£43,075.70",0,31-45,0,0,Yes,Yes,Stayed
15739576,706,Spain,Male,20,8,£0.00,2,1,1,"£12,368.11",0,18-30,0,0,Yes,Yes,Stayed
15631333,677,Spain,Female,25,8,"£130,866.19",1,1,0,"£42,410.21",0,18-30,3.09,0,Yes,No,Stayed
15604782,733,Germany,Female,33,7,"£187,257.94",1,0,1,"£190,430.81",0,31-45,0.98,0,No,Yes,Stayed
15589643,684,Spain,Female,41,7,£0.00,1,1,1,"£138,394.37",0,31-45,0,0,Yes,Yes,Stayed
15585533,679,France,Male,36,6,"£147,733.64",1,0,1,"£172,501.38",0,31-45,0.86,0,No,Yes,Stayed
15681506,478,Spain,Male,43,1,£0.00,2,1,1,"£197,916.43",0,31-45,0,0,Yes,Yes,Stayed
15630551,696,France,Male,33,2,"£163,139.27",1,1,1,"£7,035.36",0,31-45,23.19,0,Yes,Yes,Stayed
15698349,686,Spain,Female,35,4,£0.00,2,1,1,"£159,676.55",0,31-45,0,0,Yes,Yes,Stayed
15776631,466,France,Female,36,5,"£119,540.15",1,0,1,"£80,603.99",0,31-45,1.48,0,No,Yes,Stayed
15762216,686,France,Female,41,4,"£129,553.76",2,1,0,"£187,599.80",0,31-45,0.69,0,Yes,No,Stayed
15623927,576,France,Male,55,9,£0.00,2,1,1,"£94,450.97",0,46-60,0,0,Yes,Yes,Stayed
15681402,763,Germany,Female,61,1,"£66,101.89",1,1,1,"£143,981.27",0,60+,0.46,0,Yes,Yes,Stayed
15586264,572,France,Male,43,2,"£140,431.98",1,1,0,"£26,450.57",1,31-45,5.31,0,Yes,No,Churned
15594685,757,France,Female,49,2,£0.00,2,0,0,"£164,482.92",0,46-60,0,0,No,No,Stayed
15812945,582,France,Female,29,0,£0.00,1,1,1,"£84,012.81",0,18-30,0,0,Yes,Yes,Stayed
15734628,623,France,Female,35,5,£0.00,2,1,0,"£101,192.08",0,31-45,0,0,Yes,No,Stayed
15629323,617,Germany,Female,37,4,"£116,471.43",2,1,0,"£175,324.74",1,31-45,0.66,0,Yes,No,Churned
15666823,425,France,Male,39,4,£0.00,2,1,0,"£197,226.32",0,31-45,0,0,Yes,No,Stayed
15777553,659,France,Female,56,9,"£123,785.24",1,1,0,"£99,504.03",1,46-60,1.24,0,Yes,No,Churned
15613097,605,France,Female,33,4,£0.00,2,0,1,"£83,700.66",0,31-45,0,0,No,Yes,Stayed
15622217,538,France,Female,38,8,"£88,758.95",2,0,0,"£28,226.15",1,31-45,3.14,0,No,No,Churned
15703588,665,Germany,Male,25,5,"£153,611.83",2,1,0,"£35,321.65",0,18-30,4.35,0,Yes,No,Stayed
15570835,491,Germany,Female,57,4,"£112,044.72",1,1,1,"£41,229.73",1,46-60,2.72,0,Yes,Yes,Churned
15679299,726,Spain,Female,27,7,"£123,826.07",1,0,1,"£78,970.58",0,18-30,1.57,0,No,Yes,Stayed
15808044,580,France,Female,65,9,"£106,804.26",3,1,0,"£107,890.69",1,60+,0.99,1,Yes,No,Churned
15579208,550,France,Female,48,6,£0.00,2,1,1,"£191,870.28",0,46-60,0,0,Yes,Yes,Stayed
15684951,542,France,Female,59,2,"£68,892.77",2,1,0,"£7,905.06",1,46-60,8.72,0,Yes,No,Churned
15667620,732,France,Female,43,6,£0.00,2,1,0,"£65,731.53",0,31-45,0,0,Yes,No,Stayed
15582960,473,France,Female,33,5,"£125,827.43",1,0,1,"£145,698.73",0,31-45,0.86,0,No,Yes,Stayed
15590730,745,Spain,Male,34,9,£0.00,2,1,0,"£50,046.25",0,31-45,0,0,Yes,No,Stayed
15763747,732,France,Male,36,7,£0.00,2,1,1,"£60,830.24",0,31-45,0,0,Yes,Yes,Stayed
15778320,848,Germany,Female,40,5,"£148,495.64",1,0,0,"£158,853.98",0,31-45,0.93,0,No,No,Stayed
15642787,572,France,Male,37,1,"£133,043.66",1,0,0,"£111,243.09",0,31-45,1.2,0,No,No,Stayed
15624633,702,France,Male,45,9,"£74,989.58",1,1,1,"£171,014.69",0,31-45,0.44,0,Yes,Yes,Stayed
15766765,664,Germany,Male,39,7,"£60,263.23",1,1,0,"£170,835.32",0,31-45,0.35,0,Yes,No,Stayed
15783615,630,Germany,Male,50,3,"£129,370.91",4,1,1,"£47,775.34",1,46-60,2.71,1,Yes,Yes,Churned
15640161,618,Germany,Male,44,5,"£157,955.83",2,0,0,"£139,297.71",0,31-45,1.13,0,No,No,Stayed
15619889,556,France,Male,26,4,£0.00,1,1,0,"£195,167.38",0,18-30,0,0,Yes,No,Stayed
15579166,619,France,Female,30,7,"£70,729.17",1,1,1,"£160,948.87",0,18-30,0.44,0,Yes,Yes,Stayed
15789097,644,France,Male,48,8,£0.00,2,0,1,"£44,965.54",1,46-60,0,0,No,Yes,Churned
15674880,658,Spain,Male,50,2,£0.00,2,1,0,"£52,137.73",0,46-60,0,0,Yes,No,Stayed
15778157,598,Spain,Male,27,8,"£90,721.52",2,1,0,"£109,296.18",0,18-30,0.83,0,Yes,No,Stayed
15779064,677,France,Male,27,2,£0.00,2,1,1,"£20,092.89",0,18-30,0,0,Yes,Yes,Stayed
15801265,689,Spain,Female,45,0,"£57,784.22",1,1,0,"£197,804.00",1,31-45,0.29,0,Yes,No,Churned
15589204,591,France,Male,33,9,"£131,765.72",1,1,0,"£118,782.06",0,31-45,1.11,0,Yes,No,Stayed
15664543,699,France,Male,40,7,£0.00,1,0,1,"£152,876.13",1,31-45,0,0,No,Yes,Churned
15582714,749,Germany,Male,47,9,"£110,022.74",1,0,1,"£135,655.29",1,46-60,0.81,0,No,Yes,Churned
15797595,709,France,Female,40,9,"£131,569.63",1,1,1,"£103,970.58",0,31-45,1.27,0,Yes,Yes,Stayed
15614034,607,Germany,Male,61,2,"£164,523.50",2,1,1,"£35,786.76",0,60+,4.6,0,Yes,Yes,Stayed
15763171,650,Germany,Female,25,2,"£114,330.95",1,1,1,"£25,325.07",0,18-30,4.51,0,Yes,Yes,Stayed
15647266,651,Spain,Female,45,10,"£135,923.16",1,1,0,"£18,732.84",0,31-45,7.26,0,Yes,No,Stayed
15757577,676,France,Female,61,8,£0.00,2,1,1,"£118,522.73",0,60+,0,0,Yes,Yes,Stayed
15736656,723,France,Female,49,4,£0.00,2,0,1,"£89,972.25",0,46-60,0,0,No,Yes,Stayed
15635078,714,Spain,Male,45,0,"£124,693.48",1,0,1,"£187,194.15",0,31-45,0.67,0,No,Yes,Stayed
15680141,759,Spain,Female,35,7,"£147,936.42",1,1,1,"£106,785.70",0,31-45,1.39,0,Yes,Yes,Stayed
15576945,582,France,Male,29,0,£0.00,1,1,0,"£142,516.35",0,18-30,0,0,Yes,No,Stayed
15602034,697,France,Female,34,2,"£126,558.92",1,1,0,"£73,334.43",0,31-45,1.73,0,Yes,No,Stayed
15732020,610,Germany,Male,57,6,"£106,938.11",2,0,1,"£186,612.47",0,46-60,0.57,0,No,Yes,Stayed
15611029,488,Germany,Female,33,4,"£140,002.35",1,1,0,"£123,613.81",0,31-45,1.13,0,Yes,No,Stayed
15621210,599,Germany,Male,46,9,"£123,444.72",1,1,1,"£31,368.08",1,46-60,3.94,0,Yes,Yes,Churned
15569222,781,France,Male,32,6,"£147,107.91",1,1,1,"£40,066.95",0,31-45,3.67,0,Yes,Yes,Stayed
15664639,645,France,Male,19,9,"£128,514.84",1,0,0,"£175,969.19",0,18-30,0.73,0,No,No,Stayed
15724223,545,France,Female,55,5,£0.00,1,0,0,"£10,034.77",1,46-60,0,0,No,No,Churned
15644621,597,Germany,Female,40,9,"£106,756.01",2,1,0,"£151,167.94",0,31-45,0.71,0,Yes,No,Stayed
15756056,561,Spain,Female,28,3,£0.00,2,1,0,"£191,387.76",0,18-30,0,0,Yes,No,Stayed
15700353,662,France,Female,37,6,£0.00,2,1,0,"£51,229.17",0,31-45,0,0,Yes,No,Stayed
15624388,649,Germany,Female,50,5,"£155,393.32",1,1,1,"£87,351.42",1,46-60,1.78,0,Yes,Yes,Churned
15627212,630,France,Female,36,2,"£110,414.48",1,1,1,"£48,984.95",0,31-45,2.25,0,Yes,Yes,Stayed
15648005,672,Spain,Male,33,2,£0.00,2,1,1,"£182,738.00",0,31-45,0,0,Yes,Yes,Stayed
15681446,636,Germany,Female,37,9,"£157,098.52",1,1,1,"£153,535.27",0,31-45,1.02,0,Yes,Yes,Stayed
15775888,593,Germany,Female,38,5,"£85,626.60",1,1,1,"£125,079.65",0,31-45,0.68,0,Yes,Yes,Stayed
15749019,545,Germany,Male,45,6,"£93,796.42",2,1,1,"£162,321.26",0,31-45,0.58,0,Yes,Yes,Stayed
15709928,567,Spain,Female,41,1,£0.00,2,1,0,"£3,414.72",0,31-45,0,0,Yes,No,Stayed
15784676,583,France,Male,51,6,"£125,268.03",2,1,0,"£165,082.25",0,46-60,0.76,0,Yes,No,Stayed
15748116,681,France,Female,29,2,"£148,143.84",1,1,1,"£52,021.39",0,18-30,2.85,0,Yes,Yes,Stayed
15612193,762,Spain,Male,29,10,"£115,545.33",2,1,0,"£148,256.43",0,18-30,0.78,0,Yes,No,Stayed
15762984,648,Spain,Male,35,7,£0.00,2,0,0,"£122,899.01",0,31-45,0,0,No,No,Stayed
15613713,644,France,Male,30,5,"£44,928.88",1,1,1,"£10,771.46",0,18-30,4.17,0,Yes,Yes,Stayed
15664204,706,Spain,Male,29,2,£0.00,2,1,1,"£18,255.51",0,18-30,0,0,Yes,Yes,Stayed
15639415,850,France,Male,35,3,"£162,442.35",1,1,0,"£183,566.78",0,31-45,0.88,0,Yes,No,Stayed
15806332,484,Spain,Female,39,5,£0.00,2,1,1,"£175,224.12",0,31-45,0,0,Yes,Yes,Stayed
15614929,508,Germany,Male,28,0,"£96,213.82",2,1,0,"£147,913.56",0,18-30,0.65,0,Yes,No,Stayed
15695492,439,France,Female,29,6,"£156,569.43",1,1,0,"£180,598.66",0,18-30,0.87,0,Yes,No,Stayed
15635972,484,Spain,Male,36,8,£0.00,2,1,0,"£186,136.48",0,31-45,0,0,Yes,No,Stayed
15616380,803,Spain,Female,37,1,£0.00,2,0,0,"£7,455.20",0,31-45,0,0,No,No,Stayed
15581440,724,Germany,Female,48,6,"£110,463.25",2,1,1,"£80,552.11",1,46-60,1.37,0,Yes,Yes,Churned
15654390,640,France,Male,33,7,"£154,575.76",1,1,0,"£25,722.28",1,31-45,6.01,0,Yes,No,Churned
15660688,701,Spain,Female,35,9,£0.00,2,0,0,"£170,996.86",0,31-45,0,0,No,No,Stayed
15806307,537,France,Male,37,3,£0.00,2,1,1,"£20,603.32",0,31-45,0,0,Yes,Yes,Stayed
15647975,651,Germany,Male,26,5,"£147,037.32",1,0,0,"£141,763.26",0,18-30,1.04,0,No,No,Stayed
15595728,523,Germany,Male,41,0,"£119,276.31",1,0,0,"£122,284.38",1,31-45,0.98,0,No,No,Churned
15735388,717,France,Female,25,7,"£108,664.85",2,1,0,"£190,011.85",0,18-30,0.57,0,Yes,No,Stayed
15788535,593,Spain,Male,44,5,£0.00,1,1,0,"£128,046.98",0,31-45,0,0,Yes,No,Stayed
15765902,706,Germany,Male,38,5,"£163,034.82",2,1,1,"£135,662.17",0,31-45,1.2,0,Yes,Yes,Stayed
15642345,714,Germany,Female,49,4,"£93,059.34",1,1,0,"£7,571.51",1,46-60,12.29,0,Yes,No,Churned
15641250,794,Spain,Male,38,9,"£179,581.31",1,1,0,"£23,596.24",0,31-45,7.61,0,Yes,No,Stayed
15706163,518,Germany,Male,46,4,"£113,625.93",1,0,0,"£92,727.42",1,46-60,1.23,0,No,No,Churned
15746708,589,Germany,Male,55,7,"£119,961.48",1,1,0,"£65,156.83",1,46-60,1.84,0,Yes,No,Churned
15775203,824,France,Male,45,3,"£129,209.48",1,0,0,"£60,151.77",0,31-45,2.15,0,No,No,Stayed
15787907,719,Germany,Female,42,5,"£137,227.04",3,1,0,"£149,097.38",1,31-45,0.92,1,Yes,No,Churned
15646764,617,Germany,Female,58,3,"£119,024.75",2,1,0,"£35,199.24",1,46-60,3.38,0,Yes,No,Churned
15678284,651,France,Male,35,7,"£74,623.50",3,1,0,"£129,451.29",1,31-45,0.58,1,Yes,No,Churned
15726791,637,Spain,Female,45,2,"£157,929.45",1,1,1,"£145,134.49",1,31-45,1.09,0,Yes,Yes,Churned
15813144,554,France,Female,26,7,"£92,606.86",2,1,0,"£192,709.69",0,18-30,0.48,0,Yes,No,Stayed
15669342,731,Germany,Male,35,2,"£127,862.93",2,1,0,"£139,083.70",0,31-45,0.92,0,Yes,No,Stayed
15710366,569,Spain,Female,42,1,£0.00,1,1,1,"£83,629.60",1,31-45,0,0,Yes,Yes,Churned
15614934,625,Germany,Female,37,4,"£142,711.81",1,1,0,"£35,625.41",0,31-45,4.01,0,Yes,No,Stayed
15588701,592,France,Female,38,4,£0.00,2,1,0,"£35,338.96",0,31-45,0,0,Yes,No,Stayed
15665438,669,France,Male,43,1,"£163,159.85",1,0,1,"£15,602.80",0,31-45,10.46,0,No,Yes,Stayed
15644896,663,Germany,Male,32,3,"£108,586.86",1,1,1,"£182,355.21",0,31-45,0.6,0,Yes,Yes,Stayed
15670205,518,Germany,Female,41,5,"£110,624.99",1,1,0,"£89,327.67",0,31-45,1.24,0,Yes,No,Stayed
15635776,686,Germany,Female,43,5,"£154,846.24",2,1,1,"£151,903.60",0,31-45,1.02,0,Yes,Yes,Stayed
15791053,709,Germany,Male,45,4,"£122,917.71",1,1,1,£11.58,1,31-45,10614.66,0,Yes,Yes,Churned
15644005,571,France,Female,33,9,£0.00,2,0,1,"£77,519.62",0,31-45,0,0,No,Yes,Stayed
15796343,707,France,Female,31,2,"£82,787.93",2,0,0,"£91,423.69",0,31-45,0.91,0,No,No,Stayed
15751057,701,Germany,Male,32,5,"£102,500.34",1,0,0,"£106,287.77",0,31-45,0.96,0,No,No,Stayed
15623430,672,France,Male,34,9,£0.00,2,1,0,"£161,800.77",0,31-45,0,0,Yes,No,Stayed
15682600,620,Germany,Male,39,9,"£159,492.79",1,1,0,"£80,582.34",1,31-45,1.98,0,Yes,No,Churned
15769312,557,Spain,Male,48,10,£0.00,2,1,1,"£185,094.48",0,46-60,0,0,Yes,Yes,Stayed
15708212,648,Spain,Female,54,7,"£118,241.02",1,1,0,"£172,586.89",1,46-60,0.69,0,Yes,No,Churned
15650258,479,France,Female,35,2,"£113,090.40",1,1,0,"£195,649.79",0,31-45,0.58,0,Yes,No,Stayed
15604345,730,France,Female,22,9,"£65,763.57",1,1,1,"£145,792.01",0,18-30,0.45,0,Yes,Yes,Stayed
15578297,737,Germany,Female,43,1,"£125,537.38",1,1,0,"£138,510.01",1,31-45,0.91,0,Yes,No,Churned
15671789,616,France,Male,31,3,"£94,263.91",2,1,0,"£168,895.06",0,31-45,0.56,0,Yes,No,Stayed
15726186,639,Spain,Male,29,4,"£133,434.57",2,1,0,"£97,983.44",0,18-30,1.36,0,Yes,No,Stayed
15764618,815,Spain,Female,39,6,£0.00,1,1,1,"£85,167.88",0,31-45,0,0,Yes,Yes,Stayed
15730738,786,Spain,Male,31,9,£0.00,2,1,1,"£18,210.36",0,31-45,0,0,Yes,Yes,Stayed
15637650,549,France,Male,50,9,"£94,748.76",2,0,1,"£13,608.18",0,46-60,6.96,0,No,Yes,Stayed
15606267,622,France,Female,38,4,"£98,640.74",1,1,1,"£110,457.99",0,31-45,0.89,0,Yes,Yes,Stayed
15625904,624,France,Male,26,9,"£74,681.90",2,0,0,"£31,231.35",0,18-30,2.39,0,No,No,Stayed
15654463,841,France,Male,34,4,£0.00,2,1,0,"£141,582.66",0,31-45,0,0,Yes,No,Stayed
15774151,614,Spain,Female,41,7,"£179,915.85",1,0,0,"£14,666.35",1,31-45,12.27,0,No,No,Churned
15693259,676,France,Male,30,1,"£128,207.23",1,1,1,"£55,400.17",0,18-30,2.31,0,Yes,Yes,Stayed
15642468,697,France,Male,42,9,"£132,739.26",2,0,0,"£174,667.65",0,31-45,0.76,0,No,No,Stayed
15758531,732,France,Female,40,10,£0.00,2,1,0,"£154,189.08",0,31-45,0,0,Yes,No,Stayed
15728352,623,France,Male,27,4,"£120,509.81",1,0,0,"£142,170.44",0,18-30,0.85,0,No,No,Stayed
15637240,541,France,Male,46,4,"£124,547.13",2,1,0,"£94,499.06",0,46-60,1.32,0,Yes,No,Stayed
15595588,773,Spain,Female,39,4,£0.00,2,0,1,"£182,081.45",0,31-45,0,0,No,Yes,Stayed
15778395,762,Germany,Male,34,4,"£88,815.56",2,1,0,"£68,562.26",1,31-45,1.3,0,Yes,No,Churned
15711825,655,Spain,Female,35,1,"£82,231.51",2,1,0,"£88,798.02",0,31-45,0.93,0,Yes,No,Stayed
15599251,602,Germany,Male,32,7,"£184,715.86",2,1,0,"£113,781.99",0,31-45,1.62,0,Yes,No,Stayed
15570004,850,France,Male,31,3,£0.00,2,1,0,"£121,866.87",0,31-45,0,0,Yes,No,Stayed
15656912,649,Spain,Male,51,4,£0.00,1,1,1,"£150,390.57",0,46-60,0,0,Yes,Yes,Stayed
15657342,850,Germany,Male,28,4,"£147,972.19",1,1,0,"£60,708.72",1,18-30,2.44,0,Yes,No,Churned
15716284,543,France,Male,43,9,£0.00,2,1,1,"£78,858.07",0,31-45,0,0,Yes,Yes,Stayed
15672374,672,France,Male,52,8,"£170,008.84",1,0,0,"£56,407.42",1,46-60,3.01,0,No,No,Churned
15732476,600,France,Female,27,3,£0.00,2,0,1,"£125,698.97",0,18-30,0,0,No,Yes,Stayed
15747724,671,Spain,Female,34,10,£0.00,1,1,0,"£23,235.38",0,31-45,0,0,Yes,No,Stayed
15633877,706,Spain,Female,42,8,"£95,386.82",1,1,1,"£75,732.25",0,31-45,1.26,0,Yes,Yes,Stayed
15672516,541,Germany,Male,51,7,"£90,373.28",2,1,0,"£179,861.79",0,46-60,0.5,0,Yes,No,Stayed
15607827,711,Germany,Male,34,4,"£133,467.77",2,1,1,"£42,976.64",0,31-45,3.11,0,Yes,Yes,Stayed
15751336,630,Spain,Male,30,3,£0.00,2,0,1,"£10,486.69",0,18-30,0,0,No,Yes,Stayed
15646539,531,France,Male,31,3,"£96,288.26",1,1,0,"£56,794.73",0,31-45,1.7,0,Yes,No,Stayed
15756901,641,France,Female,26,4,"£91,547.84",2,0,1,"£28,157.34",0,18-30,3.25,0,No,Yes,Stayed
15809286,631,Germany,Male,37,8,"£138,292.64",2,0,0,"£152,422.91",1,31-45,0.91,0,No,No,Churned
15759021,685,France,Male,35,9,£0.00,1,1,0,"£167,033.83",0,31-45,0,0,Yes,No,Stayed
15725039,702,Spain,Male,32,8,"£71,667.74",1,1,1,"£126,082.18",0,31-45,0.57,0,Yes,Yes,Stayed
15579130,708,Germany,Female,43,0,"£118,994.84",1,1,0,"£181,499.77",1,31-45,0.66,0,Yes,No,Churned
15754112,653,Spain,Male,55,7,£0.00,2,1,1,"£41,967.03",0,46-60,0,0,Yes,Yes,Stayed
15735522,654,Germany,Male,37,2,"£145,610.07",2,0,0,"£186,300.59",0,31-45,0.78,0,No,No,Stayed
15613326,596,France,Female,33,1,"£138,162.81",1,1,0,"£85,412.54",0,31-45,1.62,0,Yes,No,Stayed
15739502,549,Germany,Female,31,9,"£135,020.21",2,1,1,"£23,343.18",0,31-45,5.78,0,Yes,Yes,Stayed
15670914,754,France,Male,38,2,£0.00,2,1,0,"£180,698.32",0,31-45,0,0,Yes,No,Stayed
15604073,815,Germany,Female,25,8,"£135,161.67",1,1,1,"£136,071.05",0,18-30,0.99,0,Yes,Yes,Stayed
15806027,556,France,Female,52,9,£0.00,1,1,0,"£175,149.20",1,46-60,0,0,Yes,No,Churned
15574886,706,France,Male,32,6,"£94,486.47",1,1,1,"£146,949.74",0,31-45,0.64,0,Yes,Yes,Stayed
15707120,850,France,Male,46,9,"£117,640.39",1,1,0,"£88,920.68",0,46-60,1.32,0,Yes,No,Stayed
15800845,732,Spain,Female,33,8,"£111,379.55",1,1,1,"£45,098.62",0,31-45,2.47,0,Yes,Yes,Stayed
15603914,614,France,Male,40,6,£0.00,1,1,1,"£20,339.79",1,31-45,0,0,Yes,Yes,Churned
15722765,580,Spain,Female,57,0,"£136,820.99",1,0,1,"£108,528.74",0,46-60,1.26,0,No,Yes,Stayed
15783305,593,France,Female,46,7,"£98,752.51",1,1,0,"£145,560.38",0,46-60,0.68,0,Yes,No,Stayed
15574842,653,Germany,Female,25,2,"£158,266.42",3,1,1,"£199,357.24",0,18-30,0.79,1,Yes,Yes,Stayed
15607837,746,France,Female,29,4,"£105,599.67",1,1,1,"£43,106.17",0,18-30,2.45,0,Yes,Yes,Stayed
15714877,662,France,Female,29,10,£0.00,2,1,0,"£137,508.31",0,18-30,0,0,Yes,No,Stayed
15782941,573,France,Male,31,2,£0.00,2,1,1,"£91,957.39",0,31-45,0,0,Yes,Yes,Stayed
15630167,684,Spain,Female,39,4,"£139,723.90",1,1,1,"£120,612.11",0,31-45,1.16,0,Yes,Yes,Stayed
15759038,793,France,Female,41,3,"£141,806.46",1,1,0,"£102,921.17",0,31-45,1.38,0,Yes,No,Stayed
15661821,798,Germany,Female,49,5,"£132,571.67",1,1,1,"£31,686.33",1,46-60,4.18,0,Yes,Yes,Churned
15728006,524,France,Male,40,2,"£180,516.90",1,1,0,"£180,002.42",0,31-45,1,0,Yes,No,Stayed
15712176,816,France,Male,31,8,£0.00,2,1,1,"£28,407.40",0,31-45,0,0,Yes,Yes,Stayed
15689351,742,Germany,Female,41,4,"£92,805.72",1,0,1,"£73,743.95",1,31-45,1.26,0,No,Yes,Churned
15782247,540,France,Male,22,4,£0.00,3,1,1,"£186,233.26",1,18-30,0,1,Yes,Yes,Churned
15769064,537,Germany,Male,39,3,"£135,309.36",1,1,0,"£31,728.86",1,31-45,4.26,0,Yes,No,Churned
15718153,759,Spain,Female,74,6,"£128,917.84",1,1,1,"£48,244.64",0,60+,2.67,0,Yes,Yes,Stayed
15613189,774,France,Female,52,2,"£56,580.93",1,1,0,"£113,266.28",1,46-60,0.5,0,Yes,No,Churned
15661734,608,Germany,Male,42,8,"£131,390.75",2,1,0,"£71,178.09",0,31-45,1.85,0,Yes,No,Stayed
15592645,704,Spain,Male,37,4,£0.00,2,0,0,"£25,684.93",0,31-45,0,0,No,No,Stayed
15768387,581,France,Male,41,8,£0.00,2,0,0,"£29,737.14",0,31-45,0,0,No,No,Stayed
15792525,628,Germany,Female,61,1,"£97,361.66",1,1,1,"£149,922.38",1,60+,0.65,0,Yes,Yes,Churned
15586976,566,France,Female,42,6,£0.00,1,1,0,"£180,702.12",1,31-45,0,0,Yes,No,Churned
15790659,701,Spain,Male,59,7,£0.00,2,0,1,"£27,597.59",0,46-60,0,0,No,Yes,Stayed
15691446,735,Spain,Male,29,10,£0.00,2,1,1,"£95,025.27",0,18-30,0,0,Yes,Yes,Stayed
15772632,680,France,Female,34,1,£0.00,2,1,0,"£167,035.07",0,31-45,0,0,Yes,No,Stayed
15706587,560,France,Male,57,0,£0.00,2,0,1,"£116,781.71",0,46-60,0,0,No,Yes,Stayed
15572461,663,Germany,Female,29,4,"£102,714.65",2,0,0,"£21,170.81",0,18-30,4.85,0,No,No,Stayed
15654409,665,France,Female,34,5,"£67,816.72",1,1,1,"£29,641.58",0,31-45,2.29,0,Yes,Yes,Stayed
15568025,758,France,Male,51,8,"£81,710.46",1,1,1,"£116,520.07",0,46-60,0.7,0,Yes,Yes,Stayed
15715769,621,France,Male,26,2,"£75,237.54",1,0,1,"£44,220.40",0,18-30,1.7,0,No,Yes,Stayed
15667458,764,Germany,Male,28,10,"£124,023.18",1,1,0,"£166,188.28",0,18-30,0.75,0,Yes,No,Stayed
15567980,537,Germany,Female,46,5,"£100,727.50",1,0,1,"£140,857.76",1,46-60,0.72,0,No,Yes,Churned
15679294,589,France,Female,46,10,"£107,238.85",2,1,0,"£37,024.28",0,46-60,2.9,0,Yes,No,Stayed
15606507,555,France,Male,24,5,£0.00,2,1,0,"£27,513.47",0,18-30,0,0,Yes,No,Stayed
15578825,734,France,Female,29,0,"£139,994.66",1,1,0,"£17,744.72",0,18-30,7.89,0,Yes,No,Stayed
15619935,783,Spain,Female,59,9,"£126,224.87",1,1,1,"£4,423.63",0,46-60,28.53,0,Yes,Yes,Stayed
15636089,678,Germany,Female,51,1,"£145,751.03",1,0,0,"£109,718.44",1,46-60,1.33,0,No,No,Churned
15727490,661,France,Male,47,5,£0.00,1,0,1,"£107,243.31",1,46-60,0,0,No,Yes,Churned
15591766,607,Spain,Female,25,4,"£121,166.89",1,0,1,"£115,288.24",0,18-30,1.05,0,No,Yes,Stayed
15641629,537,Spain,Female,38,1,£0.00,2,0,1,"£41,233.97",0,31-45,0,0,No,Yes,Stayed
15813303,513,Spain,Male,88,10,£0.00,2,1,1,"£52,952.24",0,60+,0,0,Yes,Yes,Stayed
15756920,576,France,Male,63,9,"£70,655.48",1,0,0,"£78,955.80",1,60+,0.89,0,No,No,Churned
15726403,660,Germany,Male,41,1,"£129,901.21",1,1,0,"£26,025.60",1,31-45,4.99,0,Yes,No,Churned
15592765,637,France,Male,40,8,"£125,470.81",1,1,1,"£174,536.17",0,31-45,0.72,0,Yes,Yes,Stayed
15704442,672,France,Female,53,9,"£169,406.33",4,1,1,"£147,311.47",1,46-60,1.15,1,Yes,Yes,Churned
15641136,629,France,Male,32,2,£0.00,2,0,1,"£77,965.44",0,31-45,0,0,No,Yes,Stayed
15725818,583,Germany,Male,40,4,"£107,041.30",1,1,1,"£5,635.63",0,31-45,18.99,0,Yes,Yes,Stayed
15612071,763,Spain,Female,32,10,"£95,153.77",1,0,1,"£81,310.10",0,31-45,1.17,0,No,Yes,Stayed
15719809,516,Germany,Male,32,3,"£145,166.09",2,0,0,"£111,421.45",0,31-45,1.3,0,No,No,Stayed
15716518,617,France,Female,27,4,£0.00,2,0,0,"£190,269.21",0,18-30,0,0,No,No,Stayed
15742210,700,France,Male,38,9,"£65,962.63",1,1,1,"£100,950.48",0,31-45,0.65,0,Yes,Yes,Stayed
15630617,727,Germany,Male,36,6,"£140,418.81",1,1,1,"£113,033.73",1,31-45,1.24,0,Yes,Yes,Churned
15720838,689,Spain,Female,31,3,"£139,799.63",1,0,1,"£120,663.57",0,31-45,1.16,0,No,Yes,Stayed
15595537,626,Germany,Male,49,9,"£171,787.84",2,1,0,"£187,192.23",0,46-60,0.92,0,Yes,No,Stayed
15623196,686,France,Male,38,6,"£149,238.97",1,1,1,"£97,825.23",0,31-45,1.53,0,Yes,Yes,Stayed
15679249,351,Germany,Female,57,4,"£163,146.46",1,1,0,"£169,621.69",1,46-60,0.96,0,Yes,No,Churned
15693199,739,France,Female,37,8,£0.00,2,1,0,"£191,557.10",1,31-45,0,0,Yes,No,Churned
15661219,627,France,Male,32,10,£0.00,2,1,0,"£103,287.62",0,31-45,0,0,Yes,No,Stayed
15617136,451,Germany,Female,38,9,"£61,482.47",1,1,1,"£167,538.66",0,31-45,0.37,0,Yes,Yes,Stayed
15760294,512,France,Female,41,8,"£145,150.28",1,1,0,"£64,869.32",1,31-45,2.24,0,Yes,No,Churned
15652808,774,France,Female,41,5,"£126,670.37",1,1,0,"£102,426.06",0,31-45,1.24,0,Yes,No,Stayed
15657139,652,France,Female,40,8,"£84,390.80",2,0,1,"£107,876.20",0,31-45,0.78,0,No,Yes,Stayed
15803790,638,Germany,Male,37,2,"£89,728.86",2,1,1,"£37,294.88",0,31-45,2.41,0,Yes,Yes,Stayed
15764105,475,France,Female,57,1,£0.00,2,1,0,"£89,248.99",0,46-60,0,0,Yes,No,Stayed
15672610,567,Spain,Male,40,4,"£118,628.80",1,0,0,"£91,973.63",0,31-45,1.29,0,No,No,Stayed
15766896,750,France,Male,37,3,£0.00,2,1,0,"£16,870.20",0,31-45,0,0,Yes,No,Stayed
15587735,850,France,Male,39,6,"£96,863.13",1,1,1,"£121,681.19",0,31-45,0.8,0,Yes,Yes,Stayed
15659501,753,France,Female,38,6,"£142,263.45",1,0,1,"£33,730.43",0,31-45,4.22,0,No,Yes,Stayed
15745001,683,Spain,Female,36,7,£0.00,2,1,0,"£104,786.59",0,31-45,0,0,Yes,No,Stayed
15651140,710,France,Female,32,3,£0.00,1,1,0,"£94,790.34",0,31-45,0,0,Yes,No,Stayed
15571148,645,Spain,Female,21,1,£0.00,2,0,0,"£28,726.07",0,18-30,0,0,No,No,Stayed
15776824,714,France,Male,28,6,"£122,724.37",1,1,1,"£67,057.27",0,18-30,1.83,0,Yes,Yes,Stayed
15633141,696,Germany,Female,35,4,"£174,902.26",1,1,0,"£69,079.85",0,31-45,2.53,0,Yes,No,Stayed
15764174,612,Spain,Female,26,4,£0.00,2,1,1,"£179,780.74",0,18-30,0,0,Yes,Yes,Stayed
15778155,520,Germany,Female,31,3,"£108,914.17",1,1,1,"£183,572.39",1,31-45,0.59,0,Yes,Yes,Churned
15715920,782,Spain,Male,23,10,"£98,052.66",1,1,1,"£142,587.32",0,18-30,0.69,0,Yes,Yes,Stayed
15671917,666,France,Male,46,5,"£123,873.19",1,1,1,"£177,844.06",0,46-60,0.7,0,Yes,Yes,Stayed
15666548,466,Germany,Female,56,2,"£111,920.13",3,1,0,"£197,634.11",1,46-60,0.57,1,Yes,No,Churned
15625623,567,France,Female,45,4,£0.00,2,0,1,"£121,053.19",0,31-45,0,0,No,Yes,Stayed
15748123,613,France,Male,20,3,£0.00,2,1,1,"£149,613.77",0,18-30,0,0,Yes,Yes,Stayed
15648735,718,France,Male,37,8,£0.00,2,1,1,£142.81,0,31-45,0,0,Yes,Yes,Stayed
15634974,614,France,Female,37,8,"£75,150.34",4,0,1,"£131,766.67",1,31-45,0.57,1,No,Yes,Churned
15713378,711,France,Male,38,10,£0.00,2,0,0,"£53,311.78",0,31-45,0,0,No,No,Stayed
15753370,691,Germany,Female,38,5,"£114,753.76",1,1,0,"£107,665.02",0,31-45,1.07,0,Yes,No,Stayed
15782659,527,France,Male,32,0,£0.00,1,1,0,"£109,523.88",0,31-45,0,0,Yes,No,Stayed
15583364,476,France,Female,32,6,"£111,871.93",1,0,0,"£112,132.86",0,31-45,1,0,No,No,Stayed
15625942,619,Spain,Female,45,0,£0.00,2,0,0,"£113,645.40",0,31-45,0,0,No,No,Stayed
15720284,607,Germany,Female,37,4,"£135,927.06",1,0,0,"£180,890.40",0,31-45,0.75,0,No,No,Stayed
15679642,695,Spain,Male,44,8,£0.00,2,1,1,"£70,974.13",0,31-45,0,0,Yes,Yes,Stayed
15628007,653,France,Male,33,1,£0.00,2,0,0,"£53,379.52",0,31-45,0,0,No,No,Stayed
15661974,677,France,Male,46,2,"£57,037.74",1,1,1,"£158,531.01",0,46-60,0.36,0,Yes,Yes,Stayed
15689341,655,France,Female,50,10,£0.00,4,1,0,"£179,267.94",1,46-60,0,1,Yes,No,Churned
15607993,625,France,Female,52,2,"£79,468.96",1,1,1,"£84,606.03",0,46-60,0.94,0,Yes,Yes,Stayed
15693267,679,Germany,Female,34,7,"£121,063.85",1,1,0,"£56,984.58",0,31-45,2.12,0,Yes,No,Stayed
15769522,734,France,Male,51,1,"£118,537.47",1,1,1,"£116,912.45",0,46-60,1.01,0,Yes,Yes,Stayed
15755825,666,France,Male,39,10,£0.00,2,1,0,"£102,999.33",0,31-45,0,0,Yes,No,Stayed
15598175,592,Germany,Female,26,4,"£105,082.07",2,1,0,"£132,801.57",0,18-30,0.79,0,Yes,No,Stayed
15744327,564,France,Male,40,4,£0.00,1,1,0,"£85,455.62",1,31-45,0,0,Yes,No,Churned
15798666,814,France,Female,36,6,£0.00,2,1,1,"£98,657.01",0,31-45,0,0,Yes,Yes,Stayed
15577064,592,Germany,Male,36,2,"£104,702.65",2,1,0,"£107,948.72",0,31-45,0.97,0,Yes,No,Stayed
15759436,758,France,Female,50,2,"£95,813.76",3,1,1,"£67,944.09",1,46-60,1.41,1,Yes,Yes,Churned
15690231,612,Spain,Female,62,0,"£167,026.61",2,1,1,"£192,892.05",0,60+,0.87,0,Yes,Yes,Stayed
15751561,498,Germany,Male,61,7,"£102,453.26",1,1,0,"£187,247.56",1,60+,0.55,0,Yes,No,Churned
15739068,638,Germany,Male,25,4,"£148,045.45",2,1,1,"£114,722.42",0,18-30,1.29,0,Yes,Yes,Stayed
15758056,558,France,Male,35,1,£0.00,2,0,0,"£111,687.57",0,31-45,0,0,No,No,Stayed
15742269,756,France,Female,24,1,£0.00,2,1,0,"£184,182.25",0,18-30,0,0,Yes,No,Stayed
15726490,782,Spain,Male,52,4,£0.00,1,1,1,"£52,759.82",1,46-60,0,0,Yes,Yes,Churned
15738411,505,France,Male,34,10,"£104,498.79",1,0,1,"£126,451.14",0,31-45,0.83,0,No,Yes,Stayed
15727919,671,Spain,Female,29,6,£0.00,2,0,0,"£12,048.67",0,18-30,0,0,No,No,Stayed
15709396,801,France,Male,42,6,£0.00,2,1,1,"£95,804.33",0,31-45,0,0,Yes,Yes,Stayed
15654106,604,France,Male,26,8,"£149,542.52",2,0,1,"£197,911.52",0,18-30,0.76,0,No,Yes,Stayed
15621653,716,France,Female,29,10,"£87,946.39",1,1,1,"£182,531.74",0,18-30,0.48,0,Yes,Yes,Stayed
15598086,624,France,Female,45,3,"£68,639.57",1,1,0,"£168,002.31",1,31-45,0.41,0,Yes,No,Churned
15752300,607,Germany,Male,47,4,"£148,826.32",1,1,1,"£79,450.61",0,46-60,1.87,0,Yes,Yes,Stayed
15658693,827,France,Female,60,2,£0.00,2,0,1,"£60,615.83",0,46-60,0,0,No,Yes,Stayed
15631838,606,France,Male,61,5,"£108,166.09",2,0,1,"£8,643.21",0,60+,12.51,0,No,Yes,Stayed
15803804,717,Germany,Female,35,5,"£103,214.71",1,1,0,"£172,172.70",0,31-45,0.6,0,Yes,No,Stayed
15578809,651,Germany,Male,40,1,"£134,760.21",2,0,0,"£174,434.06",1,31-45,0.77,0,No,No,Churned
15752026,691,France,Male,58,3,£0.00,1,0,1,"£194,930.30",1,46-60,0,0,No,Yes,Churned
15723706,573,France,Female,33,0,"£90,124.64",1,1,0,"£137,476.71",0,31-45,0.66,0,Yes,No,Stayed
15752838,723,Spain,Male,38,6,£0.00,2,1,1,"£94,415.60",0,31-45,0,0,Yes,Yes,Stayed
15569571,584,Germany,Female,46,6,"£87,361.02",2,1,0,"£120,376.87",1,46-60,0.73,0,Yes,No,Churned
15769703,550,Germany,Female,45,8,"£111,257.59",1,0,0,"£97,623.42",1,31-45,1.14,0,No,No,Churned
15679770,611,France,Female,61,3,"£131,583.59",4,0,1,"£66,238.23",1,60+,1.99,1,No,Yes,Churned
15791102,549,Germany,Male,41,9,"£95,020.80",3,1,1,"£131,710.59",1,31-45,0.72,1,Yes,Yes,Churned
15655192,850,Spain,Female,24,1,£0.00,2,0,1,"£69,052.87",0,18-30,0,0,No,Yes,Stayed
15709487,668,Germany,Male,34,5,"£80,242.37",2,0,0,"£56,780.97",0,31-45,1.41,0,No,No,Stayed
15687130,686,France,Female,43,0,£0.00,1,1,1,"£170,072.90",0,31-45,0,0,Yes,Yes,Stayed
15755178,660,France,Male,50,1,£0.00,3,1,1,"£191,849.15",1,46-60,0,1,Yes,Yes,Churned
15634772,682,Spain,Female,59,0,"£122,661.39",1,0,1,"£84,803.76",0,46-60,1.45,0,No,Yes,Stayed
15617197,524,France,Male,50,4,£0.00,2,1,1,"£31,840.59",1,46-60,0,0,Yes,Yes,Churned
15631240,645,France,Female,36,8,£0.00,2,1,1,"£12,096.61",1,31-45,0,0,Yes,Yes,Churned
15784301,850,France,Male,42,0,£0.00,2,1,0,"£44,165.84",0,31-45,0,0,Yes,No,Stayed
15631310,537,France,Female,53,3,£0.00,1,1,1,"£91,406.62",0,46-60,0,0,Yes,Yes,Stayed
15756560,599,Spain,Female,46,7,"£81,742.84",2,1,0,"£83,282.21",0,46-60,0.98,0,Yes,No,Stayed
15732270,727,Spain,Male,71,8,£0.00,1,1,1,"£198,446.91",1,60+,0,0,Yes,Yes,Churned
15739357,756,Spain,Male,30,2,"£145,127.85",1,0,0,"£7,554.68",0,18-30,19.21,0,No,No,Stayed
15771540,755,France,Male,38,9,"£148,912.44",1,1,0,"£80,416.16",0,31-45,1.85,0,Yes,No,Stayed
15567486,634,Spain,Female,41,4,£0.00,2,1,1,"£164,549.74",0,31-45,0,0,Yes,Yes,Stayed
15714634,837,France,Male,26,4,"£89,900.24",2,1,0,"£175,477.03",0,18-30,0.51,0,Yes,No,Stayed
15727021,727,Germany,Female,30,8,"£119,027.28",2,1,1,"£137,903.54",0,18-30,0.86,0,Yes,Yes,Stayed
15650670,567,Germany,Female,40,2,"£105,222.86",2,1,0,"£93,795.86",0,31-45,1.12,0,Yes,No,Stayed
15711834,650,Spain,Female,30,6,£0.00,1,0,0,"£67,997.13",1,18-30,0,0,No,No,Churned
15729763,655,Spain,Male,34,1,"£116,114.93",1,1,1,"£49,492.15",0,31-45,2.35,0,Yes,Yes,Stayed
15646566,763,France,Female,58,9,"£187,911.55",1,0,1,"£35,825.18",0,46-60,5.25,0,No,Yes,Stayed
15645463,843,France,Female,27,5,£0.00,2,1,1,"£67,494.23",0,18-30,0,0,Yes,Yes,Stayed
15672144,667,France,Female,38,6,"£144,432.04",1,1,1,"£73,963.17",1,31-45,1.95,0,Yes,Yes,Churned
15596088,705,France,Female,50,4,"£77,065.90",2,0,1,"£145,159.26",0,46-60,0.53,0,No,Yes,Stayed
15614878,660,Germany,Female,29,6,"£180,520.29",1,1,1,"£123,850.58",0,18-30,1.46,0,Yes,Yes,Stayed
15635240,553,France,Male,42,1,£0.00,2,0,0,"£23,822.04",0,31-45,0,0,No,No,Stayed
15775905,612,Germany,Female,47,6,"£130,024.87",1,1,1,"£45,750.21",1,46-60,2.84,0,Yes,Yes,Churned
15700657,641,Germany,Female,40,2,"£110,086.69",1,1,0,"£159,773.14",0,31-45,0.69,0,Yes,No,Stayed
15611905,513,Spain,Female,31,5,"£174,853.46",1,1,0,"£84,238.63",0,31-45,2.08,0,Yes,No,Stayed
15652527,680,France,Male,44,7,"£108,724.98",1,0,1,"£72,330.46",0,31-45,1.5,0,No,Yes,Stayed
15785865,711,France,Male,58,9,"£91,285.13",2,1,1,"£26,767.85",0,46-60,3.41,0,Yes,Yes,Stayed
15645942,689,Spain,Male,40,2,£0.00,2,1,1,"£164,768.82",0,31-45,0,0,Yes,Yes,Stayed
15688691,665,Germany,Female,51,9,"£110,610.41",2,0,1,"£1,112.76",1,46-60,99.4,0,No,Yes,Churned
15592736,551,Germany,Male,54,5,"£102,994.04",1,1,0,"£176,680.16",1,46-60,0.58,0,Yes,No,Churned
15673529,645,Spain,Male,36,4,"£59,893.85",2,1,0,"£43,999.64",0,31-45,1.36,0,Yes,No,Stayed
15724145,616,Germany,Male,29,8,"£149,318.55",1,1,0,"£140,746.13",0,18-30,1.06,0,Yes,No,Stayed
15704629,582,France,Female,32,1,"£116,409.55",1,0,1,"£152,790.92",0,31-45,0.76,0,No,Yes,Stayed
15597896,365,Germany,Male,30,0,"£127,760.07",1,1,0,"£81,537.85",1,18-30,1.57,0,Yes,No,Churned
15731790,697,Germany,Female,38,6,"£132,591.36",1,1,1,"£7,387.80",1,31-45,17.95,0,Yes,Yes,Churned
15634719,704,France,Male,31,0,£0.00,2,1,0,"£183,038.33",0,31-45,0,0,Yes,No,Stayed
15703205,656,France,Female,46,5,"£113,402.14",2,1,1,"£138,849.06",0,46-60,0.82,0,Yes,Yes,Stayed
15567333,712,France,Female,31,7,£0.00,2,1,0,"£170,333.38",0,31-45,0,0,Yes,No,Stayed
15754537,748,France,Male,40,0,£0.00,1,0,0,"£60,416.76",0,31-45,0,0,No,No,Stayed
15612030,724,France,Male,28,9,£0.00,2,1,1,"£100,240.20",0,18-30,0,0,Yes,Yes,Stayed
15573242,691,France,Male,50,6,"£136,953.47",1,1,1,"£2,704.98",0,46-60,50.63,0,Yes,Yes,Stayed
15601892,563,France,Male,33,8,£0.00,2,0,1,"£68,815.05",0,31-45,0,0,No,Yes,Stayed
15663885,741,France,Male,32,5,£0.00,1,1,1,"£64,839.23",0,31-45,0,0,Yes,Yes,Stayed
15701096,778,France,Male,44,8,"£123,863.64",1,1,0,"£144,494.94",0,31-45,0.86,0,Yes,No,Stayed
15710450,848,Spain,Male,22,7,"£120,811.89",1,1,1,"£185,510.34",0,18-30,0.65,0,Yes,Yes,Stayed
15790846,634,Germany,Male,38,2,"£148,430.55",1,1,1,"£56,055.72",0,31-45,2.65,0,Yes,Yes,Stayed
15658956,505,Germany,Male,40,6,"£47,869.69",2,1,1,"£155,061.97",0,31-45,0.31,0,Yes,Yes,Stayed
15755223,692,Germany,Male,53,7,"£150,926.99",2,0,0,"£119,817.19",0,46-60,1.26,0,No,No,Stayed
15787318,537,Germany,Female,47,6,"£103,163.35",1,1,0,"£16,259.64",1,46-60,6.34,0,Yes,No,Churned
15737310,633,France,Male,29,10,"£130,206.28",1,1,0,"£184,654.87",0,18-30,0.71,0,Yes,No,Stayed
15763665,833,France,Female,28,4,"£136,674.51",2,0,0,"£5,278.78",0,18-30,25.89,0,No,No,Stayed
15668818,592,Spain,Female,40,2,"£200,322.45",1,1,1,"£113,244.73",0,31-45,1.77,0,Yes,Yes,Stayed
15765812,587,Spain,Male,48,1,£0.00,2,1,1,"£8,908.00",0,46-60,0,0,Yes,Yes,Stayed
15704844,550,Spain,Male,62,7,"£80,927.56",1,0,1,"£64,490.67",0,60+,1.25,0,No,Yes,Stayed
15744582,680,France,Female,24,10,£0.00,3,1,0,"£154,971.63",1,18-30,0,1,Yes,No,Churned
15616700,622,Spain,Female,41,9,£0.00,2,1,1,"£155,786.39",0,31-45,0,0,Yes,Yes,Stayed
15683521,594,Germany,Male,28,0,"£142,574.71",2,1,0,"£129,084.82",0,18-30,1.1,0,Yes,No,Stayed
15583049,643,Germany,Female,34,7,"£160,426.07",1,0,1,"£188,533.11",0,31-45,0.85,0,No,Yes,Stayed
15643752,540,France,Male,25,5,"£116,160.23",1,1,0,"£13,411.67",0,18-30,8.66,0,Yes,No,Stayed
15620398,635,Spain,Female,34,5,"£98,683.47",2,1,0,"£15,733.19",0,31-45,6.27,0,Yes,No,Stayed
15715707,657,France,Male,32,3,"£118,829.03",2,1,1,"£73,127.61",0,31-45,1.62,0,Yes,Yes,Stayed
15814209,814,France,Male,31,1,"£118,870.92",1,1,0,"£101,704.19",0,31-45,1.17,0,Yes,No,Stayed
15733768,600,France,Male,32,1,£0.00,1,1,1,"£101,986.16",0,31-45,0,0,Yes,Yes,Stayed
15755242,682,France,Female,46,2,£0.00,1,1,1,"£114,442.66",0,46-60,0,0,Yes,Yes,Stayed
15729412,682,France,Male,38,4,"£107,192.38",1,1,1,"£15,669.17",0,31-45,6.84,0,Yes,Yes,Stayed
15746564,566,France,Male,42,3,"£108,010.78",1,1,1,"£157,486.10",0,31-45,0.69,0,Yes,Yes,Stayed
15588446,550,Spain,Male,34,3,£0.00,2,0,0,"£131,281.28",0,31-45,0,0,No,No,Stayed
15665221,630,France,Male,26,7,"£129,837.72",2,0,1,"£197,001.15",0,18-30,0.66,0,No,Yes,Stayed
15640846,546,Germany,Female,58,3,"£106,458.31",4,1,0,"£128,881.87",1,46-60,0.83,1,Yes,No,Churned
15700209,486,France,Male,63,9,"£97,009.15",1,1,1,"£85,101.00",0,60+,1.14,0,Yes,Yes,Stayed
15658360,762,Spain,Male,35,9,"£122,929.42",2,0,0,"£149,822.04",0,31-45,0.82,0,No,No,Stayed
15602735,692,Germany,Male,45,6,"£152,296.83",4,0,1,"£108,040.86",1,31-45,1.41,1,No,Yes,Churned
15724834,498,France,Female,30,1,£0.00,2,0,0,"£135,795.53",0,18-30,0,0,No,No,Stayed
15800062,850,Spain,Male,49,8,£0.00,1,0,0,"£25,867.67",1,46-60,0,0,No,No,Churned
15685300,603,France,Male,35,6,"£128,993.76",2,1,0,"£130,483.56",0,31-45,0.99,0,Yes,No,Stayed
15760102,551,France,Female,36,5,£0.00,1,1,0,"£183,479.12",0,31-45,0,0,Yes,No,Stayed
15787026,627,Germany,Male,27,0,"£185,267.45",2,1,1,"£77,027.34",0,18-30,2.41,0,Yes,Yes,Stayed
15653696,515,France,Female,28,9,£0.00,2,0,0,"£94,141.75",0,18-30,0,0,No,No,Stayed
15788946,605,Spain,Female,29,3,"£116,805.82",1,0,0,"£4,092.75",0,18-30,28.54,0,No,No,Stayed
15600724,567,Germany,Male,29,5,"£129,750.68",1,1,0,"£109,257.59",0,18-30,1.19,0,Yes,No,Stayed
15574324,568,Germany,Female,29,2,"£129,177.01",2,0,1,"£104,617.99",0,18-30,1.23,0,No,Yes,Stayed
15707144,571,Germany,Male,25,6,"£82,506.72",2,1,0,"£167,705.07",0,18-30,0.49,0,Yes,No,Stayed
15775891,634,Germany,Male,48,2,"£107,247.69",1,1,1,"£103,712.05",1,46-60,1.03,0,Yes,Yes,Churned
15711789,768,Spain,Female,42,3,£0.00,1,0,0,"£161,242.99",1,31-45,0,0,No,No,Churned
15600879,554,Germany,Female,36,3,"£157,780.93",2,1,0,"£6,089.13",0,31-45,25.91,0,Yes,No,Stayed
15681196,629,France,Male,35,1,"£172,170.36",1,1,1,"£159,777.37",0,31-45,1.08,0,Yes,Yes,Stayed
15716000,638,Spain,Male,48,2,£0.00,2,1,1,"£7,919.08",0,46-60,0,0,Yes,Yes,Stayed
15766776,576,France,Male,41,1,£0.00,1,1,1,"£188,274.60",0,31-45,0,0,Yes,Yes,Stayed
15680278,661,Spain,Female,42,9,"£75,361.44",1,1,0,"£27,608.12",1,31-45,2.73,0,Yes,No,Churned
15688637,592,France,Female,27,4,£0.00,2,1,1,"£183,569.25",0,18-30,0,0,Yes,Yes,Stayed
15591179,702,Spain,Male,30,2,£0.00,2,1,1,"£145,537.32",0,18-30,0,0,Yes,Yes,Stayed
15677435,647,France,Female,29,0,"£98,263.46",2,1,0,"£164,717.95",0,18-30,0.6,0,Yes,No,Stayed
15698619,593,France,Male,43,9,£0.00,2,1,1,"£76,357.43",0,31-45,0,0,Yes,Yes,Stayed
15581036,712,Germany,Female,40,3,"£109,308.79",2,1,0,"£120,158.72",1,31-45,0.91,0,Yes,No,Churned
15622117,625,Spain,Female,31,8,£0.00,2,1,0,"£151,843.54",0,31-45,0,0,Yes,No,Stayed
15599301,538,Germany,Female,28,6,"£164,365.44",1,0,1,"£5,698.97",0,18-30,28.84,0,No,Yes,Stayed
15581548,637,Spain,Female,22,5,"£98,800.00",1,1,0,"£122,865.55",0,18-30,0.8,0,Yes,No,Stayed
15586870,632,France,Male,27,4,"£193,125.85",1,1,1,"£152,665.85",0,18-30,1.27,0,Yes,Yes,Stayed
15735263,736,France,Male,27,5,"£51,522.75",1,0,1,"£192,131.77",0,18-30,0.27,0,No,Yes,Stayed
15765322,755,France,Male,23,5,"£84,284.48",2,1,1,"£62,851.60",0,18-30,1.34,0,Yes,Yes,Stayed
15582944,425,Spain,Female,39,5,£0.00,2,1,0,"£140,941.47",0,31-45,0,0,Yes,No,Stayed
15687162,461,France,Male,51,9,"£119,889.84",1,0,0,"£56,767.67",1,46-60,2.11,0,No,No,Churned
15644962,745,France,Male,21,4,"£137,910.45",1,1,1,"£177,235.23",0,18-30,0.78,0,Yes,Yes,Stayed
15612615,616,France,Female,37,6,£0.00,2,1,0,"£86,242.18",0,31-45,0,0,Yes,No,Stayed
15813439,587,France,Male,33,5,"£100,116.82",1,1,0,"£34,215.58",0,31-45,2.93,0,Yes,No,Stayed
15604544,850,Germany,Male,40,4,"£166,082.15",2,0,1,"£44,406.17",0,31-45,3.74,0,No,Yes,Stayed
15761348,601,France,Female,38,0,£0.00,2,1,0,"£165,196.65",0,31-45,0,0,Yes,No,Stayed
15785078,730,Spain,Male,26,3,£0.00,1,1,0,"£34,542.41",0,18-30,0,0,Yes,No,Stayed
15759874,532,France,Male,44,3,"£148,595.55",1,1,0,"£74,838.64",1,31-45,1.99,0,Yes,No,Churned
15643658,850,Germany,Male,53,2,"£94,078.97",2,1,0,"£36,980.54",0,46-60,2.54,0,Yes,No,Stayed
15713267,779,Spain,Female,34,5,£0.00,2,0,1,"£111,676.63",0,31-45,0,0,No,Yes,Stayed
15737782,562,France,Male,29,9,£0.00,1,1,1,"£25,858.68",0,18-30,0,0,Yes,Yes,Stayed
15815490,670,Germany,Male,40,2,"£164,948.98",3,0,0,"£177,028.00",1,31-45,0.93,1,No,No,Churned
15679410,729,France,Female,62,4,"£140,549.40",1,1,0,"£30,990.16",1,60+,4.54,0,Yes,No,Churned
15756241,767,France,Female,44,2,"£152,509.25",1,1,1,"£136,915.15",0,31-45,1.11,0,Yes,Yes,Stayed
15688409,742,France,Female,28,2,"£191,864.51",1,1,0,"£108,457.99",1,18-30,1.77,0,Yes,No,Churned
15742272,669,France,Female,44,8,"£96,418.09",1,0,0,"£131,609.48",1,31-45,0.73,0,No,No,Churned
15717898,542,Spain,Male,32,2,"£131,945.94",1,0,1,"£159,737.56",0,31-45,0.83,0,No,Yes,Stayed
15769582,586,France,Male,29,3,£0.00,2,1,1,"£142,238.54",0,18-30,0,0,Yes,Yes,Stayed
15635660,612,Germany,Male,30,9,"£142,910.15",1,1,0,"£105,890.55",1,18-30,1.35,0,Yes,No,Churned
15576723,740,France,Female,37,7,£0.00,2,1,1,"£194,270.91",0,31-45,0,0,Yes,Yes,Stayed
15591577,584,France,Male,35,3,"£146,311.58",1,1,1,"£105,443.47",0,31-45,1.39,0,Yes,Yes,Stayed
15582325,524,France,Male,52,2,"£87,894.26",1,1,0,"£173,899.42",1,46-60,0.51,0,Yes,No,Churned
15693947,614,France,Female,19,5,"£97,445.49",2,1,0,"£122,823.34",0,18-30,0.79,0,Yes,No,Stayed
15760446,598,France,Female,64,9,£0.00,1,0,1,"£13,181.37",1,60+,0,0,No,Yes,Churned
15611105,799,Spain,Male,35,7,£0.00,2,0,1,"£140,780.80",0,31-45,0,0,No,Yes,Stayed
15630920,724,France,Male,34,2,"£154,485.74",2,0,0,"£78,560.64",0,31-45,1.97,0,No,No,Stayed
15574910,601,France,Male,50,2,"£115,625.07",1,1,0,"£185,855.21",0,46-60,0.62,0,Yes,No,Stayed
15756472,804,France,Male,25,7,"£108,396.67",1,1,0,"£128,276.95",0,18-30,0.85,0,Yes,No,Stayed
15682890,745,Germany,Male,38,5,"£65,095.41",2,1,1,"£140,197.42",0,31-45,0.46,0,Yes,Yes,Stayed
15641994,667,Germany,Male,43,1,"£103,018.45",1,1,0,"£32,462.39",1,31-45,3.17,0,Yes,No,Churned
15733297,518,France,Female,38,10,"£84,764.79",1,1,1,"£162,253.90",0,31-45,0.52,0,Yes,Yes,Stayed
15767793,819,France,Female,38,10,£0.00,2,1,0,"£30,498.70",0,31-45,0,0,Yes,No,Stayed
15725698,520,Spain,Female,35,4,"£115,680.81",1,1,1,"£90,280.70",0,31-45,1.28,0,Yes,Yes,Stayed
15813532,625,France,Female,39,5,£0.00,2,1,0,"£32,615.21",0,31-45,0,0,Yes,No,Stayed
15576760,673,Germany,Male,36,5,"£73,088.06",2,0,0,"£196,142.26",0,31-45,0.37,0,No,No,Stayed
15732102,656,Germany,Female,27,3,"£150,905.03",2,1,0,"£16,998.72",0,18-30,8.88,0,Yes,No,Stayed
15739046,850,Spain,Female,23,9,"£143,054.85",1,0,1,"£62,980.96",0,18-30,2.27,0,No,Yes,Stayed
15631927,574,Spain,Female,28,7,£0.00,2,0,0,"£185,660.30",0,18-30,0,0,No,No,Stayed
15672115,679,France,Male,60,6,£0.00,2,1,1,"£77,331.77",0,46-60,0,0,Yes,Yes,Stayed
15618765,530,Germany,Female,42,0,"£99,948.45",1,0,1,"£97,338.62",0,31-45,1.03,0,No,Yes,Stayed
15679148,508,France,Male,44,3,"£115,451.05",2,0,0,"£67,234.33",0,31-45,1.72,0,No,No,Stayed
15728474,558,Germany,Male,32,4,"£108,235.91",1,1,1,"£143,783.28",0,31-45,0.75,0,Yes,Yes,Stayed
15636999,414,France,Male,38,8,£0.00,1,0,1,"£77,661.12",1,31-45,0,0,No,Yes,Churned
15754261,648,Spain,Male,42,2,"£98,795.61",2,1,0,"£89,123.99",0,31-45,1.11,0,Yes,No,Stayed
15629150,721,France,Female,37,1,£0.00,2,1,0,"£70,810.80",0,31-45,0,0,Yes,No,Stayed
15736274,751,France,Male,31,8,£0.00,2,0,0,"£17,550.49",0,31-45,0,0,No,No,Stayed
15627697,662,France,Male,34,2,£0.00,2,0,1,"£21,497.27",0,31-45,0,0,No,Yes,Stayed
15721585,628,Germany,Male,29,3,"£113,146.98",2,0,1,"£124,749.08",0,18-30,0.91,0,No,Yes,Stayed
15639946,597,Germany,Female,39,8,"£162,532.14",3,1,0,"£36,051.46",1,31-45,4.51,1,Yes,No,Churned
15792176,698,Spain,Female,40,0,"£92,053.44",1,1,1,"£143,681.83",0,31-45,0.64,0,Yes,Yes,Stayed
15699450,723,France,Male,48,7,£0.00,2,1,1,"£150,694.58",0,46-60,0,0,Yes,Yes,Stayed
15729954,586,France,Female,28,5,£0.00,3,1,0,"£170,487.40",1,18-30,0,1,Yes,No,Churned
15600103,633,Germany,Female,29,8,"£104,944.10",1,1,1,"£97,684.46",0,18-30,1.07,0,Yes,Yes,Stayed
15786200,564,France,Male,31,4,£0.00,2,1,0,"£53,520.03",0,31-45,0,0,Yes,No,Stayed
15797010,649,France,Female,31,2,£0.00,2,1,0,"£15,200.61",0,31-45,0,0,Yes,No,Stayed
15670172,622,France,Female,30,4,"£107,879.04",1,0,1,"£196,894.62",0,18-30,0.55,0,No,Yes,Stayed
15627352,459,Germany,Male,46,7,"£110,356.42",1,1,0,"£4,969.13",1,46-60,22.21,0,Yes,No,Churned
15622494,718,France,Male,27,2,£0.00,2,0,0,"£26,229.24",0,18-30,0,0,No,No,Stayed
15585835,655,Spain,Female,34,4,"£109,783.69",2,1,0,"£134,034.32",0,31-45,0.82,0,Yes,No,Stayed
15595071,696,France,Male,22,9,"£149,777.00",1,1,1,"£198,032.93",0,18-30,0.76,0,Yes,Yes,Stayed
15628203,637,France,Female,38,3,"£104,339.56",1,0,0,"£119,882.86",0,31-45,0.87,0,No,No,Stayed
15667190,630,Spain,Female,21,1,"£85,818.18",1,1,1,"£133,102.30",0,18-30,0.64,0,Yes,Yes,Stayed
15780212,592,France,Male,37,4,"£212,692.97",1,0,0,"£176,395.02",0,31-45,1.21,0,No,No,Stayed
15766869,634,Germany,Male,37,1,"£89,696.84",2,1,1,"£193,179.88",0,31-45,0.46,0,Yes,Yes,Stayed
15775741,608,France,Female,28,9,£0.00,2,1,1,"£125,062.02",0,18-30,0,0,Yes,Yes,Stayed
15628170,565,Germany,Female,32,9,"£68,067.24",1,1,0,"£143,287.58",0,31-45,0.48,0,Yes,No,Stayed
15701318,763,Spain,Male,67,9,"£148,564.66",1,0,1,"£87,236.40",0,60+,1.7,0,No,Yes,Stayed
15710928,665,France,Female,55,8,"£136,354.16",1,1,1,"£93,769.89",0,46-60,1.45,0,Yes,Yes,Stayed
15682547,649,France,Male,38,1,"£122,214.00",1,0,1,"£88,965.46",0,31-45,1.37,0,No,Yes,Stayed
15631170,695,France,Male,45,3,£0.00,2,1,1,"£30,793.61",0,31-45,0,0,Yes,Yes,Stayed
15648702,775,Germany,Male,70,6,"£119,684.88",2,1,1,"£74,532.02",0,60+,1.61,0,Yes,Yes,Stayed
15783444,788,France,Female,39,3,"£135,139.33",1,0,1,"£113,086.08",0,31-45,1.2,0,No,Yes,Stayed
15809178,569,Germany,Female,42,9,"£146,100.75",1,1,0,"£32,574.01",1,31-45,4.49,0,Yes,No,Churned
15806688,726,Spain,Female,56,8,"£123,110.90",3,0,1,"£130,113.78",1,46-60,0.95,1,No,Yes,Churned
15576824,564,Germany,Female,44,3,"£111,760.40",3,1,1,"£104,722.47",1,31-45,1.07,1,Yes,Yes,Churned
15675422,544,France,Female,32,9,"£110,728.39",1,1,1,"£14,559.62",0,31-45,7.61,0,Yes,Yes,Stayed
15681550,614,France,Female,41,8,"£121,558.46",1,1,1,£598.80,0,31-45,203,0,Yes,Yes,Stayed
15812628,453,Germany,Female,38,8,"£120,623.21",1,1,0,"£129,697.99",0,31-45,0.93,0,Yes,No,Stayed
15597951,471,France,Female,58,4,"£114,713.57",1,1,1,"£36,315.03",0,46-60,3.16,0,Yes,Yes,Stayed
15807045,829,Germany,Female,37,3,"£103,457.76",1,0,0,"£1,114.12",0,31-45,92.86,0,No,No,Stayed
15581748,754,Germany,Male,57,2,"£101,134.87",2,1,1,"£70,954.41",0,46-60,1.43,0,Yes,Yes,Stayed
15770420,749,Germany,Male,46,10,"£78,136.36",2,1,1,"£73,470.98",0,46-60,1.06,0,Yes,Yes,Stayed
15608230,667,France,Male,23,1,£0.00,2,1,0,"£91,573.19",0,18-30,0,0,Yes,No,Stayed
15730339,670,Spain,Male,30,3,"£133,446.34",1,0,0,"£3,154.95",0,18-30,42.3,0,No,No,Stayed
15712584,670,France,Female,33,7,£0.00,2,1,1,"£88,187.81",0,31-45,0,0,Yes,Yes,Stayed
15592816,623,Germany,Female,48,1,"£108,076.33",1,1,0,"£118,855.26",1,46-60,0.91,0,Yes,No,Churned
15641480,571,France,Male,32,5,"£131,354.25",1,1,0,"£125,256.53",0,31-45,1.05,0,Yes,No,Stayed
15708505,641,Germany,Female,37,7,"£62,974.64",2,0,1,"£39,016.43",0,31-45,1.61,0,No,Yes,Stayed
15791131,551,Germany,Female,30,2,"£143,340.44",1,1,0,"£145,796.49",0,18-30,0.98,0,Yes,No,Stayed
15618225,741,Germany,Male,36,8,"£116,993.43",2,1,0,"£168,816.22",0,31-45,0.69,0,Yes,No,Stayed
15644724,472,France,Male,31,4,"£58,662.92",2,0,1,"£73,322.00",0,31-45,0.8,0,No,Yes,Stayed
15662098,650,Spain,Male,41,3,"£128,808.65",3,0,0,"£113,677.53",1,31-45,1.13,1,No,No,Churned
15723894,625,France,Male,45,7,"£137,555.44",1,0,0,"£124,607.70",0,31-45,1.1,0,No,No,Stayed
15787699,650,Germany,Male,34,4,"£142,393.11",1,1,1,"£11,276.48",0,31-45,12.63,0,Yes,Yes,Stayed
15687738,535,France,Female,38,8,£0.00,2,1,0,"£136,620.64",0,31-45,0,0,Yes,No,Stayed
15576126,649,France,Female,41,2,"£125,785.23",1,1,1,"£70,523.92",0,31-45,1.78,0,Yes,Yes,Stayed
15658889,689,France,Male,22,4,"£136,444.25",1,1,0,"£51,980.25",1,18-30,2.62,0,Yes,No,Churned
15667046,694,Spain,Male,38,7,"£121,527.40",1,1,0,"£113,481.02",0,31-45,1.07,0,Yes,No,Stayed
15669957,655,Germany,Male,52,9,"£144,696.75",1,1,1,"£49,025.79",0,46-60,2.95,0,Yes,Yes,Stayed
15655794,620,France,Male,36,8,£0.00,2,1,1,"£145,937.99",0,31-45,0,0,Yes,Yes,Stayed
15599829,577,France,Female,35,10,£0.00,2,1,1,"£25,161.61",0,31-45,0,0,Yes,Yes,Stayed
15753332,401,Germany,Male,48,8,"£128,140.17",1,1,0,"£175,753.55",1,46-60,0.73,0,Yes,No,Churned
15671124,599,France,Male,25,6,"£120,383.41",1,1,1,"£24,903.09",0,18-30,4.83,0,Yes,Yes,Stayed
15767474,481,France,Female,57,9,£0.00,3,1,1,"£169,719.35",1,46-60,0,1,Yes,Yes,Churned
15720671,704,France,Male,42,8,"£129,735.30",2,1,1,"£179,565.57",0,31-45,0.72,0,Yes,Yes,Stayed
15626787,698,Spain,Female,31,8,"£185,078.26",1,0,0,"£115,337.74",1,31-45,1.6,0,No,No,Churned
15774491,480,France,Female,28,6,£0.00,2,0,0,"£48,131.92",0,18-30,0,0,No,No,Stayed
15579647,682,France,Male,42,0,£0.00,1,1,1,"£160,828.98",0,31-45,0,0,Yes,Yes,Stayed
15625522,700,Spain,Male,31,7,£0.00,2,0,1,"£145,151.96",0,31-45,0,0,No,Yes,Stayed
15765806,492,France,Male,29,1,"£144,591.96",1,1,1,"£196,293.76",0,18-30,0.74,0,Yes,Yes,Stayed
15566708,444,France,Female,45,4,£0.00,2,1,0,"£161,653.50",1,31-45,0,0,Yes,No,Churned
15668347,624,France,Male,36,6,£0.00,2,0,0,"£84,635.64",0,31-45,0,0,No,No,Stayed
15575214,709,France,Male,37,7,£0.00,1,1,0,"£159,486.76",0,31-45,0,0,Yes,No,Stayed
15591123,557,Germany,Male,68,2,"£100,194.44",1,1,1,"£38,596.34",0,60+,2.6,0,Yes,Yes,Stayed
15573280,646,Germany,Male,50,6,"£145,295.31",2,1,1,"£27,814.74",0,46-60,5.22,0,Yes,Yes,Stayed
15589018,719,Germany,Male,28,3,"£106,070.29",2,1,1,"£183,893.31",0,18-30,0.58,0,Yes,Yes,Stayed
15654495,706,Germany,Female,47,6,"£120,621.89",1,1,1,"£140,803.70",0,46-60,0.86,0,Yes,Yes,Stayed
15597265,660,France,Male,38,7,£0.00,2,0,1,"£146,585.53",0,31-45,0,0,No,Yes,Stayed
15733876,667,France,Male,36,9,£0.00,2,1,1,"£40,062.29",0,31-45,0,0,Yes,Yes,Stayed
15677217,705,France,Male,30,1,£0.00,1,1,1,"£181,300.32",0,18-30,0,0,Yes,Yes,Stayed
15747265,598,Germany,Female,27,10,"£171,283.91",1,1,1,"£84,136.12",0,18-30,2.04,0,Yes,Yes,Stayed
15713379,669,France,Male,26,4,£0.00,2,1,1,"£197,594.34",0,18-30,0,0,Yes,Yes,Stayed
15730433,580,Germany,Female,38,1,"£128,218.47",1,1,0,"£125,953.83",1,31-45,1.02,0,Yes,No,Churned
15693347,676,France,Female,32,5,£0.00,2,1,1,"£75,465.41",0,31-45,0,0,Yes,Yes,Stayed
15715465,714,Germany,Male,28,7,"£77,776.39",1,1,0,"£177,737.07",0,18-30,0.44,0,Yes,No,Stayed
15680736,597,Germany,Female,72,6,"£124,978.19",2,1,1,"£7,144.46",0,60+,17.49,0,Yes,Yes,Stayed
15610765,559,France,Male,29,1,£0.00,2,0,0,"£155,639.76",0,18-30,0,0,No,No,Stayed
15650034,564,France,Female,28,1,£0.00,1,1,1,"£162,428.05",0,18-30,0,0,Yes,Yes,Stayed
15782468,850,Spain,Male,51,3,"£109,799.55",2,1,1,"£12,457.76",1,46-60,8.81,0,Yes,Yes,Churned
15685109,689,France,Male,39,7,£0.00,2,0,0,"£14,917.09",0,31-45,0,0,No,No,Stayed
15776233,758,Germany,Female,61,8,"£125,397.21",1,1,0,"£182,184.09",1,60+,0.69,0,Yes,No,Churned
15761141,604,Spain,Female,71,10,£0.00,2,1,1,"£129,984.20",0,60+,0,0,Yes,Yes,Stayed
15781702,733,Germany,Male,38,9,"£111,347.37",2,0,1,"£194,872.97",0,31-45,0.57,0,No,Yes,Stayed
15790235,778,Spain,Male,40,8,"£104,291.41",2,1,1,"£117,507.11",0,31-45,0.89,0,Yes,Yes,Stayed
15641416,732,Germany,Female,61,9,"£94,867.18",2,1,1,"£157,527.60",1,60+,0.6,0,Yes,Yes,Churned
15775234,646,France,Male,24,8,£0.00,2,0,0,"£92,612.88",0,18-30,0,0,No,No,Stayed
15659475,597,France,Female,33,6,"£135,703.59",2,0,0,"£74,850.84",0,31-45,1.81,0,No,No,Stayed
15642202,821,Germany,Female,37,5,"£106,453.53",2,0,1,"£127,413.00",0,31-45,0.84,0,No,Yes,Stayed
15771417,640,France,Male,43,7,"£132,412.38",1,0,0,"£69,584.30",1,31-45,1.9,0,No,No,Churned
15585100,511,Germany,Female,40,9,"£124,401.60",1,1,0,"£198,814.24",1,31-45,0.63,0,Yes,No,Churned
15700487,805,France,Male,46,6,"£118,022.06",3,1,0,"£162,643.15",1,46-60,0.73,1,Yes,No,Churned
15726589,540,Germany,Male,39,1,"£82,531.11",1,1,0,"£114,092.52",0,31-45,0.72,0,Yes,No,Stayed
15747503,705,Spain,Male,44,0,"£184,552.12",1,1,0,"£68,860.30",1,31-45,2.68,0,Yes,No,Churned
15595883,540,Germany,Male,39,4,"£127,278.31",1,1,1,"£16,150.34",0,31-45,7.88,0,Yes,Yes,Stayed
15663826,532,Spain,Female,66,3,£0.00,1,1,1,"£115,227.02",0,60+,0,0,Yes,Yes,Stayed
15742820,535,France,Female,45,2,£0.00,2,0,1,"£170,621.55",0,31-45,0,0,No,Yes,Stayed
15624793,627,Germany,Male,23,5,"£184,244.86",1,1,0,"£103,099.22",0,18-30,1.79,0,Yes,No,Stayed
15597930,646,France,Male,52,8,"£59,669.43",1,0,0,"£172,495.81",1,46-60,0.35,0,No,No,Churned
15665110,515,France,Female,25,7,"£79,543.59",1,0,1,"£38,772.82",0,18-30,2.05,0,No,Yes,Stayed
15770719,697,France,Female,39,6,"£151,553.19",1,1,1,"£44,946.29",0,31-45,3.37,0,Yes,Yes,Stayed
15731327,652,Germany,Male,27,2,"£166,527.88",2,0,1,"£146,007.70",0,18-30,1.14,0,No,Yes,Stayed
15576044,579,Germany,Male,28,6,"£150,329.15",1,1,0,"£145,558.42",0,18-30,1.03,0,Yes,No,Stayed
15775662,760,France,Male,43,8,"£121,911.59",1,1,0,"£193,312.33",0,31-45,0.63,0,Yes,No,Stayed
15646817,769,France,Male,51,9,"£156,773.78",2,1,0,"£40,257.79",0,46-60,3.89,0,Yes,No,Stayed
15596060,498,Spain,Male,29,8,"£127,864.26",1,1,1,"£46,677.90",0,18-30,2.74,0,Yes,Yes,Stayed
15723299,774,France,Male,53,4,"£113,709.28",1,1,1,"£153,887.93",1,46-60,0.74,0,Yes,Yes,Churned
15636982,705,Germany,Female,43,7,"£79,974.55",1,1,1,"£103,108.33",0,31-45,0.78,0,Yes,Yes,Stayed
15751175,648,France,Female,44,2,£0.00,2,1,1,"£58,652.23",0,31-45,0,0,Yes,Yes,Stayed
15618936,688,France,Female,51,5,£0.00,1,1,0,"£91,624.11",1,46-60,0,0,Yes,No,Churned
15787529,592,Spain,Male,38,0,£0.00,1,1,0,"£65,986.48",1,31-45,0,0,Yes,No,Churned
15780128,705,France,Male,33,3,"£144,427.96",2,1,0,"£113,845.19",0,31-45,1.27,0,Yes,No,Stayed
15615991,654,France,Male,42,7,"£99,263.09",1,1,1,"£67,607.90",0,31-45,1.47,0,Yes,Yes,Stayed
15757001,624,France,Female,32,2,"£79,368.87",2,1,1,"£145,471.94",0,31-45,0.55,0,Yes,Yes,Stayed
15595388,594,France,Female,30,10,£0.00,2,1,1,"£124,071.71",0,18-30,0,0,Yes,Yes,Stayed
15699550,695,Spain,Female,34,9,£0.00,2,1,1,"£67,502.12",0,31-45,0,0,Yes,Yes,Stayed
15581620,597,France,Male,28,2,£0.00,3,1,1,"£78,707.97",0,18-30,0,1,Yes,Yes,Stayed
15600934,758,France,Female,52,7,"£125,095.94",1,1,0,"£171,189.83",1,46-60,0.73,0,Yes,No,Churned
15738672,737,Germany,Female,40,2,"£162,485.80",2,1,0,"£149,381.32",0,31-45,1.09,0,Yes,No,Stayed
15721307,694,Germany,Male,37,1,"£95,668.82",2,1,0,"£100,335.55",0,31-45,0.95,0,Yes,No,Stayed
15619280,683,France,Male,25,4,£0.00,2,1,0,"£152,698.24",0,18-30,0,0,Yes,No,Stayed
15768244,538,Spain,Female,30,8,£0.00,2,1,1,"£41,192.95",0,18-30,0,0,Yes,Yes,Stayed
15806837,669,France,Male,37,4,£0.00,1,1,0,"£132,540.33",0,31-45,0,0,Yes,No,Stayed
15643496,730,France,Female,34,5,"£74,197.38",2,1,0,"£96,875.52",0,31-45,0.77,0,Yes,No,Stayed
15813916,622,France,Female,31,1,"£89,688.94",1,1,1,"£152,305.47",0,31-45,0.59,0,Yes,Yes,Stayed
15626385,714,Spain,Female,33,10,"£103,121.33",2,1,1,"£49,672.01",0,31-45,2.08,0,Yes,Yes,Stayed
15603582,569,Spain,Female,34,3,£0.00,1,1,0,"£133,997.53",0,31-45,0,0,Yes,No,Stayed
15764351,668,Germany,Female,59,5,"£120,170.07",1,0,1,"£50,454.80",0,46-60,2.38,0,No,Yes,Stayed
15667938,628,France,Male,32,9,"£149,136.31",2,1,1,"£16,402.11",0,31-45,9.09,0,Yes,Yes,Stayed
15576360,600,France,Male,40,1,"£141,136.79",1,1,1,"£67,803.83",0,31-45,2.08,0,Yes,Yes,Stayed
15628813,693,France,Female,43,4,"£152,341.55",1,1,0,"£9,241.78",0,31-45,16.48,0,Yes,No,Stayed
15584190,704,France,Male,36,7,"£120,026.98",2,0,1,"£100,601.73",0,31-45,1.19,0,No,Yes,Stayed
15716449,527,Spain,Male,33,9,"£132,168.28",1,0,0,"£98,734.15",0,31-45,1.34,0,No,No,Stayed
15759913,553,Germany,Male,43,6,"£85,200.82",2,1,1,"£160,574.09",0,31-45,0.53,0,Yes,Yes,Stayed
15701555,575,Spain,Male,53,1,"£84,903.33",2,0,1,"£26,015.80",0,46-60,3.26,0,No,Yes,Stayed
15758482,626,France,Female,32,0,£0.00,2,0,0,"£187,172.54",0,31-45,0,0,No,No,Stayed
15758171,582,France,Male,20,4,£0.00,1,1,1,"£55,763.66",0,18-30,0,0,Yes,Yes,Stayed
15680346,683,Spain,Male,40,8,£0.00,1,1,0,"£75,848.22",0,31-45,0,0,Yes,No,Stayed
15649124,850,France,Male,30,9,"£121,535.18",1,0,0,"£40,313.47",0,18-30,3.01,0,No,No,Stayed
15812917,653,Spain,Male,35,6,"£116,662.96",2,1,1,"£23,864.21",0,31-45,4.89,0,Yes,Yes,Stayed
15768455,679,France,Male,60,8,£0.00,2,1,1,"£51,380.90",0,46-60,0,0,Yes,Yes,Stayed
15703059,549,Germany,Female,49,6,"£124,829.16",1,0,1,"£93,551.36",0,46-60,1.33,0,No,Yes,Stayed
15646196,850,Spain,Female,36,2,"£155,180.56",2,0,0,"£169,415.54",0,31-45,0.92,0,No,No,Stayed
15585451,558,Germany,Female,32,1,"£108,262.87",1,1,1,"£6,935.31",0,31-45,15.61,0,Yes,Yes,Stayed
15714057,528,Spain,Male,40,4,£0.00,2,1,0,"£25,399.70",0,31-45,0,0,Yes,No,Stayed
15748473,801,France,Male,38,5,£0.00,2,1,0,"£66,256.27",0,31-45,0,0,Yes,No,Stayed
15785782,513,Spain,Male,48,2,£0.00,1,1,1,"£114,709.13",1,46-60,0,0,Yes,Yes,Churned
15693233,666,Germany,Male,38,6,"£99,812.88",2,1,1,"£158,357.97",0,31-45,0.63,0,Yes,Yes,Stayed
15757521,606,France,Male,35,2,"£132,164.26",1,0,1,"£164,815.59",0,31-45,0.8,0,No,Yes,Stayed
15812513,599,Germany,Male,45,10,"£103,583.05",1,1,0,"£132,127.69",1,31-45,0.78,0,Yes,No,Churned
15674950,544,Germany,Male,39,4,"£142,406.43",2,1,0,"£146,637.45",0,31-45,0.97,0,Yes,No,Stayed
15678572,529,Spain,Male,38,7,"£99,842.50",2,1,0,"£90,256.06",1,31-45,1.11,0,Yes,No,Churned
15713608,850,France,Female,41,5,£0.00,2,1,1,"£34,827.43",0,31-45,0,0,Yes,Yes,Stayed
15579262,497,France,Male,41,9,£0.00,1,0,0,"£22,074.48",0,31-45,0,0,No,No,Stayed
15610426,764,France,Female,39,5,"£81,042.42",1,0,1,"£109,805.17",0,31-45,0.74,0,No,Yes,Stayed
15776454,603,France,Female,48,5,£0.00,1,1,0,"£100,478.60",1,46-60,0,0,Yes,No,Churned
15771483,609,France,Male,40,6,£0.00,2,1,1,"£97,416.34",0,31-45,0,0,Yes,Yes,Stayed
15648489,487,France,Male,53,4,"£199,689.49",1,1,1,"£24,207.86",1,46-60,8.25,0,Yes,Yes,Churned
15646609,748,France,Male,33,1,"£142,645.43",1,0,0,"£69,132.66",0,31-45,2.06,0,No,No,Stayed
15693203,710,Spain,Female,75,5,£0.00,2,1,1,"£9,376.89",0,60+,0,0,Yes,Yes,Stayed
15813067,432,Germany,Female,45,3,"£110,219.14",1,1,0,"£43,046.70",1,31-45,2.56,0,Yes,No,Churned
15769829,534,Spain,Male,51,3,£0.00,2,0,1,"£20,856.31",0,46-60,0,0,No,Yes,Stayed
15662434,607,France,Male,25,3,£0.00,2,0,0,"£187,048.72",0,18-30,0,0,No,No,Stayed
15773503,551,Spain,Male,32,4,£0.00,2,1,0,"£53,420.53",0,31-45,0,0,Yes,No,Stayed
15705890,674,France,Male,45,7,"£142,072.02",1,1,0,"£37,013.29",0,31-45,3.84,0,Yes,No,Stayed
15711398,525,France,Female,25,6,£0.00,2,1,0,"£89,566.64",0,18-30,0,0,Yes,No,Stayed
15752375,645,Germany,Male,33,8,"£149,564.61",1,0,0,"£149,913.84",0,31-45,1,0,No,No,Stayed
15659175,755,France,Female,43,9,£0.00,2,1,0,"£18,066.69",0,31-45,0,0,Yes,No,Stayed
15597033,708,Germany,Male,37,8,"£153,366.13",1,1,1,"£26,912.34",0,31-45,5.7,0,Yes,Yes,Stayed
15590228,715,France,Male,21,6,"£76,467.16",1,1,1,"£173,511.72",0,18-30,0.44,0,Yes,Yes,Stayed
15631848,727,France,Female,26,9,"£121,508.28",1,1,1,"£146,785.44",0,18-30,0.83,0,Yes,Yes,Stayed
15654211,559,Spain,Female,27,1,£0.00,1,0,1,"£1,050.33",0,18-30,0,0,No,Yes,Stayed
15707968,545,Spain,Male,36,8,"£73,211.12",2,1,0,"£89,587.34",1,31-45,0.82,0,Yes,No,Churned
15594084,524,France,Male,22,9,£0.00,2,1,0,"£74,405.34",0,18-30,0,0,Yes,No,Stayed
15651093,707,France,Female,55,1,£0.00,2,0,1,"£54,409.48",0,46-60,0,0,No,Yes,Stayed
15798824,671,Spain,Male,38,0,"£92,674.94",2,1,0,"£3,647.57",0,31-45,25.41,0,Yes,No,Stayed
15671591,439,Spain,Male,52,3,"£96,196.24",4,1,0,"£198,874.52",1,46-60,0.48,1,Yes,No,Churned
15707189,667,Germany,Female,36,1,"£114,391.62",1,1,1,"£53,412.54",0,31-45,2.14,0,Yes,Yes,Stayed
15733581,831,Germany,Male,32,9,"£80,262.66",1,1,0,"£194,867.78",0,31-45,0.41,0,Yes,No,Stayed
15641640,545,Spain,Female,33,7,"£173,331.52",1,1,0,"£150,452.88",0,31-45,1.15,0,Yes,No,Stayed
15585284,604,Spain,Female,35,7,"£147,285.52",1,1,1,"£57,807.05",0,31-45,2.55,0,Yes,Yes,Stayed
15617866,657,Spain,Male,67,5,"£119,785.47",2,1,1,"£107,534.32",0,60+,1.11,0,Yes,Yes,Stayed
15667751,487,Spain,Female,36,1,"£140,137.15",1,1,0,"£194,073.33",0,31-45,0.72,0,Yes,No,Stayed
15669411,750,Germany,Female,52,6,"£107,467.56",1,1,0,"£126,233.18",1,46-60,0.85,0,Yes,No,Churned
15789425,694,Germany,Female,37,8,"£98,218.04",2,1,0,"£182,354.46",1,31-45,0.54,0,Yes,No,Churned
15570943,711,Germany,Female,35,2,"£133,607.75",1,1,1,"£120,586.32",0,31-45,1.11,0,Yes,Yes,Stayed
15685829,551,France,Male,37,3,£0.00,2,1,1,"£50,578.40",0,31-45,0,0,Yes,Yes,Stayed
15721917,559,France,Female,38,8,"£95,139.41",1,1,1,"£86,575.46",0,31-45,1.1,0,Yes,Yes,Stayed
15776047,620,France,Female,29,3,£0.00,2,0,1,"£153,392.28",0,18-30,0,0,No,Yes,Stayed
15716024,660,Spain,Male,42,5,£0.00,2,1,0,"£115,509.59",0,31-45,0,0,Yes,No,Stayed
15675328,449,France,Female,37,6,£0.00,2,1,0,"£82,176.48",0,31-45,0,0,Yes,No,Stayed
15604314,703,Germany,Female,26,1,"£97,331.19",1,1,0,"£63,717.49",0,18-30,1.53,0,Yes,No,Stayed
15658339,795,Germany,Male,37,2,"£139,265.63",2,1,1,"£198,745.94",0,31-45,0.7,0,Yes,Yes,Stayed
15630402,594,France,Female,31,9,£0.00,1,0,1,"£5,719.11",0,31-45,0,0,No,Yes,Stayed
15689616,586,Spain,Male,34,5,"£168,094.01",1,0,0,"£20,058.61",0,31-45,8.38,0,No,No,Stayed
15774224,613,Germany,Female,30,5,"£131,563.88",2,1,0,"£170,638.98",0,18-30,0.77,0,Yes,No,Stayed
15701291,601,France,Male,44,3,£0.00,2,1,0,"£30,607.11",0,31-45,0,0,Yes,No,Stayed
15719606,657,France,Male,50,9,£0.00,2,0,0,"£37,171.46",0,46-60,0,0,No,No,Stayed
15644119,531,France,Male,31,3,£0.00,1,1,1,"£42,589.33",0,31-45,0,0,Yes,Yes,Stayed
15646859,621,Germany,Male,47,7,"£107,363.29",1,1,1,"£66,799.28",0,46-60,1.61,0,Yes,Yes,Stayed
15606836,782,France,Female,33,2,"£94,493.03",1,0,1,"£101,866.39",0,31-45,0.93,0,No,Yes,Stayed
15664150,528,Germany,Female,29,9,"£170,214.23",2,1,0,"£49,284.00",0,18-30,3.45,0,Yes,No,Stayed
15624510,696,France,Male,52,6,"£139,781.06",1,1,0,"£27,445.40",1,46-60,5.09,0,Yes,No,Churned
15810944,586,France,Female,35,7,£0.00,2,1,0,"£70,760.69",0,31-45,0,0,Yes,No,Stayed
15668575,626,Spain,Female,26,8,"£148,610.41",3,0,1,"£104,502.02",1,18-30,1.42,1,No,Yes,Churned
15603246,498,France,Male,73,2,"£170,241.70",2,1,1,"£165,407.96",0,60+,1.03,0,Yes,Yes,Stayed
15804002,691,France,Female,33,1,"£128,306.83",1,1,1,"£113,580.79",0,31-45,1.13,0,Yes,Yes,Stayed
15728773,568,France,Female,47,7,£0.00,2,1,1,"£45,978.39",0,46-60,0,0,Yes,Yes,Stayed
15598044,715,France,Female,35,3,£0.00,1,1,1,"£152,012.36",0,31-45,0,0,Yes,Yes,Stayed
15694829,680,Germany,Male,32,7,"£175,454.00",1,0,1,"£77,349.92",0,31-45,2.27,0,No,Yes,Stayed
15600575,802,Spain,Male,41,6,£0.00,2,1,0,"£47,322.05",0,31-45,0,0,Yes,No,Stayed
15727311,539,France,Female,22,0,"£100,885.93",2,1,1,"£38,772.65",0,18-30,2.6,0,Yes,Yes,Stayed
15570769,494,France,Male,69,9,"£93,320.80",1,1,1,"£24,489.44",0,60+,3.81,0,Yes,Yes,Stayed
15606274,594,Germany,Male,38,6,"£63,176.44",2,1,1,"£14,466.08",0,31-45,4.37,0,Yes,Yes,Stayed
15746139,596,France,Male,33,2,"£139,451.67",1,0,0,"£63,142.12",0,31-45,2.21,0,No,No,Stayed
15704987,649,France,Female,52,8,"£49,113.75",1,1,0,"£41,858.43",0,46-60,1.17,0,Yes,No,Stayed
15628972,699,Germany,Male,32,1,"£123,906.22",3,1,1,"£127,443.82",1,31-45,0.97,1,Yes,Yes,Churned
15697686,787,France,Female,40,6,£0.00,2,1,1,"£84,151.98",0,31-45,0,0,Yes,Yes,Stayed
15733883,604,France,Male,28,7,£0.00,2,0,0,"£58,595.64",0,18-30,0,0,No,No,Stayed
15617482,489,Germany,Female,52,1,"£131,441.51",1,1,0,"£37,240.11",1,46-60,3.53,0,Yes,No,Churned
15704583,651,France,Male,56,2,£0.00,1,1,0,"£114,522.68",1,46-60,0,0,Yes,No,Churned
15621083,698,France,Male,57,6,"£136,325.48",2,1,1,"£72,549.27",1,46-60,1.88,0,Yes,Yes,Churned
15649487,578,Germany,Female,38,4,"£113,150.44",2,1,0,"£176,712.59",1,31-45,0.64,0,Yes,No,Churned
15736760,538,Spain,Female,42,9,£0.00,1,0,0,"£152,855.96",0,31-45,0,0,No,No,Stayed
15714658,696,France,Female,33,4,£0.00,2,1,1,"£73,371.65",0,31-45,0,0,Yes,Yes,Stayed
15599081,507,Germany,Female,46,8,"£102,785.16",1,1,1,"£70,323.68",0,46-60,1.46,0,Yes,Yes,Stayed
15705113,685,Spain,Male,34,6,"£83,264.28",1,0,0,"£9,663.28",0,31-45,8.62,0,No,No,Stayed
15631159,705,Germany,Male,41,4,"£72,252.64",2,1,1,"£142,514.66",0,31-45,0.51,0,Yes,Yes,Stayed
15792818,499,Germany,Female,29,6,"£148,051.52",1,1,0,"£118,623.94",0,18-30,1.25,0,Yes,No,Stayed
15633531,717,France,Female,76,9,"£138,489.66",1,1,1,"£68,400.14",0,60+,2.02,0,Yes,Yes,Stayed
15744529,510,France,Male,63,8,£0.00,2,1,1,"£115,291.86",0,60+,0,0,Yes,Yes,Stayed
15669656,632,France,Male,32,6,"£111,589.33",1,1,1,"£170,382.99",0,31-45,0.65,0,Yes,Yes,Stayed
15581198,668,Germany,Female,39,0,"£122,104.79",1,1,0,"£112,946.67",1,31-45,1.08,0,Yes,No,Churned
15729054,744,Germany,Male,32,4,"£96,106.83",1,1,1,"£79,812.77",0,31-45,1.2,0,Yes,Yes,Stayed
15573452,663,Germany,Male,42,7,"£115,930.87",1,1,0,"£19,862.78",0,31-45,5.84,0,Yes,No,Stayed
15776733,638,Germany,Female,37,7,"£124,513.66",2,1,0,"£158,610.89",0,31-45,0.79,0,Yes,No,Stayed
15724858,688,France,Female,54,9,£0.00,1,1,0,"£191,212.63",1,46-60,0,0,Yes,No,Churned
15713144,588,Spain,Male,46,8,£0.00,1,1,0,"£61,931.21",0,46-60,0,0,Yes,No,Stayed
15690188,631,France,Male,33,7,£0.00,1,1,1,"£58,043.02",1,31-45,0,0,Yes,Yes,Churned
15689425,687,Spain,Male,35,8,"£100,988.39",2,1,0,"£22,247.27",0,31-45,4.54,0,Yes,No,Stayed
15671766,599,France,Male,44,10,"£118,577.24",1,1,1,"£31,448.52",0,31-45,3.77,0,Yes,Yes,Stayed
15782806,718,Spain,Male,28,6,£0.00,2,1,0,"£146,875.86",0,18-30,0,0,Yes,No,Stayed
15764419,730,France,Male,27,5,£0.00,2,1,1,"£116,081.93",0,18-30,0,0,Yes,Yes,Stayed
15591915,533,France,Female,39,2,£0.00,1,0,1,"£73,669.94",1,31-45,0,0,No,Yes,Churned
15772798,711,Spain,Female,28,5,£0.00,2,1,1,"£93,959.96",0,18-30,0,0,Yes,Yes,Stayed
15792008,555,Spain,Female,26,9,£0.00,2,0,1,"£158,918.03",0,18-30,0,0,No,Yes,Stayed
15715541,850,France,Female,42,9,"£113,311.11",1,1,1,"£198,193.75",0,31-45,0.57,0,Yes,Yes,Stayed
15639277,678,France,Female,41,9,£0.00,1,0,0,"£13,160.03",0,31-45,0,0,No,No,Stayed
15798850,576,France,Male,32,7,£0.00,2,1,0,"£4,660.91",0,31-45,0,0,Yes,No,Stayed
15776348,835,Germany,Male,20,4,"£124,365.42",1,0,0,"£180,197.74",1,18-30,0.69,0,No,No,Churned
15727696,592,France,Male,42,1,"£147,249.29",2,1,1,"£63,023.02",0,31-45,2.34,0,Yes,Yes,Stayed
15793813,774,France,Male,36,7,"£103,688.19",1,0,1,"£118,971.74",0,31-45,0.87,0,No,Yes,Stayed
15694395,620,France,Female,29,1,"£138,740.24",2,0,0,"£154,700.61",0,18-30,0.9,0,No,No,Stayed
15764195,519,Spain,Male,39,4,"£111,900.14",1,1,1,"£97,577.17",0,31-45,1.15,0,Yes,Yes,Stayed
15744919,734,Spain,Female,37,0,"£152,760.24",1,1,1,"£48,990.50",0,31-45,3.12,0,Yes,Yes,Stayed
15671655,763,Germany,Male,31,7,"£143,966.30",2,1,1,"£140,262.96",1,31-45,1.03,0,Yes,Yes,Churned
15654901,733,France,Male,51,10,"£141,556.96",1,1,0,"£130,189.53",0,46-60,1.09,0,Yes,No,Stayed
15649136,650,France,Female,43,6,£0.00,2,1,1,"£16,301.91",0,31-45,0,0,Yes,Yes,Stayed
15775562,538,France,Female,33,5,£0.00,2,1,0,"£126,962.41",0,31-45,0,0,Yes,No,Stayed
15807481,577,France,Female,46,1,£0.00,1,1,1,"£158,750.53",0,46-60,0,0,Yes,Yes,Stayed
15642885,792,France,Male,30,8,£0.00,2,1,0,"£199,644.20",0,18-30,0,0,Yes,No,Stayed
15789109,686,France,Female,41,10,£0.00,1,1,1,"£144,272.71",1,31-45,0,0,Yes,Yes,Churned
15814004,589,France,Male,29,2,£0.00,2,0,1,"£98,320.27",0,18-30,0,0,No,Yes,Stayed
15673619,530,France,Male,25,9,"£162,560.32",1,1,0,"£64,129.03",0,18-30,2.53,0,Yes,No,Stayed
15595135,778,Germany,Female,29,7,"£123,229.46",1,1,0,"£181,221.09",0,18-30,0.68,0,Yes,No,Stayed
15583681,616,Spain,Male,31,7,"£76,665.71",2,1,1,"£163,809.08",0,31-45,0.47,0,Yes,Yes,Stayed
15605000,550,France,Male,38,9,"£140,278.99",3,1,1,"£171,457.06",1,31-45,0.82,1,Yes,Yes,Churned
15718071,655,France,Female,51,3,£0.00,2,0,1,"£15,801.02",0,46-60,0,0,No,Yes,Stayed
15679760,721,France,Male,46,1,"£115,764.32",2,0,0,"£102,950.79",0,46-60,1.12,0,No,No,Stayed
15654574,499,Germany,Male,36,5,"£131,142.53",2,1,0,"£174,918.46",0,31-45,0.75,0,Yes,No,Stayed
15577178,511,France,Male,45,5,"£68,375.27",1,1,0,"£193,160.25",1,31-45,0.35,0,Yes,No,Churned
15595324,579,Germany,Female,39,5,"£117,833.30",3,0,0,"£5,831.00",1,31-45,20.21,1,No,No,Churned
15756932,696,Spain,Female,36,7,£0.00,2,1,1,"£82,298.59",0,31-45,0,0,Yes,Yes,Stayed
15726358,681,France,Male,34,7,£0.00,2,0,0,"£130,686.59",0,31-45,0,0,No,No,Stayed
15595228,815,France,Male,45,7,£0.00,1,0,1,"£52,885.23",1,31-45,0,0,No,Yes,Churned
15782530,681,Spain,Male,30,2,"£111,093.01",1,1,0,"£68,985.99",0,18-30,1.61,0,Yes,No,Stayed
15592877,641,Spain,Male,42,9,"£132,657.55",1,1,0,"£35,367.19",0,31-45,3.75,0,Yes,No,Stayed
15651983,591,France,Female,56,9,"£128,882.49",1,1,1,"£196,241.94",1,46-60,0.66,0,Yes,Yes,Churned
15746737,565,Germany,Male,59,9,"£69,129.59",1,1,1,"£170,705.53",0,46-60,0.4,0,Yes,Yes,Stayed
15774179,487,France,Male,37,6,£0.00,2,1,1,"£126,477.41",0,31-45,0,0,Yes,Yes,Stayed
15667265,729,France,Male,39,4,"£121,404.64",1,1,1,"£159,618.17",0,31-45,0.76,0,Yes,Yes,Stayed
15655123,505,Spain,Female,45,9,"£131,355.30",3,1,0,"£195,395.33",1,31-45,0.67,1,Yes,No,Churned
15595917,580,France,Female,35,1,"£102,097.33",1,0,1,"£168,285.85",0,31-45,0.61,0,No,Yes,Stayed
15668385,642,France,Male,40,1,"£154,863.15",1,1,1,"£138,052.51",0,31-45,1.12,0,Yes,Yes,Stayed
15709476,850,Spain,Female,41,3,"£99,945.93",2,1,0,"£71,179.31",0,31-45,1.4,0,Yes,No,Stayed
15711218,616,Germany,Male,39,2,"£121,704.32",2,1,0,"£55,556.30",0,31-45,2.19,0,Yes,No,Stayed
15798659,526,Spain,Female,43,3,£0.00,2,1,0,"£31,705.19",0,31-45,0,0,Yes,No,Stayed
15663939,523,Germany,Male,35,8,"£138,782.76",1,1,1,"£186,118.93",0,31-45,0.75,0,Yes,Yes,Stayed
15694946,663,France,Male,35,9,£0.00,2,1,1,"£195,580.28",0,31-45,0,0,Yes,Yes,Stayed
15631912,840,France,Male,30,8,"£136,291.71",1,1,0,"£54,113.38",0,18-30,2.52,0,Yes,No,Stayed
15768816,570,Germany,Male,42,0,"£107,856.57",2,1,0,"£127,528.84",0,31-45,0.85,0,Yes,No,Stayed
15682268,676,Germany,Female,26,1,"£108,348.66",1,0,0,"£60,231.74",1,18-30,1.8,0,No,No,Churned
15684801,689,France,Male,47,1,"£93,871.95",3,1,0,"£156,878.42",1,46-60,0.6,1,Yes,No,Churned
15636428,703,Spain,Female,45,1,£0.00,1,1,0,"£182,784.11",1,31-45,0,0,Yes,No,Churned
15809823,491,Germany,Male,19,2,"£125,860.20",1,0,0,"£129,690.50",0,18-30,0.97,0,No,No,Stayed
15699284,584,France,Male,49,8,"£172,713.44",1,1,0,"£113,860.81",0,46-60,1.52,0,Yes,No,Stayed
15786993,810,France,Female,51,5,£0.00,2,0,1,"£184,524.74",0,46-60,0,0,No,Yes,Stayed
15709441,745,Spain,Female,59,8,£0.00,1,1,1,"£36,124.98",0,46-60,0,0,Yes,Yes,Stayed
15710257,625,France,Female,39,3,"£130,786.92",1,0,1,"£121,316.07",0,31-45,1.08,0,No,Yes,Stayed
15582492,535,France,Female,29,2,"£112,367.34",1,1,0,"£185,630.76",0,18-30,0.61,0,Yes,No,Stayed
15575694,729,Spain,Female,45,7,"£91,091.06",2,1,0,"£71,133.12",0,31-45,1.28,0,Yes,No,Stayed
15756820,655,France,Female,26,7,"£106,198.50",1,0,1,"£32,020.42",0,18-30,3.32,0,No,Yes,Stayed
15766289,751,France,Male,47,5,"£142,669.93",2,1,0,"£162,760.96",0,46-60,0.88,0,Yes,No,Stayed
15593014,525,France,Male,33,1,"£112,833.35",1,0,1,"£175,178.56",0,31-45,0.64,0,No,Yes,Stayed
15584545,532,France,Female,40,5,£0.00,2,0,1,"£177,099.71",0,31-45,0,0,No,Yes,Stayed
15675949,696,Spain,Female,43,4,£0.00,2,1,1,"£66,406.37",0,31-45,0,0,Yes,Yes,Stayed
15672091,786,Germany,Female,32,2,"£104,336.43",2,0,0,"£59,559.81",0,31-45,1.75,0,No,No,Stayed
15801658,580,France,Male,55,6,"£104,305.74",1,0,1,"£175,750.21",0,46-60,0.59,0,No,Yes,Stayed
15706185,596,Germany,Male,47,5,"£140,187.10",2,1,1,"£174,311.30",0,46-60,0.8,0,Yes,Yes,Stayed
15789863,683,France,Male,39,4,£0.00,2,1,0,"£171,716.81",0,31-45,0,0,Yes,No,Stayed
15720943,747,France,Female,45,1,"£114,959.12",1,1,0,"£189,362.39",1,31-45,0.61,0,Yes,No,Churned
15697997,602,France,Male,33,5,"£164,704.38",1,0,1,"£180,716.10",1,31-45,0.91,0,No,Yes,Churned
15665416,779,France,Male,62,10,"£119,096.55",1,0,1,"£116,977.89",0,60+,1.02,0,No,Yes,Stayed
15660200,551,France,Male,31,1,£0.00,2,1,1,"£185,105.44",0,31-45,0,0,Yes,Yes,Stayed
15619653,666,France,Male,47,2,£0.00,1,1,0,"£35,046.97",1,46-60,0,0,Yes,No,Churned
15773447,526,Spain,Male,30,8,£0.00,1,1,0,"£36,251.00",0,18-30,0,0,Yes,No,Stayed
15739160,849,France,Female,41,9,"£115,465.28",1,1,0,"£103,174.50",0,31-45,1.12,0,Yes,No,Stayed
15689237,471,France,Female,27,4,£0.00,2,1,0,"£122,642.09",0,18-30,0,0,Yes,No,Stayed
15679297,628,Spain,Male,43,3,"£184,926.61",1,1,0,"£122,937.57",0,31-45,1.5,0,Yes,No,Stayed
15591433,674,Germany,Male,43,8,"£85,957.88",2,1,0,"£8,757.39",0,31-45,9.82,0,Yes,No,Stayed
15642725,797,France,Male,32,10,"£114,084.60",1,0,1,"£125,782.29",0,31-45,0.91,0,No,Yes,Stayed
15701962,590,Spain,Female,29,2,"£166,930.76",2,1,0,"£122,487.73",0,18-30,1.36,0,Yes,No,Stayed
15811613,588,France,Female,27,8,£0.00,1,1,0,"£20,066.38",0,18-30,0,0,Yes,No,Stayed
15741049,577,France,Male,29,7,£0.00,2,1,1,"£55,473.15",0,18-30,0,0,Yes,Yes,Stayed
15724423,571,France,Female,38,6,"£107,193.82",2,0,0,"£38,962.94",0,31-45,2.75,0,No,No,Stayed
15574305,680,France,Male,36,3,"£116,275.12",1,1,1,"£63,795.80",0,31-45,1.82,0,Yes,Yes,Stayed
15678168,648,Spain,Female,27,7,£0.00,2,1,1,"£163,060.43",0,18-30,0,0,Yes,Yes,Stayed
15697020,618,France,Male,39,2,"£91,068.56",1,1,0,"£26,578.69",0,31-45,3.43,0,Yes,No,Stayed
15610801,648,Germany,Male,41,5,"£123,049.21",1,0,1,"£5,066.76",0,31-45,24.29,0,No,Yes,Stayed
15745232,759,France,Female,39,6,£0.00,2,1,1,"£140,497.67",0,31-45,0,0,Yes,Yes,Stayed
15722758,585,France,Male,40,7,£0.00,2,0,0,"£146,156.98",0,31-45,0,0,No,No,Stayed
15792102,774,France,Female,42,3,"£137,781.65",1,0,0,"£199,316.19",0,31-45,0.69,0,No,No,Stayed
15675185,697,Germany,Female,48,2,"£108,128.96",2,1,1,"£103,944.37",0,46-60,1.04,0,Yes,Yes,Stayed
15801247,605,Spain,Male,39,10,"£105,317.73",2,1,0,"£138,021.36",0,31-45,0.76,0,Yes,No,Stayed
15725660,676,France,Male,20,1,"£80,569.73",1,0,0,"£68,621.98",0,18-30,1.17,0,No,No,Stayed
15638963,678,France,Female,22,4,"£174,852.89",1,1,1,"£28,149.06",0,18-30,6.21,0,Yes,Yes,Stayed
15800061,495,Spain,Female,45,3,"£89,158.94",3,1,0,"£135,169.76",1,31-45,0.66,1,Yes,No,Churned
15578006,787,France,Female,85,10,£0.00,2,1,1,"£116,537.96",0,60+,0,0,Yes,Yes,Stayed
15668504,770,France,Male,36,2,"£89,800.14",1,1,1,"£105,922.69",0,31-45,0.85,0,Yes,Yes,Stayed
15687491,817,Germany,Male,45,9,"£101,207.75",1,0,0,"£88,211.12",1,31-45,1.15,0,No,No,Churned
15610403,659,France,Male,43,1,"£106,086.42",2,1,0,"£26,900.63",0,31-45,3.94,0,Yes,No,Stayed
15741094,693,France,Male,21,1,£0.00,2,1,1,"£3,494.02",0,18-30,0,0,Yes,Yes,Stayed
15807909,744,France,Male,47,9,£0.00,2,1,0,"£113,163.17",0,46-60,0,0,Yes,No,Stayed
15666141,829,Spain,Female,26,8,"£101,440.36",2,1,1,"£19,324.50",0,18-30,5.25,0,Yes,Yes,Stayed
15617134,716,France,Male,38,4,£0.00,2,1,0,"£189,678.70",0,31-45,0,0,Yes,No,Stayed
15783029,671,France,Male,34,7,"£106,603.74",2,1,1,"£26,387.71",0,31-45,4.04,0,Yes,Yes,Stayed
15622833,835,Germany,Female,29,10,"£130,420.20",2,0,0,"£106,276.55",0,18-30,1.23,0,No,No,Stayed
15746422,636,France,Female,38,1,£0.00,1,1,0,"£45,015.38",0,31-45,0,0,Yes,No,Stayed
15750839,649,Spain,Male,29,2,"£45,022.23",1,1,1,"£173,495.77",0,18-30,0.26,0,Yes,Yes,Stayed
15749130,621,Germany,Male,27,1,"£74,298.43",1,1,1,"£52,581.96",0,18-30,1.41,0,Yes,Yes,Stayed
15779862,658,Germany,Female,31,3,"£133,003.03",1,0,1,"£146,339.27",1,31-45,0.91,0,No,Yes,Churned
15767871,784,Spain,Male,48,7,£0.00,2,1,1,"£182,609.97",0,46-60,0,0,Yes,Yes,Stayed
15679651,783,Spain,Female,37,1,"£136,689.66",1,1,0,"£197,890.65",0,31-45,0.69,0,Yes,No,Stayed
15576219,615,France,Male,32,4,£0.00,2,1,1,"£6,225.63",0,31-45,0,0,Yes,Yes,Stayed
15699247,791,France,Female,44,5,£0.00,2,1,1,"£123,977.86",1,31-45,0,0,Yes,Yes,Churned
15619087,762,France,Male,53,1,"£102,520.37",1,1,1,"£170,195.40",0,46-60,0.6,0,Yes,Yes,Stayed
15605327,607,France,Male,35,2,£0.00,2,1,1,"£114,190.30",0,31-45,0,0,Yes,Yes,Stayed
15610140,601,France,Female,34,5,£0.00,2,1,0,"£27,022.57",0,31-45,0,0,Yes,No,Stayed
15791174,540,Spain,Male,67,1,"£88,382.01",1,0,1,"£59,457.00",0,60+,1.49,0,No,Yes,Stayed
15602373,812,France,Male,44,4,"£115,049.15",2,1,0,"£165,038.41",0,31-45,0.7,0,Yes,No,Stayed
15762605,685,France,Male,58,1,"£104,796.54",1,1,1,"£154,181.41",0,46-60,0.68,0,Yes,Yes,Stayed
15598840,680,France,Male,33,1,"£123,082.08",1,1,0,"£134,960.98",0,31-45,0.91,0,Yes,No,Stayed
15744279,680,Spain,Female,58,8,£0.00,2,1,1,"£65,708.50",0,46-60,0,0,Yes,Yes,Stayed
15670619,631,France,Female,33,8,£0.00,2,0,0,"£117,374.22",0,31-45,0,0,No,No,Stayed
15599533,569,France,Female,43,7,£0.00,2,1,1,"£77,703.19",0,31-45,0,0,Yes,Yes,Stayed
15757837,584,Germany,Male,33,3,"£88,311.48",2,1,1,"£177,651.38",0,31-45,0.5,0,Yes,Yes,Stayed
15697574,582,France,Female,40,9,£0.00,3,1,1,"£60,954.45",0,31-45,0,1,Yes,Yes,Stayed
15578738,609,France,Male,32,7,"£71,872.19",1,1,1,"£151,924.90",0,31-45,0.47,0,Yes,Yes,Stayed
15762228,506,Spain,Male,35,6,"£110,046.93",2,1,0,"£26,318.73",0,31-45,4.18,0,Yes,No,Stayed
15614827,503,France,Male,42,8,"£104,430.08",1,1,1,"£147,557.71",0,31-45,0.71,0,Yes,Yes,Stayed
15789815,503,France,Female,28,5,£0.00,2,1,0,"£125,918.17",0,18-30,0,0,Yes,No,Stayed
15579781,806,Germany,Male,31,10,"£138,653.51",1,1,0,"£190,803.37",0,31-45,0.73,0,Yes,No,Stayed
15587013,653,France,Female,31,7,"£102,575.04",1,1,1,"£11,043.54",0,31-45,9.29,0,Yes,Yes,Stayed
15570932,666,France,Male,43,7,"£137,780.74",2,1,1,"£119,100.05",1,31-45,1.16,0,Yes,Yes,Churned
15794661,674,Spain,Male,32,2,£0.00,2,1,0,"£140,579.17",0,31-45,0,0,Yes,No,Stayed
15581654,798,France,Male,32,7,£0.00,2,0,1,"£37,731.95",0,31-45,0,0,No,Yes,Stayed
15644296,740,France,Female,30,8,"£105,209.54",1,1,0,"£1,852.58",0,18-30,56.79,0,Yes,No,Stayed
15614420,531,Germany,Female,32,0,"£109,570.21",2,1,1,"£172,049.84",0,31-45,0.64,0,Yes,Yes,Stayed
15609653,614,Germany,Female,44,6,"£118,715.86",1,1,0,"£133,591.11",1,31-45,0.89,0,Yes,No,Churned
15594577,556,France,Male,35,10,£0.00,2,1,1,"£192,751.18",0,31-45,0,0,Yes,Yes,Stayed
15584114,678,Germany,Female,43,2,"£153,393.18",2,1,1,"£193,828.27",0,31-45,0.79,0,Yes,Yes,Stayed
15673367,587,Germany,Male,33,6,"£132,603.36",1,1,0,"£55,775.72",0,31-45,2.38,0,Yes,No,Stayed
15685576,527,Spain,Female,36,6,£0.00,2,1,1,"£102,280.29",0,31-45,0,0,Yes,Yes,Stayed
15774727,757,Germany,Female,34,1,"£129,398.01",2,0,0,"£44,965.44",0,31-45,2.88,0,No,No,Stayed
15694288,468,Spain,Male,28,3,£0.00,2,1,0,"£170,661.02",0,18-30,0,0,Yes,No,Stayed
15603319,693,France,Male,29,2,"£151,352.74",1,0,0,"£197,145.89",0,18-30,0.77,0,No,No,Stayed
15759066,483,France,Female,44,5,"£136,836.49",1,1,0,"£192,359.90",1,31-45,0.71,0,Yes,No,Churned
15814816,466,France,Male,40,4,"£91,592.06",1,1,0,"£141,210.18",1,31-45,0.65,0,Yes,No,Churned
15724402,770,France,Female,30,8,£0.00,2,1,0,"£100,557.03",0,18-30,0,0,Yes,No,Stayed
15571059,734,France,Female,54,3,£0.00,1,1,0,"£130,805.54",1,46-60,0,0,Yes,No,Churned
15674206,716,France,Female,22,8,£0.00,2,1,1,"£92,606.98",0,18-30,0,0,Yes,Yes,Stayed
15715160,439,France,Male,36,2,"£165,536.28",2,1,1,"£123,956.83",0,31-45,1.34,0,Yes,Yes,Stayed
15730448,538,Germany,Male,25,5,"£62,482.95",1,1,1,"£102,758.43",0,18-30,0.61,0,Yes,Yes,Stayed
15662067,743,France,Male,40,8,"£68,155.59",1,1,0,"£94,876.65",0,31-45,0.72,0,Yes,No,Stayed
15779581,734,Spain,Female,43,3,"£55,853.33",2,0,1,"£94,811.85",1,31-45,0.59,0,No,Yes,Churned
15662901,656,France,Male,37,2,£0.00,2,0,1,"£67,840.81",0,31-45,0,0,No,Yes,Stayed
15689751,666,France,Female,31,2,"£79,589.43",1,0,0,"£4,050.57",0,31-45,19.65,0,No,No,Stayed
15667742,627,Spain,Male,41,5,"£100,880.76",1,0,1,"£134,665.25",0,31-45,0.75,0,No,Yes,Stayed
15738448,480,Germany,Female,25,3,"£174,330.35",2,0,0,"£181,647.13",0,18-30,0.96,0,No,No,Stayed
15680243,792,France,Male,19,7,"£143,390.51",1,1,0,"£33,282.84",0,18-30,4.31,0,Yes,No,Stayed
15745083,613,Germany,Male,59,8,"£91,415.76",1,0,0,"£27,965.00",1,46-60,3.27,0,No,No,Churned
15708228,476,Germany,Male,30,3,"£134,366.42",1,1,0,"£68,343.53",0,18-30,1.97,0,Yes,No,Stayed
15628523,539,France,Female,24,3,£0.00,2,1,1,"£198,161.07",0,18-30,0,0,Yes,Yes,Stayed
15708196,696,Spain,Male,60,8,"£88,786.81",1,1,1,"£196,858.40",0,46-60,0.45,0,Yes,Yes,Stayed
15735549,810,Germany,Male,35,3,"£96,814.46",2,1,1,"£120,511.03",0,31-45,0.8,0,Yes,Yes,Stayed
15809347,763,Germany,Male,32,9,"£160,680.41",1,1,0,"£30,886.35",0,31-45,5.2,0,Yes,No,Stayed
15660866,640,France,Female,29,3,£0.00,2,1,0,"£2,743.69",0,18-30,0,0,Yes,No,Stayed
15766609,655,France,Female,47,10,£0.00,2,1,0,"£167,778.62",0,46-60,0,0,Yes,No,Stayed
15654230,526,Germany,Male,31,5,"£145,537.21",1,1,0,"£132,404.64",0,31-45,1.1,0,Yes,No,Stayed
15794566,678,France,Female,28,4,£0.00,2,1,1,"£144,423.17",1,18-30,0,0,Yes,Yes,Churned
15800890,554,France,Female,45,6,£0.00,2,1,1,"£181,204.50",0,31-45,0,0,Yes,Yes,Stayed
15697424,597,Spain,Female,30,2,"£119,370.11",1,1,1,"£182,726.22",1,18-30,0.65,0,Yes,Yes,Churned
15724536,560,Spain,Female,28,1,£0.00,2,1,1,"£120,880.72",0,18-30,0,0,Yes,Yes,Stayed
15735878,850,Germany,Female,47,10,"£134,381.52",1,0,0,"£26,812.89",1,46-60,5.01,0,No,No,Churned
15707596,546,Germany,Female,74,8,"£114,888.74",2,1,1,"£66,732.63",1,60+,1.72,0,Yes,Yes,Churned
15657163,623,Germany,Male,42,1,"£149,332.48",2,1,0,"£100,834.22",0,31-45,1.48,0,Yes,No,Stayed
15622478,698,France,Female,40,7,"£105,061.74",3,1,0,"£107,815.31",1,31-45,0.97,1,Yes,No,Churned
15779529,620,France,Male,32,7,£0.00,2,1,1,"£34,665.79",0,31-45,0,0,Yes,Yes,Stayed
15636023,619,France,Female,40,10,£0.00,1,1,1,"£147,093.84",1,31-45,0,0,Yes,Yes,Churned
15582066,561,France,Male,21,4,£0.00,1,1,1,"£36,942.35",0,18-30,0,0,Yes,Yes,Stayed
15666675,753,France,Female,39,7,"£155,062.80",1,1,1,"£16,460.77",0,31-45,9.42,0,Yes,Yes,Stayed
15732987,721,Spain,Male,43,3,"£88,798.34",1,0,0,"£45,610.63",0,31-45,1.95,0,No,No,Stayed
15789432,451,France,Male,33,6,£0.00,2,1,0,"£184,954.11",0,31-45,0,0,Yes,No,Stayed
15663161,680,Germany,Female,51,5,"£143,139.87",1,0,0,"£47,795.43",1,46-60,2.99,0,No,No,Churned
15694879,590,Spain,Female,23,7,£0.00,2,1,0,"£196,789.90",0,18-30,0,0,Yes,No,Stayed
15593715,634,Germany,Male,27,3,"£107,027.52",1,1,0,"£173,425.68",0,18-30,0.62,0,Yes,No,Stayed
15575002,676,France,Male,29,4,"£140,720.93",1,1,0,"£36,221.18",0,18-30,3.89,0,Yes,No,Stayed
15622171,642,France,Male,30,8,"£80,964.57",2,1,0,"£174,738.20",0,18-30,0.46,0,Yes,No,Stayed
15795224,760,France,Male,39,6,"£178,585.46",1,1,0,"£67,131.30",1,31-45,2.66,0,Yes,No,Churned
15685346,736,Spain,Female,26,4,"£135,889.13",1,1,1,"£165,692.03",0,18-30,0.82,0,Yes,Yes,Stayed
15691808,656,France,Male,43,7,"£134,919.85",1,1,0,"£194,691.95",0,31-45,0.69,0,Yes,No,Stayed
15721007,776,Germany,Male,33,8,"£115,130.34",1,0,0,"£129,525.50",1,31-45,0.89,0,No,No,Churned
15794253,832,Spain,Female,34,6,"£138,190.13",2,0,1,"£146,511.20",0,31-45,0.94,0,No,Yes,Stayed
15694453,631,Germany,Male,37,9,"£131,519.49",2,1,1,"£51,752.18",0,31-45,2.54,0,Yes,Yes,Stayed
15813113,795,Spain,Female,56,5,£0.00,1,1,0,"£35,418.69",1,46-60,0,0,Yes,No,Churned
15614187,648,Germany,Female,39,3,"£126,935.98",2,0,1,"£57,995.74",0,31-45,2.19,0,No,Yes,Stayed
15619407,615,France,Male,39,4,"£133,707.09",1,1,1,"£108,152.75",0,31-45,1.24,0,Yes,Yes,Stayed
15646227,682,France,Female,27,1,"£97,893.20",1,1,0,"£166,144.98",0,18-30,0.59,0,Yes,No,Stayed
15660541,694,France,Male,34,5,"£127,900.03",1,1,0,"£101,737.80",0,31-45,1.26,0,Yes,No,Stayed
15753874,694,France,Male,37,10,"£143,835.47",1,0,1,"£33,326.71",0,31-45,4.32,0,No,Yes,Stayed
15617877,607,France,Male,44,0,£0.00,2,1,1,"£81,140.09",0,31-45,0,0,Yes,Yes,Stayed
15772073,664,France,Male,48,10,£0.00,1,1,0,"£140,173.17",1,46-60,0,0,Yes,No,Churned
15701537,756,France,Male,60,2,£0.00,1,1,1,"£166,513.49",1,46-60,0,0,Yes,Yes,Churned
15736228,645,France,Female,40,3,"£129,596.77",1,1,1,"£103,232.60",0,31-45,1.26,0,Yes,Yes,Stayed
15780572,653,Spain,Male,30,4,£0.00,2,1,0,"£120,736.04",0,18-30,0,0,Yes,No,Stayed
15769596,710,Germany,Female,24,2,"£110,407.44",2,0,0,"£15,832.43",1,18-30,6.97,0,No,No,Churned
15586996,697,France,Female,76,7,£0.00,2,0,1,"£188,772.45",0,60+,0,0,No,Yes,Stayed
15722061,619,Germany,Female,41,8,"£142,015.76",2,1,0,"£114,323.66",0,31-45,1.24,0,Yes,No,Stayed
15638003,648,Spain,Male,55,1,"£81,370.07",1,0,1,"£181,534.04",0,46-60,0.45,0,No,Yes,Stayed
15775590,482,Germany,Female,48,2,"£69,329.47",1,0,0,"£102,640.52",1,46-60,0.68,0,No,No,Churned
15730688,548,France,Female,28,8,"£116,755.50",2,1,1,"£158,585.17",1,18-30,0.74,0,Yes,Yes,Churned
15753102,752,Spain,Male,44,6,"£83,870.33",1,1,0,"£178,722.24",0,31-45,0.47,0,Yes,No,Stayed
15810075,648,France,Female,39,6,"£130,694.89",2,1,1,"£153,955.38",1,31-45,0.85,0,Yes,Yes,Churned
15723373,643,Spain,Female,34,8,"£117,451.47",1,1,0,"£65,374.86",0,31-45,1.8,0,Yes,No,Stayed
15795298,573,Germany,Female,35,9,"£206,868.78",2,0,1,"£102,986.15",0,31-45,2.01,0,No,Yes,Stayed
15584320,686,France,Female,39,3,"£111,695.62",1,0,0,"£136,643.84",0,31-45,0.82,0,No,No,Stayed
15724161,644,France,Female,40,9,"£137,285.26",4,1,0,"£77,063.63",1,31-45,1.78,1,Yes,No,Churned
15750056,702,France,Female,29,6,"£149,218.39",1,1,1,"£9,633.01",0,18-30,15.49,0,Yes,Yes,Stayed
15609637,652,France,Male,51,7,£0.00,2,0,1,"£43,496.36",0,46-60,0,0,No,Yes,Stayed
15794493,641,Spain,Male,32,7,£0.00,2,1,1,"£24,267.28",0,31-45,0,0,Yes,Yes,Stayed
15569641,692,Germany,Female,41,8,"£130,701.29",1,1,0,"£59,354.24",1,31-45,2.2,0,Yes,No,Churned
15815236,574,Spain,Male,34,5,£0.00,2,0,0,"£28,269.86",0,31-45,0,0,No,No,Stayed
15811177,643,France,Female,31,3,"£167,949.48",1,1,0,"£143,162.34",0,31-45,1.17,0,Yes,No,Stayed
15680587,834,France,Male,23,4,"£131,254.81",1,1,0,"£20,199.30",0,18-30,6.5,0,Yes,No,Stayed
15672821,591,France,Male,28,5,£0.00,2,1,1,"£48,606.92",0,18-30,0,0,Yes,Yes,Stayed
15767681,470,Spain,Male,34,9,£0.00,2,0,1,"£89,013.67",0,31-45,0,0,No,Yes,Stayed
15600379,608,Spain,Male,34,7,"£86,656.13",1,0,1,"£59,890.29",0,31-45,1.45,0,No,Yes,Stayed
15801336,649,Germany,Female,37,8,"£114,737.26",1,1,1,"£106,655.88",1,31-45,1.08,0,Yes,Yes,Churned
15721592,665,France,Female,38,5,£0.00,2,1,0,"£156,439.56",0,31-45,0,0,Yes,No,Stayed
15581282,651,France,Female,39,6,£0.00,1,1,0,"£24,176.44",0,31-45,0,0,Yes,No,Stayed
15746203,555,Germany,Male,62,4,"£119,817.33",1,0,1,"£43,507.10",1,60+,2.75,0,No,Yes,Churned
15583137,637,France,Female,48,7,"£130,806.99",2,1,1,"£132,005.85",1,46-60,0.99,0,Yes,Yes,Churned
15680752,675,France,Female,49,0,£0.00,1,1,1,"£80,496.71",1,46-60,0,0,Yes,Yes,Churned
15688172,677,Spain,Male,40,5,£0.00,2,1,0,"£88,947.56",0,31-45,0,0,Yes,No,Stayed
15791373,850,Germany,Female,35,2,"£80,931.75",1,0,0,"£12,639.67",1,31-45,6.4,0,No,No,Churned
15589449,815,France,Female,56,3,£0.00,3,1,1,"£94,248.16",1,46-60,0,1,Yes,Yes,Churned
15692819,665,Germany,Male,32,1,"£132,178.67",1,0,0,"£11,865.76",0,31-45,11.14,0,No,No,Stayed
15727467,485,France,Female,27,3,£0.00,2,1,0,"£141,449.86",0,18-30,0,0,Yes,No,Stayed
15734312,577,Spain,Male,43,6,£0.00,2,1,1,"£149,457.81",0,31-45,0,0,Yes,Yes,Stayed
15764604,586,France,Female,35,7,"£164,769.02",3,1,0,"£119,814.25",1,31-45,1.38,1,Yes,No,Churned
15613014,722,Germany,Male,29,1,"£107,233.85",2,1,0,"£24,924.92",0,18-30,4.3,0,Yes,No,Stayed
15759684,528,France,Female,27,7,"£176,227.07",2,0,1,"£139,481.53",0,18-30,1.26,0,No,Yes,Stayed
15609669,542,France,Female,39,4,"£109,949.39",2,1,1,"£41,268.65",0,31-45,2.66,0,Yes,Yes,Stayed
15685536,552,France,Female,34,5,£0.00,2,1,1,"£1,351.41",0,31-45,0,0,Yes,Yes,Stayed
15750447,678,France,Female,60,10,"£117,738.81",1,1,0,"£147,489.76",1,46-60,0.8,0,Yes,No,Churned
15663249,575,Spain,Female,37,9,"£133,292.45",1,1,0,"£111,175.09",0,31-45,1.2,0,Yes,No,Stayed
15638646,669,France,Female,43,1,"£160,474.59",1,1,1,"£95,963.14",0,31-45,1.67,0,Yes,Yes,Stayed
15734161,636,France,Male,43,6,£0.00,2,1,0,"£43,128.95",0,31-45,0,0,Yes,No,Stayed
15631070,667,Germany,Male,55,9,"£154,393.43",1,1,1,"£137,674.96",1,46-60,1.12,0,Yes,Yes,Churned
15761950,652,Germany,Female,45,9,"£110,827.49",1,1,1,"£153,383.54",1,31-45,0.72,0,Yes,Yes,Churned
15649668,637,Germany,Female,36,10,"£145,750.45",2,1,1,"£96,660.76",0,31-45,1.51,0,Yes,Yes,Stayed
15713912,516,Spain,Female,45,8,"£109,044.30",1,0,1,"£115,818.16",0,31-45,0.94,0,No,Yes,Stayed
15586757,801,France,Female,32,4,"£75,170.54",1,1,1,"£37,898.50",0,31-45,1.98,0,Yes,Yes,Stayed
15596522,692,France,Female,42,2,£0.00,2,1,0,"£145,222.93",0,31-45,0,0,Yes,No,Stayed
15625395,585,France,Female,28,6,"£105,795.90",1,1,1,"£41,219.09",0,18-30,2.57,0,Yes,Yes,Stayed
15760570,590,France,Male,32,5,£0.00,2,1,0,"£59,249.83",0,31-45,0,0,Yes,No,Stayed
15566689,554,Spain,Male,66,8,£0.00,2,1,1,"£116,747.62",0,60+,0,0,Yes,Yes,Stayed
15725794,659,France,Female,49,1,£0.00,1,1,0,"£116,249.72",1,46-60,0,0,Yes,No,Churned
15673539,690,France,Female,26,3,"£118,097.87",1,1,0,"£61,257.83",0,18-30,1.93,0,Yes,No,Stayed
15705298,697,Germany,Male,29,0,"£172,693.54",1,0,0,"£141,798.98",0,18-30,1.22,0,No,No,Stayed
15675791,610,France,Male,36,4,"£129,440.30",2,1,0,"£102,638.35",0,31-45,1.26,0,Yes,No,Stayed
15747043,599,Spain,Male,36,4,£0.00,2,0,0,"£13,210.56",0,31-45,0,0,No,No,Stayed
15736397,544,France,Male,23,1,"£96,471.20",1,1,0,"£35,550.97",0,18-30,2.71,0,Yes,No,Stayed
15678201,548,France,Female,46,1,£0.00,1,1,1,"£104,469.06",1,46-60,0,0,Yes,Yes,Churned
15720745,635,Spain,Male,24,4,"£140,197.18",1,1,1,"£142,935.83",0,18-30,0.98,0,Yes,Yes,Stayed
15637593,722,France,Male,20,6,£0.00,2,1,0,"£195,486.28",0,18-30,0,0,Yes,No,Stayed
15598070,564,France,Female,33,4,"£135,946.26",1,1,0,"£63,170.00",0,31-45,2.15,0,Yes,No,Stayed
15787550,719,France,Male,69,3,£0.00,2,1,1,"£58,320.06",0,60+,0,0,Yes,Yes,Stayed
15603942,547,Germany,Male,50,3,"£81,290.02",3,0,1,"£177,747.03",1,46-60,0.46,1,No,Yes,Churned
15733973,850,France,Female,42,8,£0.00,1,1,0,"£19,632.64",1,31-45,0,0,Yes,No,Churned
15596761,515,Germany,Male,60,9,"£113,715.36",1,1,0,"£18,424.24",1,46-60,6.17,0,Yes,No,Churned
15652400,667,Spain,Male,56,2,"£168,883.08",1,0,1,"£18,897.78",0,46-60,8.94,0,No,Yes,Stayed
15717893,607,Germany,Male,36,8,"£143,421.74",1,1,0,"£97,879.02",0,31-45,1.47,0,Yes,No,Stayed
15622585,525,France,Male,26,7,"£153,644.39",1,1,1,"£63,197.88",0,18-30,2.43,0,Yes,Yes,Stayed
15733964,606,Spain,Female,53,1,"£109,330.06",1,1,1,"£75,860.01",0,46-60,1.44,0,Yes,Yes,Stayed
15753861,686,Germany,Female,27,1,"£115,095.88",2,0,0,"£78,622.46",0,18-30,1.46,0,No,No,Stayed
15747097,611,France,Male,35,10,£0.00,1,1,1,"£23,598.23",1,31-45,0,0,Yes,Yes,Churned
15594762,827,Spain,Male,46,1,"£183,276.32",1,1,1,"£13,460.27",0,46-60,13.62,0,Yes,Yes,Stayed
15667417,572,France,Male,33,9,"£68,193.72",1,1,0,"£19,998.31",0,31-45,3.41,0,Yes,No,Stayed
15684861,726,France,Female,32,8,£0.00,2,0,0,"£185,075.63",0,31-45,0,0,No,No,Stayed
15742204,579,Germany,Male,31,6,"£139,729.54",1,0,1,"£135,815.38",0,31-45,1.03,0,No,Yes,Stayed
15623502,598,Spain,Female,56,4,"£98,365.33",1,1,1,"£44,251.33",0,46-60,2.22,0,Yes,Yes,Stayed
15774872,663,France,Male,36,10,£0.00,2,1,0,"£136,349.55",0,31-45,0,0,Yes,No,Stayed
15611191,505,Germany,Female,37,10,"£122,453.97",2,1,1,"£52,693.99",0,31-45,2.32,0,Yes,Yes,Stayed
15674331,576,Germany,Male,30,7,"£132,174.41",2,0,0,"£93,767.03",0,18-30,1.41,0,No,No,Stayed
15619465,555,Spain,Female,24,2,£0.00,2,0,1,"£197,866.55",0,18-30,0,0,No,Yes,Stayed
15575247,524,France,Male,30,1,£0.00,2,1,0,"£126,812.85",0,18-30,0,0,Yes,No,Stayed
15695679,776,Spain,Male,39,2,"£104,349.45",1,0,0,"£79,503.05",0,31-45,1.31,0,No,No,Stayed
15713463,645,Germany,Female,41,2,"£138,881.04",1,1,0,"£129,936.53",1,31-45,1.07,0,Yes,No,Churned
15785170,850,Germany,Female,32,0,"£116,968.91",1,0,0,"£175,094.62",0,31-45,0.67,0,No,No,Stayed
15796351,603,Germany,Male,35,1,"£105,346.03",2,1,1,"£130,379.50",0,31-45,0.81,0,Yes,Yes,Stayed
15639576,691,France,Male,26,9,"£136,623.19",1,1,0,"£153,228.00",0,18-30,0.89,0,Yes,No,Stayed
15693264,583,France,Female,29,10,£0.00,2,1,1,"£111,285.85",0,18-30,0,0,Yes,Yes,Stayed
15589715,584,France,Female,66,5,£0.00,1,1,0,"£49,553.38",1,60+,0,0,Yes,No,Churned
15769902,679,France,Female,33,6,£0.00,2,1,1,"£98,015.85",0,31-45,0,0,Yes,Yes,Stayed
15587177,646,France,Male,36,6,"£124,445.52",1,1,0,"£88,481.32",0,31-45,1.41,0,Yes,No,Stayed
15814553,559,France,Female,34,5,"£68,999.66",2,1,1,"£66,879.27",0,31-45,1.03,0,Yes,Yes,Stayed
15601550,595,Spain,Male,36,6,"£85,768.42",1,1,1,"£24,802.77",0,31-45,3.46,0,Yes,Yes,Stayed
15664907,527,France,Male,47,1,£0.00,1,1,0,"£21,312.16",1,46-60,0,0,Yes,No,Churned
15612465,684,Spain,Male,34,9,"£100,628.00",2,1,1,"£190,263.78",0,31-45,0.53,0,Yes,Yes,Stayed
15810800,673,Spain,Female,32,0,£0.00,1,1,1,"£72,873.33",0,31-45,0,0,Yes,Yes,Stayed
15665760,802,Spain,Male,38,7,£0.00,2,0,1,"£57,764.65",0,31-45,0,0,No,Yes,Stayed
15588080,675,France,Male,54,6,£0.00,1,1,0,"£110,273.84",1,46-60,0,0,Yes,No,Churned
15776844,762,Spain,Female,19,6,£0.00,2,1,0,"£55,500.17",0,18-30,0,0,Yes,No,Stayed
15717560,580,France,Male,50,0,"£125,647.36",1,1,0,"£57,541.08",1,46-60,2.18,0,Yes,No,Churned
15629739,621,Germany,Female,31,8,"£100,375.39",1,1,1,"£90,384.26",0,31-45,1.11,0,Yes,Yes,Stayed
15729908,411,France,Female,36,10,£0.00,1,0,0,"£120,694.35",0,31-45,0,0,No,No,Stayed
15716781,815,France,Male,24,7,"£171,922.72",1,0,1,"£178,028.96",0,18-30,0.97,0,No,Yes,Stayed
15646936,631,Germany,Female,32,2,"£146,810.99",2,1,1,"£180,990.29",0,31-45,0.81,0,Yes,Yes,Stayed
15768151,514,Germany,Female,45,3,"£109,032.23",1,0,1,"£155,407.21",1,31-45,0.7,0,No,Yes,Churned
15579212,638,France,Male,57,6,£0.00,1,1,0,"£33,676.48",1,46-60,0,0,Yes,No,Churned
15721835,791,Spain,Male,25,7,£0.00,1,1,0,"£89,666.28",0,18-30,0,0,Yes,No,Stayed
15800515,516,France,Male,35,5,"£128,653.59",1,1,0,"£127,558.26",0,31-45,1.01,0,Yes,No,Stayed
15591279,734,France,Male,37,3,"£80,387.81",1,0,1,"£77,272.62",0,31-45,1.04,0,No,Yes,Stayed
15587419,611,France,Male,58,8,£0.00,2,0,1,"£107,665.68",1,46-60,0,0,No,Yes,Churned
15750335,850,Germany,Male,43,0,"£108,508.82",3,1,0,"£184,044.80",1,31-45,0.59,1,Yes,No,Churned
15699619,641,France,Male,31,10,"£155,978.17",1,1,0,"£91,510.71",0,31-45,1.7,0,Yes,No,Stayed
15606472,585,France,Female,38,5,£0.00,1,1,1,"£87,363.56",0,31-45,0,0,Yes,Yes,Stayed
15778368,552,Germany,Male,50,4,"£121,175.56",1,1,0,"£117,505.07",1,46-60,1.03,0,Yes,No,Churned
15671387,507,France,Female,29,4,"£89,349.47",2,0,0,"£180,626.68",0,18-30,0.49,0,No,No,Stayed
15573926,735,Spain,Male,38,7,"£86,131.71",2,0,0,"£93,478.96",0,31-45,0.92,0,No,No,Stayed
15709183,707,France,Female,58,3,"£102,346.86",1,1,1,"£114,672.64",0,46-60,0.89,0,Yes,Yes,Stayed
15577514,698,Germany,Female,36,7,"£121,263.62",1,1,1,"£13,387.88",0,31-45,9.06,0,Yes,Yes,Stayed
15778830,841,France,Male,31,2,£0.00,2,1,0,"£173,240.52",0,31-45,0,0,Yes,No,Stayed
15768072,688,Spain,Female,33,2,£0.00,1,0,0,"£27,557.18",1,31-45,0,0,No,No,Churned
15768293,614,France,Male,51,3,£0.00,2,1,1,"£5,552.37",0,46-60,0,0,Yes,Yes,Stayed
15654456,511,Germany,Male,48,6,"£149,726.08",1,0,0,"£88,307.87",1,46-60,1.7,0,No,No,Churned
15807525,447,France,Male,43,2,£0.00,2,1,0,"£33,879.26",1,31-45,0,0,Yes,No,Churned
15574372,738,France,Male,35,5,"£161,274.05",2,1,0,"£181,429.87",0,31-45,0.89,0,Yes,No,Stayed
15671249,422,France,Female,33,2,£0.00,2,1,0,"£102,655.31",0,31-45,0,0,Yes,No,Stayed
15779744,537,Spain,Male,30,1,"£103,138.17",1,1,1,"£96,555.42",0,18-30,1.07,0,Yes,Yes,Stayed
15624755,707,Germany,Female,40,3,"£109,628.44",1,1,0,"£189,366.03",0,31-45,0.58,0,Yes,No,Stayed
15611430,690,France,Male,54,5,£0.00,1,1,0,"£12,847.61",1,46-60,0,0,Yes,No,Churned
15774744,664,Germany,Male,33,7,"£97,286.16",2,1,0,"£143,433.33",0,31-45,0.68,0,Yes,No,Stayed
15629885,850,France,Female,33,7,"£118,004.26",1,1,0,"£183,983.82",0,31-45,0.64,0,Yes,No,Stayed
15708791,584,Spain,Male,32,9,"£85,534.83",1,0,0,"£169,137.24",0,31-45,0.51,0,No,No,Stayed
15793890,728,France,Female,59,4,£0.00,1,1,1,"£163,365.85",1,46-60,0,0,Yes,Yes,Churned
15646091,560,Spain,Female,43,4,"£95,140.44",2,1,0,"£123,181.44",1,31-45,0.77,0,Yes,No,Churned
15596984,629,France,Female,31,6,£0.00,1,1,1,"£16,447.60",1,31-45,0,0,Yes,Yes,Churned
15800215,658,France,Male,25,3,£0.00,2,0,1,"£173,948.40",0,18-30,0,0,No,Yes,Stayed
15577806,794,Germany,Female,54,1,"£75,900.84",1,1,1,"£192,154.66",0,46-60,0.39,0,Yes,Yes,Stayed
15749381,790,France,Female,41,2,"£126,619.27",1,1,0,"£198,224.38",0,31-45,0.64,0,Yes,No,Stayed
15683758,640,France,Male,44,7,"£111,833.47",1,1,0,"£67,202.74",0,31-45,1.66,0,Yes,No,Stayed
15670615,652,Spain,Male,37,7,£0.00,2,1,0,"£68,789.93",0,31-45,0,0,Yes,No,Stayed
15715622,583,France,Female,57,3,"£238,387.56",1,0,1,"£147,964.99",1,46-60,1.61,0,No,Yes,Churned
15707634,775,France,Female,32,2,"£108,698.96",2,1,1,"£161,069.73",0,31-45,0.67,0,Yes,Yes,Stayed
15806901,584,France,Female,39,2,"£112,687.69",1,1,1,"£127,749.61",0,31-45,0.88,0,Yes,Yes,Stayed
15775335,635,Germany,Female,48,4,"£81,556.89",2,1,0,"£191,914.37",0,46-60,0.42,0,Yes,No,Stayed
15724150,814,France,Male,48,9,"£136,596.85",1,1,1,"£185,791.90",0,46-60,0.74,0,Yes,Yes,Stayed
15627220,735,Germany,Female,43,9,"£98,807.45",1,0,0,"£184,570.04",1,31-45,0.54,0,No,No,Churned
15672330,678,France,Female,31,1,£0.00,2,0,1,"£130,446.65",0,31-45,0,0,No,Yes,Stayed
15668521,693,France,Male,37,1,£0.00,2,1,1,"£82,867.55",0,31-45,0,0,Yes,Yes,Stayed
15807837,640,France,Female,30,6,"£107,499.70",1,1,1,"£187,632.22",0,18-30,0.57,0,Yes,Yes,Stayed
15592570,773,Spain,Female,23,8,£0.00,2,1,0,"£56,759.79",0,18-30,0,0,Yes,No,Stayed
15748589,736,France,Female,30,9,£0.00,2,1,0,"£34,180.33",0,18-30,0,0,Yes,No,Stayed
15635893,693,France,Female,28,8,£0.00,2,1,1,"£158,545.25",0,18-30,0,0,Yes,Yes,Stayed
15757632,496,France,Female,41,1,"£176,024.05",2,1,0,"£182,337.98",0,31-45,0.97,0,Yes,No,Stayed
15691863,751,France,Female,39,3,£0.00,2,1,1,"£84,175.34",0,31-45,0,0,Yes,Yes,Stayed
15706071,528,Germany,Male,39,0,"£127,631.62",1,0,1,"£22,197.80",1,31-45,5.75,0,No,Yes,Churned
15654296,754,Spain,Female,19,9,£0.00,1,1,0,"£189,641.11",0,18-30,0,0,Yes,No,Stayed
15755018,568,Germany,Female,26,10,"£109,819.16",2,1,0,"£154,491.39",0,18-30,0.71,0,Yes,No,Stayed
15594041,592,Spain,Female,41,2,"£138,734.94",1,1,0,"£90,020.74",0,31-45,1.54,0,Yes,No,Stayed
15670587,558,Germany,Male,25,10,"£111,363.10",2,1,0,"£197,264.35",0,18-30,0.56,0,Yes,No,Stayed
15724527,825,France,Male,34,9,£0.00,2,1,1,"£31,933.06",0,31-45,0,0,Yes,Yes,Stayed
15801904,677,Germany,Male,28,0,"£143,988.00",2,1,0,"£8,755.69",1,18-30,16.45,0,Yes,No,Churned
15658195,653,France,Male,34,5,"£118,838.75",1,1,1,"£52,820.13",0,31-45,2.25,0,Yes,Yes,Stayed
15630113,593,Spain,Male,35,4,"£161,637.75",1,1,1,"£20,008.46",0,31-45,8.08,0,Yes,Yes,Stayed
15784320,632,France,Female,44,3,"£133,793.89",1,1,1,"£34,607.14",1,31-45,3.87,0,Yes,Yes,Churned
15676513,601,Germany,Male,35,8,"£71,553.83",1,1,0,"£177,384.45",0,31-45,0.4,0,Yes,No,Stayed
15574072,786,France,Female,62,8,£0.00,1,1,1,"£165,702.64",0,60+,0,0,Yes,Yes,Stayed
15633854,654,France,Female,40,3,£0.00,2,1,0,"£167,889.10",0,31-45,0,0,Yes,No,Stayed
15618566,572,France,Female,38,7,£0.00,2,1,1,"£133,122.62",0,31-45,0,0,Yes,Yes,Stayed
15733014,813,France,Female,62,10,"£64,667.95",2,0,1,"£140,454.14",0,60+,0.46,0,No,Yes,Stayed
15753343,523,France,Female,28,2,"£121,164.11",1,1,1,"£59,938.81",0,18-30,2.02,0,Yes,Yes,Stayed
15746076,506,Spain,Male,50,3,£0.00,2,1,0,"£12,016.79",0,46-60,0,0,Yes,No,Stayed
15608226,513,Spain,Male,72,3,"£98,903.06",1,1,1,"£81,251.24",0,60+,1.22,0,Yes,Yes,Stayed
15605684,664,France,Female,31,7,"£104,158.84",1,1,0,"£134,169.85",0,31-45,0.78,0,Yes,No,Stayed
15638988,684,France,Male,54,6,£0.00,2,1,1,"£94,888.60",0,46-60,0,0,Yes,Yes,Stayed
15628767,608,Spain,Female,63,3,"£139,529.93",2,1,1,"£175,696.16",1,60+,0.79,0,Yes,Yes,Churned
15737977,527,France,Female,25,6,£0.00,2,0,1,"£96,758.58",0,18-30,0,0,No,Yes,Stayed
15758116,666,France,Male,53,5,"£64,646.70",1,1,0,"£128,019.48",1,46-60,0.5,0,Yes,No,Churned
15575119,779,France,Male,71,3,£0.00,2,1,1,"£146,895.36",1,60+,0,0,Yes,Yes,Churned
15625126,629,France,Female,40,6,£0.00,2,1,1,"£139,356.30",0,31-45,0,0,Yes,Yes,Stayed
15567114,430,France,Male,35,1,"£118,894.22",1,0,0,"£2,923.61",0,31-45,40.67,0,No,No,Stayed
15672242,712,France,Male,24,2,£0.00,1,0,1,"£121,232.51",0,18-30,0,0,No,Yes,Stayed
15681327,682,France,Male,30,9,£0.00,2,1,1,"£2,053.42",0,18-30,0,0,Yes,Yes,Stayed
15802585,634,France,Female,41,8,"£68,213.99",1,1,1,"£6,382.46",0,31-45,10.69,0,Yes,Yes,Stayed
15740630,487,Spain,Female,31,1,£0.00,2,1,0,"£158,750.13",0,31-45,0,0,Yes,No,Stayed
15815420,808,Spain,Male,47,8,"£139,196.00",1,0,1,"£74,028.36",0,46-60,1.88,0,No,Yes,Stayed
15711468,527,France,Female,32,7,£0.00,2,1,1,"£44,099.75",0,31-45,0,0,Yes,Yes,Stayed
15799626,637,Germany,Male,50,4,"£126,345.55",1,0,1,"£17,323.00",1,46-60,7.29,0,No,Yes,Churned
15659325,802,Spain,Male,40,5,£0.00,2,1,1,"£175,043.69",0,31-45,0,0,Yes,Yes,Stayed
15651352,529,France,Female,38,2,£0.00,1,1,0,"£146,388.85",1,31-45,0,0,Yes,No,Churned
15684925,850,France,Female,43,3,£0.00,2,0,0,"£2,465.80",0,31-45,0,0,No,No,Stayed
15657439,738,France,Male,18,4,£0.00,2,1,1,"£47,799.15",0,18-30,0,0,Yes,Yes,Stayed
15574122,817,France,Male,34,5,"£129,278.43",1,0,0,"£165,562.84",0,31-45,0.78,0,No,No,Stayed
15720508,735,France,Male,31,3,"£119,558.35",1,0,0,"£72,927.68",0,31-45,1.64,0,No,No,Stayed
15599078,619,Germany,Female,41,5,"£92,467.58",1,1,0,"£38,270.47",0,31-45,2.42,0,Yes,No,Stayed
15702300,671,France,Male,27,5,£0.00,2,0,0,"£120,893.07",0,18-30,0,0,No,No,Stayed
15660735,581,Spain,Female,31,6,£0.00,2,1,0,"£188,377.21",0,31-45,0,0,Yes,No,Stayed
15671390,690,Spain,Male,36,10,£0.00,2,1,0,"£55,902.93",0,31-45,0,0,Yes,No,Stayed
15647385,579,Spain,Male,56,4,"£99,340.83",1,0,0,"£4,523.74",1,46-60,21.96,0,No,No,Churned
15739223,688,Spain,Female,24,3,£0.00,2,1,1,"£102,195.16",0,18-30,0,0,Yes,Yes,Stayed
15631305,599,Spain,Female,28,4,"£126,833.79",2,1,0,"£60,843.09",1,18-30,2.08,0,Yes,No,Churned
15809263,729,Germany,Male,29,5,"£109,676.52",1,1,1,"£25,548.47",0,18-30,4.29,0,Yes,Yes,Stayed
15640866,718,France,Female,29,3,£0.00,1,0,1,"£134,462.29",0,18-30,0,0,No,Yes,Stayed
15775663,712,Germany,Male,53,6,"£134,729.99",2,1,1,"£132,702.64",0,46-60,1.02,0,Yes,Yes,Stayed
15631800,474,France,Male,37,3,"£98,431.37",1,0,0,"£75,698.44",0,31-45,1.3,0,No,No,Stayed
15654292,565,Germany,Male,33,8,"£130,368.31",2,1,0,"£105,642.43",0,31-45,1.23,0,Yes,No,Stayed
15648320,658,France,Female,31,7,"£123,974.96",1,1,0,"£102,153.75",0,31-45,1.21,0,Yes,No,Stayed
15726747,714,France,Male,63,4,"£138,082.16",1,0,1,"£166,677.54",0,60+,0.83,0,No,Yes,Stayed
15694510,725,France,Male,45,1,"£129,855.32",1,0,0,"£24,218.65",0,31-45,5.36,0,No,No,Stayed
15572291,825,France,Male,40,6,"£132,308.22",1,0,0,"£117,122.50",0,31-45,1.13,0,No,No,Stayed
15603465,665,Germany,Female,45,5,"£155,447.65",2,1,0,"£51,871.95",1,31-45,3,0,Yes,No,Churned
15685628,670,Spain,Male,35,2,"£124,268.64",2,0,1,"£84,321.03",0,31-45,1.47,0,No,Yes,Stayed
15792729,474,Germany,Female,34,9,"£176,311.36",1,1,0,"£160,213.27",0,31-45,1.1,0,Yes,No,Stayed
15767414,591,France,Male,40,2,"£99,886.42",2,1,1,"£88,695.19",0,31-45,1.13,0,Yes,Yes,Stayed
15568044,508,France,Female,31,7,£0.00,2,1,1,"£6,123.15",0,31-45,0,0,Yes,Yes,Stayed
15751333,695,France,Female,36,2,£0.00,2,0,1,"£167,749.54",0,31-45,0,0,No,Yes,Stayed
15623062,660,Germany,Male,24,5,"£85,089.30",1,1,1,"£71,638.00",0,18-30,1.19,0,Yes,Yes,Stayed
15713621,687,Germany,Male,41,10,"£134,318.21",2,1,1,"£198,064.52",0,31-45,0.68,0,Yes,Yes,Stayed
15670668,658,Germany,Male,29,5,"£75,395.53",2,0,1,"£54,914.92",0,18-30,1.37,0,No,Yes,Stayed
15750638,705,Germany,Female,33,5,"£116,765.70",1,0,0,"£190,659.17",1,31-45,0.61,0,No,No,Churned
15747878,739,Spain,Male,60,4,£0.00,1,1,1,"£51,637.67",0,46-60,0,0,Yes,Yes,Stayed
15726796,844,France,Male,38,7,"£111,501.66",1,1,1,"£119,333.38",0,31-45,0.93,0,Yes,Yes,Stayed
15754952,602,Germany,Female,48,7,"£76,595.08",2,0,0,"£127,095.14",0,46-60,0.6,0,No,No,Stayed
15652192,759,France,Female,33,9,"£160,541.36",2,0,0,"£93,541.14",0,31-45,1.72,0,No,No,Stayed
15681924,747,Germany,Male,38,2,"£129,728.60",1,1,0,"£89,289.54",0,31-45,1.45,0,Yes,No,Stayed
15763544,673,France,Male,47,1,£0.00,2,0,0,"£108,762.16",0,46-60,0,0,No,No,Stayed
15764431,671,Spain,Female,34,5,"£130,929.02",4,1,1,"£28,238.25",1,31-45,4.64,1,Yes,Yes,Churned
15684010,640,Germany,Female,74,2,"£116,800.25",1,1,1,"£34,130.43",0,60+,3.42,0,Yes,Yes,Stayed
15648881,581,Germany,Male,40,0,"£101,016.53",1,0,1,"£7,926.35",1,31-45,12.74,0,No,Yes,Churned
15733303,630,France,Male,67,5,£0.00,2,1,1,"£27,330.27",0,60+,0,0,Yes,Yes,Stayed
15643294,703,France,Female,33,8,"£190,566.65",1,1,1,"£79,997.14",0,31-45,2.38,0,Yes,Yes,Stayed
15749905,698,Spain,Female,47,6,£0.00,1,1,0,"£50,213.81",1,46-60,0,0,Yes,No,Churned
15625175,742,Germany,Female,43,6,"£97,067.69",1,0,1,"£60,920.03",1,31-45,1.59,0,No,Yes,Churned
15643967,652,France,Female,37,4,"£92,208.54",1,0,1,"£197,699.80",1,31-45,0.47,0,No,Yes,Churned
15578251,644,France,Male,37,2,"£186,347.97",2,1,0,"£92,809.73",0,31-45,2.01,0,Yes,No,Stayed
15772573,735,Spain,Male,55,2,"£103,176.62",1,0,1,"£163,516.16",0,46-60,0.63,0,No,Yes,Stayed
15733234,777,France,Female,58,4,£0.00,1,1,1,"£62,449.07",1,46-60,0,0,Yes,Yes,Churned
15721582,644,Germany,Female,40,4,"£77,270.08",2,1,1,"£115,800.10",1,31-45,0.67,0,Yes,Yes,Churned
15628219,665,Germany,Female,37,3,"£111,911.63",1,1,1,"£110,359.68",1,31-45,1.01,0,Yes,Yes,Churned
15571302,529,Germany,Male,72,5,"£94,216.05",1,1,1,"£78,695.68",0,60+,1.2,0,Yes,Yes,Stayed
15637178,803,Spain,Female,45,7,£0.00,2,1,1,"£128,378.04",0,31-45,0,0,Yes,Yes,Stayed
15601184,604,Spain,Female,26,3,£0.00,2,1,0,"£155,248.62",0,18-30,0,0,Yes,No,Stayed
15629511,738,France,Male,49,6,"£106,770.82",1,1,0,"£123,499.27",0,46-60,0.86,0,Yes,No,Stayed
15570629,655,Germany,Female,72,5,"£138,089.97",2,1,1,"£99,920.41",0,60+,1.38,0,Yes,Yes,Stayed
15665766,698,Germany,Male,39,9,"£133,191.19",2,0,1,"£53,289.49",0,31-45,2.5,0,No,Yes,Stayed
15693732,775,France,Female,66,9,£0.00,2,1,1,"£67,622.34",0,60+,0,0,Yes,Yes,Stayed
15765982,735,France,Male,41,7,"£74,135.85",1,1,1,"£11,783.10",1,31-45,6.29,0,Yes,Yes,Churned
15582016,766,Spain,Male,41,6,"£99,208.46",2,1,0,"£62,402.38",0,31-45,1.59,0,Yes,No,Stayed
15798024,537,Germany,Male,84,8,"£92,242.34",1,1,1,"£186,235.98",0,60+,0.5,0,Yes,Yes,Stayed
15588622,599,Germany,Male,25,7,"£108,380.72",1,1,1,"£79,005.95",0,18-30,1.37,0,Yes,Yes,Stayed
15724863,420,Spain,Female,55,4,"£91,893.32",1,1,0,"£144,870.28",1,46-60,0.63,0,Yes,No,Churned
15618213,674,France,Female,32,7,"£85,757.93",1,1,1,"£95,481.00",0,31-45,0.9,0,Yes,Yes,Stayed
15780411,570,France,Female,46,3,£0.00,2,0,0,£820.46,0,46-60,0,0,No,No,Stayed
15725429,623,Germany,Male,33,8,"£96,759.42",1,1,1,"£174,777.98",0,31-45,0.55,0,Yes,Yes,Stayed
15600626,710,France,Male,30,6,£0.00,2,1,1,"£8,991.17",0,18-30,0,0,Yes,Yes,Stayed
15668460,466,France,Male,29,6,£0.00,2,1,1,"£2,797.27",0,18-30,0,0,Yes,Yes,Stayed
15576263,759,France,Female,22,5,£0.00,1,1,0,"£22,303.17",0,18-30,0,0,Yes,No,Stayed
15720354,581,France,Male,71,4,£0.00,2,1,1,"£197,562.08",0,60+,0,0,Yes,Yes,Stayed
15691624,820,France,Male,33,2,"£132,150.26",2,1,0,"£23,067.97",0,31-45,5.73,0,Yes,No,Stayed
15793196,759,France,Male,41,9,£0.00,2,0,1,"£190,294.12",0,31-45,0,0,No,Yes,Stayed
15633352,628,France,Female,31,6,"£175,443.75",1,1,0,"£113,167.17",1,31-45,1.55,0,Yes,No,Churned
15750874,676,France,Male,31,3,"£78,990.15",1,1,1,"£124,777.14",0,31-45,0.63,0,Yes,Yes,Stayed
15588923,591,France,Female,33,4,"£113,743.37",1,1,0,"£124,625.08",0,31-45,0.91,0,Yes,No,Stayed
15715745,690,France,Female,26,5,"£157,624.84",1,1,1,"£49,599.27",0,18-30,3.18,0,Yes,Yes,Stayed
15611800,624,France,Female,62,7,"£125,163.62",2,1,1,"£151,411.50",0,60+,0.83,0,Yes,Yes,Stayed
15576928,573,France,Female,23,2,£0.00,1,1,0,"£122,964.18",0,18-30,0,0,Yes,No,Stayed
15793693,694,France,Male,60,9,£0.00,1,1,1,"£57,088.97",0,46-60,0,0,Yes,Yes,Stayed
15581252,632,Spain,Female,29,7,"£80,922.75",1,1,0,"£7,820.78",0,18-30,10.35,0,Yes,No,Stayed
15797760,632,France,Male,40,3,"£193,354.86",2,1,0,"£149,188.41",0,31-45,1.3,0,Yes,No,Stayed
15790564,832,Germany,Female,40,9,"£107,648.94",2,1,1,"£134,638.97",0,31-45,0.8,0,Yes,Yes,Stayed
15593736,598,Germany,Female,46,7,"£131,769.04",1,0,0,"£184,980.23",1,46-60,0.71,0,No,No,Churned
15595937,430,Germany,Male,36,1,"£138,992.48",2,0,0,"£122,373.42",0,31-45,1.14,0,No,No,Stayed
15815628,711,France,Female,37,8,"£113,899.92",1,0,0,"£80,215.20",0,31-45,1.42,0,No,No,Stayed
15782802,582,Germany,Male,26,6,"£114,450.32",1,1,1,"£14,081.64",0,18-30,8.13,0,Yes,Yes,Stayed
15627412,605,France,Male,39,3,£0.00,2,1,0,"£199,390.45",0,31-45,0,0,Yes,No,Stayed
15734609,657,France,Female,37,2,£0.00,2,1,1,"£7,667.48",0,31-45,0,0,Yes,Yes,Stayed
15710689,578,Spain,Male,40,6,"£63,609.92",1,0,0,"£74,965.61",1,31-45,0.85,0,No,No,Churned
15565806,532,France,Male,38,9,£0.00,2,0,0,"£30,583.95",0,31-45,0,0,No,No,Stayed
15815530,612,France,Female,42,10,"£75,497.51",1,0,0,"£149,682.78",0,31-45,0.5,0,No,No,Stayed
15632272,792,France,Female,42,2,£0.00,2,1,0,"£92,664.09",0,31-45,0,0,Yes,No,Stayed
15684103,674,France,Female,26,10,£0.00,2,1,1,"£138,423.10",0,18-30,0,0,Yes,Yes,Stayed
15654519,680,France,Male,31,1,£0.00,2,1,1,"£3,148.20",0,31-45,0,0,Yes,Yes,Stayed
15767722,593,France,Female,39,0,"£117,704.73",1,1,0,"£197,933.50",0,31-45,0.59,0,Yes,No,Stayed
15654346,679,Germany,Male,35,1,"£130,463.55",2,1,1,"£37,341.17",0,31-45,3.49,0,Yes,Yes,Stayed
15660147,493,Spain,Male,32,8,"£46,161.18",1,1,1,"£79,577.40",0,31-45,0.58,0,Yes,Yes,Stayed
15814998,688,Spain,Male,42,5,£0.00,2,0,0,"£197,602.29",0,31-45,0,0,No,No,Stayed
15802207,769,Germany,Male,43,4,"£110,182.54",2,1,1,"£87,537.32",0,31-45,1.26,0,Yes,Yes,Stayed
15658668,581,Spain,Male,49,10,£0.00,2,0,0,"£41,623.59",0,46-60,0,0,No,No,Stayed
15715079,465,France,Male,41,9,"£117,221.15",1,1,0,"£168,280.95",0,31-45,0.7,0,Yes,No,Stayed
15570360,641,France,Female,35,4,£0.00,2,0,0,"£125,986.18",0,31-45,0,0,No,No,Stayed
15674678,731,Germany,Female,43,9,"£79,120.27",1,0,0,£548.52,1,31-45,144.24,0,No,No,Churned
15780925,625,France,Male,37,1,"£177,069.24",2,1,1,"£96,088.54",0,31-45,1.84,0,Yes,Yes,Stayed
15688193,468,France,Male,36,3,"£61,636.97",1,0,0,"£107,787.42",0,31-45,0.57,0,No,No,Stayed
15778219,790,France,Male,26,5,£0.00,1,1,0,"£20,510.79",0,18-30,0,0,Yes,No,Stayed
15696514,587,Germany,Female,37,6,"£104,414.03",1,1,0,"£192,026.02",0,31-45,0.54,0,Yes,No,Stayed
15712303,692,France,Male,66,4,"£159,732.02",1,1,1,"£118,188.15",0,60+,1.35,0,Yes,Yes,Stayed
15719090,676,Germany,Female,34,4,"£89,437.03",1,1,1,"£189,540.95",0,31-45,0.47,0,Yes,Yes,Stayed
15735632,571,France,Male,41,8,£0.00,1,1,1,"£63,736.17",0,31-45,0,0,Yes,Yes,Stayed
15619436,700,France,Female,32,3,£0.00,1,0,0,"£95,740.37",0,31-45,0,0,No,No,Stayed
15722404,445,France,Female,30,3,£0.00,2,1,1,"£127,939.19",0,18-30,0,0,Yes,Yes,Stayed
15662063,746,France,Male,36,7,"£142,400.77",1,1,1,"£193,438.69",0,31-45,0.74,0,Yes,Yes,Stayed
15745605,722,France,Female,47,2,"£88,011.40",1,1,1,"£90,655.94",1,46-60,0.97,0,Yes,Yes,Churned
15636658,596,France,Male,36,2,£0.00,2,1,1,"£12,067.39",0,31-45,0,0,Yes,Yes,Stayed
15784130,850,Germany,Female,30,8,"£154,870.28",1,1,1,"£54,191.38",0,18-30,2.86,0,Yes,Yes,Stayed
15606755,597,Spain,Female,46,4,£0.00,2,1,0,"£58,667.16",1,46-60,0,0,Yes,No,Churned
15801699,436,Spain,Male,43,5,£0.00,2,1,1,"£35,687.43",0,31-45,0,0,Yes,Yes,Stayed
15784097,660,Germany,Male,28,1,"£118,402.25",2,1,0,"£14,288.93",0,18-30,8.29,0,Yes,No,Stayed
15764654,649,France,Male,37,9,"£87,374.88",2,1,1,£247.36,0,31-45,353.23,0,Yes,Yes,Stayed
15612092,646,Germany,Male,32,8,"£105,397.80",1,1,0,"£78,111.84",1,31-45,1.35,0,Yes,No,Churned
15610903,560,Spain,Female,31,5,"£125,341.69",1,1,0,"£79,547.39",0,31-45,1.58,0,Yes,No,Stayed
15705777,710,Germany,Male,49,10,"£129,164.88",1,1,1,"£193,266.72",0,46-60,0.67,0,Yes,Yes,Stayed
15661936,513,France,Male,40,3,"£141,004.46",1,1,0,"£105,028.46",0,31-45,1.34,0,Yes,No,Stayed
15700864,607,France,Female,21,0,£0.00,2,1,0,"£116,106.52",0,18-30,0,0,Yes,No,Stayed
15722965,757,France,Male,57,3,"£89,079.41",1,1,1,"£53,179.21",1,46-60,1.68,0,Yes,Yes,Churned
15737521,619,Germany,Male,40,9,"£103,604.31",2,0,0,"£140,947.05",0,31-45,0.74,0,No,No,Stayed
15814465,612,France,Male,24,1,"£182,705.05",1,1,1,"£171,837.06",0,18-30,1.06,0,Yes,Yes,Stayed
15580988,842,France,Male,29,8,£0.00,2,1,1,"£123,437.05",0,18-30,0,0,Yes,Yes,Stayed
15789974,713,France,Male,33,6,"£94,598.48",1,0,0,"£197,519.66",1,31-45,0.48,0,No,No,Churned
15713370,657,Spain,Male,36,8,"£188,241.05",2,0,0,"£183,058.51",1,31-45,1.03,0,No,No,Churned
15748673,770,France,Female,37,9,£0.00,2,0,0,"£22,710.72",0,31-45,0,0,No,No,Stayed
15754919,773,France,Female,40,10,£0.00,2,0,1,"£69,303.15",0,31-45,0,0,No,Yes,Stayed
15641662,470,Germany,Male,39,5,"£117,469.91",2,0,0,"£63,705.90",0,31-45,1.84,0,No,No,Stayed
15813422,781,Spain,Male,35,4,"£80,790.74",1,1,0,"£116,429.51",0,31-45,0.69,0,Yes,No,Stayed
15713596,428,France,Female,62,1,"£107,735.93",1,0,1,"£58,381.77",0,60+,1.85,0,No,Yes,Stayed
15791216,600,Germany,Male,43,8,"£133,379.41",1,1,0,"£177,378.66",1,31-45,0.75,0,Yes,No,Churned
15689031,697,Spain,Female,37,7,"£168,066.87",1,1,0,"£35,450.53",0,31-45,4.74,0,Yes,No,Stayed
15763704,692,Germany,Female,43,2,"£69,014.49",2,0,0,"£164,621.43",0,31-45,0.42,0,No,No,Stayed
15631339,791,France,Male,28,4,£0.00,1,1,0,"£174,435.48",0,18-30,0,0,Yes,No,Stayed
15771509,538,Germany,Female,42,1,"£98,548.62",2,0,1,"£94,047.75",0,31-45,1.05,0,No,Yes,Stayed
15769586,820,France,Female,49,1,£0.00,2,1,1,"£119,087.25",0,46-60,0,0,Yes,Yes,Stayed
15656096,679,Spain,Female,26,3,"£76,554.06",1,1,1,"£184,800.27",0,18-30,0.41,0,Yes,Yes,Stayed
15585280,649,France,Female,36,2,£0.00,2,0,1,"£75,035.48",0,31-45,0,0,No,Yes,Stayed
15743582,632,France,Female,27,3,"£107,375.82",1,1,1,"£62,703.38",0,18-30,1.71,0,Yes,Yes,Stayed
15761692,594,France,Male,40,9,"£122,417.17",2,0,1,"£190,882.69",0,31-45,0.64,0,No,Yes,Stayed
15627840,682,France,Female,42,0,£0.00,1,0,1,"£91,981.85",1,31-45,0,0,No,Yes,Churned
15778861,720,Spain,Male,33,6,"£97,188.62",1,0,0,"£91,881.29",0,31-45,1.06,0,No,No,Stayed
15770554,769,France,Male,31,4,"£61,297.05",2,1,1,"£7,118.02",0,31-45,8.61,0,Yes,Yes,Stayed
15806956,746,Spain,Male,30,1,"£112,666.67",1,0,0,"£11,710.40",1,18-30,9.62,0,No,No,Churned
15701908,623,Spain,Female,40,7,£0.00,1,1,1,"£25,904.12",0,31-45,0,0,Yes,Yes,Stayed
15736990,537,France,Male,28,3,"£157,842.07",1,1,0,"£86,911.49",0,18-30,1.82,0,Yes,No,Stayed
15743714,468,France,Male,46,7,"£91,443.75",1,1,0,"£10,958.18",0,46-60,8.34,0,Yes,No,Stayed
15807993,588,Germany,Female,30,0,"£110,148.49",1,1,0,"£5,790.90",1,18-30,19.02,0,Yes,No,Churned
15644686,729,Spain,Female,34,9,"£53,299.96",2,1,1,"£42,855.97",0,31-45,1.24,0,Yes,Yes,Stayed
15677377,543,Spain,Male,37,3,£0.00,2,1,1,"£78,915.68",0,31-45,0,0,Yes,Yes,Stayed
15626412,499,Spain,Male,39,6,£0.00,2,1,1,"£81,409.00",0,31-45,0,0,Yes,Yes,Stayed
15643679,784,Germany,Male,28,2,"£70,233.74",2,1,1,"£179,252.73",0,18-30,0.39,0,Yes,Yes,Stayed
15728456,604,France,Male,33,3,£0.00,1,1,0,"£42,171.13",1,31-45,0,0,Yes,No,Churned
15630661,614,Spain,Female,25,10,"£75,212.28",1,1,0,"£58,965.04",0,18-30,1.28,0,Yes,No,Stayed
15734044,671,France,Female,31,7,"£41,299.03",1,0,1,"£102,681.32",0,31-45,0.4,0,No,Yes,Stayed
15705001,587,Spain,Female,35,3,"£83,286.56",1,1,0,"£125,553.52",0,31-45,0.66,0,Yes,No,Stayed
15809817,593,Spain,Male,43,10,£0.00,2,0,0,"£53,478.02",0,31-45,0,0,No,No,Stayed
15809137,453,France,Male,29,6,£0.00,1,0,0,"£198,376.02",1,18-30,0,0,No,No,Churned
15751593,570,Germany,Male,35,6,"£85,668.59",1,1,0,"£105,525.36",0,31-45,0.81,0,Yes,No,Stayed
15626491,655,France,Female,45,7,"£57,327.04",1,0,1,"£47,349.00",0,31-45,1.21,0,No,Yes,Stayed
15765461,632,Spain,Male,47,3,£0.00,2,1,0,"£178,822.32",0,46-60,0,0,Yes,No,Stayed
15568120,681,France,Female,37,7,"£69,609.85",1,1,1,"£72,127.83",0,31-45,0.97,0,Yes,Yes,Stayed
15787161,591,Germany,Male,46,4,"£129,269.27",1,1,0,"£163,504.33",0,46-60,0.79,0,Yes,No,Stayed
15812324,779,France,Male,27,1,£0.00,2,1,1,"£190,623.02",0,18-30,0,0,Yes,Yes,Stayed
15588944,456,France,Female,63,1,"£165,350.61",2,0,0,"£140,758.07",1,60+,1.17,0,No,No,Churned
15694253,686,France,Female,41,7,"£152,105.57",2,0,1,"£132,374.41",0,31-45,1.15,0,No,Yes,Stayed
15759566,617,France,Male,74,10,£0.00,2,1,1,"£53,949.98",0,60+,0,0,Yes,Yes,Stayed
15675675,850,France,Female,32,5,"£106,290.64",1,1,0,"£121,982.73",0,31-45,0.87,0,Yes,No,Stayed
15802060,646,Germany,Female,30,10,"£100,548.67",2,0,0,"£136,983.77",0,18-30,0.73,0,No,No,Stayed
15660505,735,Germany,Male,46,2,"£106,344.95",1,1,0,"£114,371.33",1,46-60,0.93,0,Yes,No,Churned
15782630,543,France,Male,35,5,"£137,482.19",1,0,0,"£62,389.35",0,31-45,2.2,0,No,No,Stayed
15700710,490,France,Female,37,3,"£116,465.53",1,0,1,"£24,435.77",0,31-45,4.77,0,No,Yes,Stayed
15742834,640,France,Male,45,1,£0.00,1,1,1,"£10,908.33",0,31-45,0,0,Yes,Yes,Stayed
15806511,445,Spain,Male,45,10,£0.00,2,0,1,"£90,977.48",0,31-45,0,0,No,Yes,Stayed
15608166,761,France,Male,36,9,"£127,637.92",1,1,1,"£81,062.93",0,31-45,1.57,0,Yes,Yes,Stayed
15614230,426,France,Female,34,3,£0.00,2,1,1,"£61,230.83",0,31-45,0,0,Yes,Yes,Stayed
15729958,777,France,Male,37,1,£0.00,1,1,1,"£126,837.72",0,31-45,0,0,Yes,Yes,Stayed
15800814,534,France,Male,35,2,"£81,951.74",2,1,0,"£115,668.53",0,31-45,0.71,0,Yes,No,Stayed
15674727,777,France,Female,42,5,"£147,531.82",1,1,1,"£38,819.45",0,31-45,3.8,0,Yes,Yes,Stayed
15657779,806,Spain,Male,18,3,£0.00,2,1,1,"£86,994.54",0,18-30,0,0,Yes,Yes,Stayed
15801395,790,France,Female,33,10,"£135,120.72",1,0,0,"£195,204.99",0,31-45,0.69,0,No,No,Stayed
15757911,643,Spain,Female,32,2,£0.00,1,0,0,"£131,301.74",0,31-45,0,0,No,No,Stayed
15665340,584,Spain,Female,37,8,£0.00,2,0,1,"£100,835.19",0,31-45,0,0,No,Yes,Stayed
15787151,638,France,Female,34,7,£0.00,2,1,1,"£198,969.78",0,31-45,0,0,Yes,Yes,Stayed
15757821,771,Spain,Male,18,1,£0.00,2,0,0,"£41,542.95",0,18-30,0,0,No,No,Stayed
15600688,600,France,Female,39,5,£0.00,2,0,0,"£118,272.07",0,31-45,0,0,No,No,Stayed
15594878,661,Spain,Female,41,5,"£28,082.95",1,1,0,"£69,586.27",1,31-45,0.4,0,Yes,No,Churned
15569248,554,France,Female,43,10,£0.00,2,1,0,"£149,629.13",1,31-45,0,0,Yes,No,Churned
15812706,627,Spain,Male,49,4,"£111,087.50",1,0,1,"£146,680.25",0,46-60,0.76,0,No,Yes,Stayed
15645045,659,France,Female,38,9,£0.00,2,1,1,"£132,809.18",0,31-45,0,0,Yes,Yes,Stayed
15766746,835,France,Male,35,6,"£127,120.07",1,1,0,"£28,707.69",0,31-45,4.43,0,Yes,No,Stayed
15700383,763,France,Female,35,7,"£115,651.60",2,1,1,"£104,706.29",0,31-45,1.1,0,Yes,Yes,Stayed
15632551,625,Germany,Male,31,4,"£77,743.01",2,1,0,"£75,335.68",0,31-45,1.03,0,Yes,No,Stayed
15795129,799,France,Female,30,9,£0.00,2,1,0,"£136,827.96",0,18-30,0,0,Yes,No,Stayed
15650545,849,France,Male,69,7,"£71,996.09",1,1,1,"£139,065.94",0,60+,0.52,0,Yes,Yes,Stayed
15612769,692,France,Male,28,5,"£61,581.97",1,1,1,"£70,179.91",0,18-30,0.88,0,Yes,Yes,Stayed
15710853,623,France,Female,24,5,£0.00,2,1,0,"£116,160.04",0,18-30,0,0,Yes,No,Stayed
15623712,453,Spain,Female,42,5,£0.00,3,1,0,"£83,008.49",1,31-45,0,1,Yes,No,Churned
15653251,408,France,Female,84,8,"£87,873.39",1,0,0,"£188,484.52",1,60+,0.47,0,No,No,Churned
15755077,778,Germany,Female,37,0,"£105,617.73",2,1,1,"£133,699.82",1,31-45,0.79,0,Yes,Yes,Churned
15808557,695,France,Female,42,5,£0.00,1,0,1,"£72,172.13",1,31-45,0,0,No,Yes,Churned
15614687,677,Germany,Female,44,4,"£148,770.61",2,1,1,"£191,057.76",0,31-45,0.78,0,Yes,Yes,Stayed
15626882,662,Spain,Male,37,5,"£94,901.09",1,1,1,"£48,233.75",0,31-45,1.97,0,Yes,Yes,Stayed
15748034,534,France,Male,29,7,"£174,851.90",1,1,1,"£79,178.31",0,18-30,2.21,0,Yes,Yes,Stayed
15632324,602,France,Male,59,7,£0.00,2,1,1,"£162,347.05",0,46-60,0,0,Yes,Yes,Stayed
15761023,554,Germany,Female,43,2,"£120,847.11",1,1,0,"£7,611.61",1,31-45,15.88,0,Yes,No,Churned
15761453,667,France,Male,42,6,£0.00,1,1,0,"£88,890.05",0,31-45,0,0,Yes,No,Stayed
15646726,672,France,Male,43,5,£0.00,1,0,0,"£63,833.09",0,31-45,0,0,No,No,Stayed
15637169,838,Spain,Female,67,4,"£103,267.80",1,1,1,"£78,310.04",0,60+,1.32,0,Yes,Yes,Stayed
15636024,692,Spain,Female,34,4,"£109,699.08",1,1,1,"£37,898.91",0,31-45,2.89,0,Yes,Yes,Stayed
15801218,675,France,Male,49,8,"£135,133.39",1,0,1,"£179,521.24",1,46-60,0.75,0,No,Yes,Churned
15642655,731,Spain,Male,33,1,£0.00,1,1,0,"£130,726.96",0,31-45,0,0,Yes,No,Stayed
15690130,468,France,Female,32,8,"£137,649.47",1,0,0,"£198,714.29",0,31-45,0.69,0,No,No,Stayed
15653753,542,Spain,Male,43,6,"£113,567.94",1,1,0,"£89,543.25",0,31-45,1.27,0,Yes,No,Stayed
15641359,662,Spain,Female,35,6,£0.00,2,0,0,"£2,423.90",1,31-45,0,0,No,No,Churned
15776827,770,Germany,Male,37,5,"£141,547.26",2,0,1,"£180,326.83",0,31-45,0.78,0,No,Yes,Stayed
15647725,675,France,Female,61,5,"£62,055.17",3,1,0,"£166,305.16",1,60+,0.37,1,Yes,No,Churned
15648455,647,Germany,Male,51,4,"£131,156.76",1,1,0,"£29,883.63",0,46-60,4.39,0,Yes,No,Stayed
15580629,604,France,Male,31,6,"£134,837.58",1,1,0,"£192,029.19",0,31-45,0.7,0,Yes,No,Stayed
15730161,833,France,Female,39,3,£0.00,2,1,0,"£1,710.89",0,31-45,0,0,Yes,No,Stayed
15626612,741,Spain,Male,40,4,"£104,784.23",1,1,0,"£135,163.76",1,31-45,0.78,0,Yes,No,Churned
15662865,658,Spain,Male,36,1,£0.00,2,0,1,"£84,927.42",0,31-45,0,0,No,Yes,Stayed
15629094,528,France,Female,36,1,"£156,948.41",1,1,1,"£149,912.28",1,31-45,1.05,0,Yes,Yes,Churned
15651823,590,France,Female,60,6,"£147,751.75",1,1,0,"£88,206.04",1,46-60,1.68,0,Yes,No,Churned
15594827,675,France,Male,34,1,"£124,619.33",2,0,1,"£163,667.56",0,31-45,0.76,0,No,Yes,Stayed
15786392,765,France,Male,41,4,"£124,182.21",1,0,0,"£100,153.43",0,31-45,1.24,0,No,No,Stayed
15727353,650,France,Female,64,7,"£142,028.36",1,1,0,"£32,275.09",1,60+,4.4,0,Yes,No,Churned
15733777,817,France,Male,44,8,£0.00,1,0,0,"£65,501.91",1,31-45,0,0,No,No,Churned
15614302,699,Germany,Female,31,10,"£125,837.86",2,1,0,"£189,392.66",0,31-45,0.66,0,Yes,No,Stayed
15723263,495,Germany,Female,34,9,"£117,160.32",1,1,1,"£116,069.24",1,31-45,1.01,0,Yes,Yes,Churned
15687270,491,Spain,Female,61,8,£0.00,2,0,1,"£139,861.53",0,60+,0,0,No,Yes,Stayed
15803121,847,France,Male,51,5,"£97,565.74",1,0,0,"£144,184.06",1,46-60,0.68,0,No,No,Churned
15598700,676,Spain,Female,30,5,£0.00,2,0,1,"£157,888.50",0,18-30,0,0,No,Yes,Stayed
15741875,746,Spain,Female,25,3,"£104,833.79",1,0,0,"£71,911.30",0,18-30,1.46,0,No,No,Stayed
15631709,470,Spain,Female,31,2,"£101,675.22",2,1,0,"£45,033.75",0,31-45,2.26,0,Yes,No,Stayed
15672970,714,Spain,Male,20,3,£0.00,2,0,1,"£150,465.93",0,18-30,0,0,No,Yes,Stayed
15761670,695,France,Female,50,8,£0.00,1,1,0,"£126,381.60",1,46-60,0,0,Yes,No,Churned
15706005,674,France,Male,46,2,"£174,701.05",1,1,0,"£90,189.72",1,46-60,1.94,0,Yes,No,Churned
15790336,664,Germany,Male,36,6,"£71,142.77",2,1,0,"£122,433.09",0,31-45,0.58,0,Yes,No,Stayed
15754267,697,Germany,Male,31,3,"£108,805.42",2,0,1,"£123,825.83",0,31-45,0.88,0,No,Yes,Stayed
15791988,670,France,Male,68,4,£0.00,2,1,1,"£11,426.70",0,60+,0,0,Yes,Yes,Stayed
15683375,541,France,Female,32,4,£0.00,1,1,1,"£114,951.42",0,31-45,0,0,Yes,Yes,Stayed
15625151,640,France,Female,66,9,"£116,037.76",1,0,1,"£184,636.05",0,60+,0.63,0,No,Yes,Stayed
15635285,647,France,Male,28,8,£0.00,2,1,1,"£91,055.27",0,18-30,0,0,Yes,Yes,Stayed
15574296,757,France,Male,23,2,"£80,673.96",2,1,0,"£93,991.65",0,18-30,0.86,0,Yes,No,Stayed
15711618,704,Germany,Female,39,1,"£124,640.51",1,1,0,"£116,511.12",1,31-45,1.07,0,Yes,No,Churned
15670943,778,Germany,Male,31,9,"£182,275.23",2,1,0,"£190,631.23",0,31-45,0.96,0,Yes,No,Stayed
15634359,639,Germany,Female,41,5,"£98,635.77",1,1,0,"£199,970.74",0,31-45,0.49,0,Yes,No,Stayed
15586629,637,France,Male,33,5,£0.00,2,1,0,"£139,947.17",0,31-45,0,0,Yes,No,Stayed
15588461,686,France,Male,35,4,£0.00,1,1,0,"£8,816.37",0,31-45,0,0,Yes,No,Stayed
15773221,577,Spain,Male,43,8,"£79,757.21",1,1,0,"£135,650.72",1,31-45,0.59,0,Yes,No,Churned
15664227,506,Germany,Male,28,8,"£53,053.76",1,0,1,"£24,577.34",0,18-30,2.16,0,No,Yes,Stayed
15741745,757,France,Male,28,7,"£120,911.75",2,1,1,"£131,249.46",0,18-30,0.92,0,Yes,Yes,Stayed
15652626,826,France,Male,55,4,"£115,285.85",1,1,0,"£140,126.17",0,46-60,0.82,0,Yes,No,Stayed
15599410,721,France,Male,41,2,£0.00,2,1,0,"£168,219.75",0,31-45,0,0,Yes,No,Stayed
15571958,489,Spain,Male,40,3,"£221,532.80",1,1,0,"£171,867.08",0,31-45,1.29,0,Yes,No,Stayed
15785406,446,France,Female,51,4,"£105,056.13",1,0,0,"£70,613.52",0,46-60,1.49,0,No,No,Stayed
15687884,677,France,Male,37,3,"£88,363.03",1,0,1,"£117,946.30",0,31-45,0.75,0,No,Yes,Stayed
15621685,769,France,Male,29,2,"£123,757.52",2,1,0,"£84,872.66",0,18-30,1.46,0,Yes,No,Stayed
15628886,677,Spain,Male,56,5,"£123,959.97",1,1,1,"£60,590.72",1,46-60,2.05,0,Yes,Yes,Churned
15699325,555,Germany,Female,62,10,"£114,822.64",1,0,1,"£8,444.50",0,60+,13.6,0,No,Yes,Stayed
15578369,652,Germany,Female,37,9,"£145,219.30",1,1,0,"£159,132.83",0,31-45,0.91,0,Yes,No,Stayed
15654156,722,Germany,Female,32,5,"£106,807.64",1,1,1,"£76,998.69",0,31-45,1.39,0,Yes,Yes,Stayed
15707199,643,France,Male,36,0,"£148,159.71",1,0,0,"£55,835.66",0,31-45,2.65,0,No,No,Stayed
15671630,796,Germany,Female,40,1,"£99,745.95",1,1,0,"£177,524.19",0,31-45,0.56,0,Yes,No,Stayed
15632079,720,Germany,Female,37,8,"£156,282.79",1,1,0,"£45,985.52",0,31-45,3.4,0,Yes,No,Stayed
15767921,613,France,Male,41,7,£0.00,2,1,0,"£60,297.72",0,31-45,0,0,Yes,No,Stayed
15573599,506,France,Female,57,6,£0.00,2,0,1,"£194,421.12",1,46-60,0,0,No,Yes,Churned
15747208,608,France,Male,50,6,£0.00,1,1,0,"£93,568.77",1,46-60,0,0,Yes,No,Churned
15582762,667,Spain,Male,77,2,£0.00,1,1,1,"£34,702.92",0,60+,0,0,Yes,Yes,Stayed
15772528,750,France,Female,47,7,"£121,376.15",2,1,0,"£54,473.60",1,46-60,2.23,0,Yes,No,Churned
15755798,610,France,Male,33,4,"£111,582.11",1,0,0,"£113,943.17",0,31-45,0.98,0,No,No,Stayed
15788683,588,Germany,Female,34,10,"£129,417.82",1,1,0,"£153,727.32",0,31-45,0.84,0,Yes,No,Stayed
15616922,479,France,Female,26,1,£0.00,2,1,1,"£19,116.97",0,18-30,0,0,Yes,Yes,Stayed
15771855,682,France,Male,37,5,£0.00,2,0,1,"£112,554.68",0,31-45,0,0,No,Yes,Stayed
15601873,677,France,Female,36,7,£0.00,1,1,0,"£47,318.75",0,31-45,0,0,Yes,No,Stayed
15657868,850,Germany,Male,40,6,"£94,607.08",1,1,0,"£36,690.49",0,31-45,2.58,0,Yes,No,Stayed
15711716,580,France,Female,56,1,"£131,368.30",1,1,0,"£106,918.67",1,46-60,1.23,0,Yes,No,Churned
15734246,746,France,Female,21,8,"£166,883.07",2,0,1,"£194,563.65",0,18-30,0.86,0,No,Yes,Stayed
15792151,635,Spain,Female,37,3,£0.00,2,1,0,"£91,086.73",0,31-45,0,0,Yes,No,Stayed
15770159,664,Germany,Male,25,6,"£172,812.72",2,1,1,"£108,008.65",0,18-30,1.6,0,Yes,Yes,Stayed
15747649,558,Germany,Female,36,0,"£126,606.63",2,1,1,"£172,363.52",0,31-45,0.73,0,Yes,Yes,Stayed
15639357,415,France,Male,46,9,"£134,950.19",3,0,0,"£178,587.36",1,46-60,0.76,1,No,No,Churned
15738907,798,France,Female,60,6,"£96,956.10",1,1,0,"£31,907.44",1,46-60,3.04,0,Yes,No,Churned
15663446,792,Germany,Female,29,4,"£107,601.79",1,1,0,"£18,922.18",1,18-30,5.69,0,Yes,No,Churned
15750867,489,Germany,Female,46,8,"£92,060.06",1,1,0,"£147,222.95",1,46-60,0.63,0,Yes,No,Churned
15715939,730,France,Male,33,0,£0.00,2,1,0,"£1,474.79",0,31-45,0,0,Yes,No,Stayed
15763806,773,France,Male,41,4,£0.00,2,1,1,"£24,924.92",0,31-45,0,0,Yes,Yes,Stayed
15637993,711,France,Male,36,9,"£137,688.71",1,1,1,"£46,884.10",0,31-45,2.94,0,Yes,Yes,Stayed
15720338,592,Spain,Male,55,8,"£85,845.43",2,1,1,"£128,918.42",0,46-60,0.67,0,Yes,Yes,Stayed
15627162,695,Germany,Male,27,6,"£125,552.96",1,1,0,"£105,291.26",0,18-30,1.19,0,Yes,No,Stayed
15596710,640,France,Female,33,1,"£167,298.42",1,0,1,"£145,381.65",0,31-45,1.15,0,No,Yes,Stayed
15781678,470,Spain,Male,31,4,"£55,732.92",2,1,1,"£103,792.53",0,31-45,0.54,0,Yes,Yes,Stayed
15634968,789,Germany,Female,37,6,"£110,689.07",1,1,1,"£71,121.04",1,31-45,1.56,0,Yes,Yes,Churned
15609475,604,Spain,Female,39,7,"£98,544.11",1,1,1,"£52,327.57",0,31-45,1.88,0,Yes,Yes,Stayed
15573319,493,Germany,Female,35,8,"£178,317.60",1,0,0,"£197,428.64",0,31-45,0.9,0,No,No,Stayed
15738291,671,France,Female,48,8,"£115,713.84",2,0,0,"£83,210.84",0,46-60,1.39,0,No,No,Stayed
15782456,656,France,Male,46,9,"£143,267.14",2,0,0,"£193,099.43",0,46-60,0.74,0,No,No,Stayed
15794841,739,Spain,Male,19,5,"£89,750.21",1,1,0,"£193,008.52",0,18-30,0.47,0,Yes,No,Stayed
15684696,560,Spain,Female,26,3,"£116,576.45",1,1,0,"£157,567.37",0,18-30,0.74,0,Yes,No,Stayed
15629846,827,Germany,Female,47,8,"£143,001.50",2,1,0,"£108,977.50",0,46-60,1.31,0,Yes,No,Stayed
15674442,681,France,Male,23,7,"£157,761.56",1,0,0,"£147,759.84",0,18-30,1.07,0,No,No,Stayed
15571689,740,France,Female,37,5,£0.00,2,1,1,"£27,528.40",0,31-45,0,0,Yes,Yes,Stayed
15730469,663,Spain,Male,31,4,"£103,430.11",2,0,1,"£36,479.27",0,31-45,2.84,0,No,Yes,Stayed
15809320,845,Spain,Female,52,0,£0.00,1,1,0,"£31,726.76",1,46-60,0,0,Yes,No,Churned
15684367,555,Spain,Male,27,5,£0.00,2,0,0,"£96,398.51",0,18-30,0,0,No,No,Stayed
15793049,680,Germany,Female,48,8,"£115,115.38",1,1,0,"£139,558.60",1,46-60,0.82,0,Yes,No,Churned
15603665,638,Germany,Female,39,0,"£122,501.28",2,1,1,"£95,007.80",0,31-45,1.29,0,Yes,Yes,Stayed
15613623,640,Spain,Male,62,3,£0.00,1,1,1,"£101,663.47",0,60+,0,0,Yes,Yes,Stayed
15569572,778,France,Male,42,6,£0.00,2,1,1,"£106,197.44",0,31-45,0,0,Yes,Yes,Stayed
15698791,679,France,Male,45,3,"£146,758.24",1,1,0,"£48,466.89",0,31-45,3.03,0,Yes,No,Stayed
15626233,593,France,Female,32,3,£0.00,2,1,1,"£151,978.36",0,31-45,0,0,Yes,Yes,Stayed
15607263,788,France,Male,55,3,£0.00,1,0,1,"£13,288.46",1,46-60,0,0,No,Yes,Churned
15610900,770,France,Female,70,9,"£110,738.89",1,1,0,"£22,666.77",1,60+,4.89,0,Yes,No,Churned
15624775,729,France,Male,67,2,"£94,203.80",1,0,1,"£102,391.06",0,60+,0.92,0,No,Yes,Stayed
15691703,545,France,Male,47,8,"£105,792.49",1,0,1,"£67,830.20",1,46-60,1.56,0,No,Yes,Churned
15745355,597,France,Male,41,4,"£153,198.23",1,1,1,"£92,090.36",0,31-45,1.66,0,Yes,Yes,Stayed
15724955,537,France,Male,38,3,£0.00,2,0,0,"£141,023.01",0,31-45,0,0,No,No,Stayed
15628999,732,France,Male,79,10,"£61,811.23",1,1,1,"£104,222.80",0,60+,0.59,0,Yes,Yes,Stayed
15654341,542,France,Male,34,8,"£101,116.06",1,1,0,"£196,395.05",0,31-45,0.51,0,Yes,No,Stayed
15744240,688,Germany,Female,46,0,"£74,458.25",1,0,1,"£6,866.31",0,46-60,10.84,0,No,Yes,Stayed
15632365,542,Germany,Male,33,8,"£142,871.27",2,0,0,"£77,737.86",0,31-45,1.84,0,No,No,Stayed
15729689,754,Germany,Male,35,6,"£98,585.94",2,0,1,"£106,116.84",0,31-45,0.93,0,No,Yes,Stayed
15759284,750,France,Female,37,6,£0.00,1,1,1,"£117,948.00",1,31-45,0,0,Yes,Yes,Churned
15602124,731,France,Male,30,7,£0.00,2,1,1,"£184,581.68",0,18-30,0,0,Yes,Yes,Stayed
15661903,699,France,Female,43,3,"£80,764.03",1,1,0,"£199,378.58",1,31-45,0.41,0,Yes,No,Churned
15664668,534,France,Female,42,9,"£144,801.97",1,0,1,"£12,483.39",1,31-45,11.6,0,No,Yes,Churned
15736431,494,Spain,Male,27,2,£0.00,2,1,0,"£22,404.64",0,18-30,0,0,Yes,No,Stayed
15748639,497,Germany,Male,35,7,"£110,053.62",2,1,1,"£92,887.06",0,31-45,1.18,0,Yes,Yes,Stayed
15628123,632,France,Female,28,5,"£118,890.81",1,0,1,"£145,157.97",0,18-30,0.82,0,No,Yes,Stayed
15602731,724,France,Male,31,5,£0.00,1,1,0,"£134,889.95",1,31-45,0,0,Yes,No,Churned
15794137,751,Germany,Female,37,0,"£151,218.98",1,1,1,"£109,309.29",0,31-45,1.38,0,Yes,Yes,Stayed
15748696,733,France,Male,42,9,"£150,507.21",1,0,1,"£169,964.12",0,31-45,0.89,0,No,Yes,Stayed
15725068,701,Spain,Female,21,9,£0.00,2,1,1,"£26,327.42",0,18-30,0,0,Yes,Yes,Stayed
15807340,525,Germany,Male,33,4,"£131,023.76",2,0,0,"£55,072.93",0,31-45,2.38,0,No,No,Stayed
15586133,666,Germany,Female,44,2,"£122,314.50",1,0,0,"£68,574.88",1,31-45,1.78,0,No,No,Churned
15576185,653,France,Male,29,2,£0.00,2,1,1,"£41,671.81",0,18-30,0,0,Yes,Yes,Stayed
15660809,850,France,Male,28,4,£0.00,2,1,1,"£12,409.01",0,18-30,0,0,Yes,Yes,Stayed
15616666,646,Germany,Female,52,6,"£111,739.40",2,0,1,"£68,367.18",0,46-60,1.63,0,No,Yes,Stayed
15706904,750,France,Male,43,6,"£113,882.31",1,1,1,"£74,564.41",0,31-45,1.53,0,Yes,Yes,Stayed
15606915,764,France,Male,24,7,"£98,148.61",1,1,0,"£26,843.76",0,18-30,3.66,0,Yes,No,Stayed
15749693,658,France,Female,32,9,£0.00,2,1,0,"£156,774.75",0,31-45,0,0,Yes,No,Stayed
15791743,727,France,Male,32,1,"£59,271.82",1,1,1,"£46,019.43",0,31-45,1.29,0,Yes,Yes,Stayed
15796480,687,France,Female,31,2,£0.00,2,0,1,"£145,411.39",0,31-45,0,0,No,Yes,Stayed
15790442,631,Spain,Male,33,2,£0.00,2,1,1,"£158,268.84",0,31-45,0,0,Yes,Yes,Stayed
15609458,797,France,Male,30,10,"£69,413.44",1,1,1,"£74,637.57",0,18-30,0.93,0,Yes,Yes,Stayed
15593897,650,Spain,Male,25,7,"£160,599.06",2,1,1,"£28,391.52",0,18-30,5.66,0,Yes,Yes,Stayed
15604576,850,Spain,Male,22,3,£0.00,1,1,1,"£144,385.54",0,18-30,0,0,Yes,Yes,Stayed
15666270,676,France,Female,40,2,"£147,803.48",1,1,0,"£95,181.06",1,31-45,1.55,0,Yes,No,Churned
15572626,620,Spain,Male,44,8,£0.00,2,1,1,"£15,627.51",0,31-45,0,0,Yes,Yes,Stayed
15727197,576,France,Female,52,9,"£170,228.59",2,0,0,"£148,477.57",1,46-60,1.15,0,No,No,Churned
15714006,482,France,Female,35,2,"£133,111.73",1,0,1,"£79,957.95",0,31-45,1.66,0,No,Yes,Stayed
15642137,695,Spain,Female,39,5,£0.00,2,0,0,"£102,763.69",0,31-45,0,0,No,No,Stayed
15665327,706,France,Male,18,2,"£176,139.50",2,1,0,"£129,654.22",0,18-30,1.36,0,Yes,No,Stayed
15626806,668,France,Female,32,2,£0.00,2,1,1,"£40,652.33",0,31-45,0,0,Yes,Yes,Stayed
15662578,679,Germany,Male,35,1,"£110,245.13",1,1,1,"£178,291.09",0,31-45,0.62,0,Yes,Yes,Stayed
15790829,703,France,Female,45,5,£0.00,2,1,0,"£131,906.44",0,31-45,0,0,Yes,No,Stayed
15654959,670,Spain,Male,67,6,"£158,719.57",1,1,1,"£118,607.40",0,60+,1.34,0,Yes,Yes,Stayed
15760244,590,France,Female,76,5,"£160,979.68",1,0,1,"£13,848.58",0,60+,11.62,0,No,Yes,Stayed
15715394,613,Spain,Male,35,4,"£123,557.65",2,0,1,"£170,903.40",0,31-45,0.72,0,No,Yes,Stayed
15722246,742,France,Female,60,4,£0.00,1,1,1,"£13,161.66",1,46-60,0,0,Yes,Yes,Churned
15609704,608,France,Female,33,4,£0.00,1,1,0,"£79,304.38",1,31-45,0,0,Yes,No,Churned
15757628,571,France,Male,40,10,"£112,896.86",1,1,1,"£121,402.53",0,31-45,0.93,0,Yes,Yes,Stayed
15633586,595,France,Female,39,7,"£120,962.13",1,0,0,"£23,305.01",0,31-45,5.19,0,No,No,Stayed
15565796,745,Germany,Male,48,10,"£96,048.55",1,1,0,"£74,510.65",0,46-60,1.29,0,Yes,No,Stayed
15717935,589,France,Female,21,3,£0.00,2,0,1,"£55,601.44",0,18-30,0,0,No,Yes,Stayed
15577700,749,France,Male,37,10,"£185,063.70",2,1,1,"£134,526.87",0,31-45,1.38,0,Yes,Yes,Stayed
15747345,678,France,Female,22,6,"£118,064.93",2,1,1,"£195,424.01",0,18-30,0.6,0,Yes,Yes,Stayed
15678317,603,France,Male,46,2,£0.00,2,1,1,"£59,563.49",0,46-60,0,0,Yes,Yes,Stayed
15698335,504,France,Female,73,8,£0.00,1,1,1,"£34,595.58",0,60+,0,0,Yes,Yes,Stayed
15768451,739,Germany,Male,40,5,"£149,131.03",3,1,1,"£60,036.99",1,31-45,2.48,1,Yes,Yes,Churned
15753213,604,France,Female,34,7,£0.00,2,1,0,"£193,021.49",0,31-45,0,0,Yes,No,Stayed
15769645,612,France,Female,35,3,£0.00,1,1,1,"£48,108.72",0,31-45,0,0,Yes,Yes,Stayed
15657565,629,Spain,Female,44,6,"£125,512.98",2,0,0,"£79,082.76",0,31-45,1.59,0,No,No,Stayed
15620323,652,Spain,Female,42,3,"£83,492.07",2,1,0,"£37,914.12",0,31-45,2.2,0,Yes,No,Stayed
15679983,565,France,Male,34,7,£0.00,1,0,0,"£74,593.84",0,31-45,0,0,No,No,Stayed
15812616,707,France,Female,49,10,£0.00,1,1,0,"£82,967.97",1,46-60,0,0,Yes,No,Churned
15601796,645,France,Male,30,1,"£125,739.26",1,1,1,"£193,441.23",0,18-30,0.65,0,Yes,Yes,Stayed
15729489,762,Germany,Female,34,8,"£98,592.88",1,0,1,"£191,790.29",1,31-45,0.51,0,No,Yes,Churned
15613216,639,Spain,Female,39,1,"£141,789.15",1,1,0,"£92,455.96",0,31-45,1.53,0,Yes,No,Stayed
15657937,709,Germany,Male,22,0,"£112,949.71",1,0,0,"£155,231.55",0,18-30,0.73,0,No,No,Stayed
15815428,823,France,Male,34,3,"£105,057.33",1,1,0,"£9,217.92",0,31-45,11.4,0,Yes,No,Stayed
15640409,817,Germany,Female,46,0,"£89,087.89",1,0,1,"£87,941.85",1,46-60,1.01,0,No,Yes,Churned
15699492,665,Germany,Female,27,2,"£147,435.96",1,0,0,"£187,508.06",0,18-30,0.79,0,No,No,Stayed
15623536,646,Germany,Male,39,0,"£154,439.86",1,1,0,"£171,519.06",0,31-45,0.9,0,Yes,No,Stayed
15707551,568,France,Male,30,8,"£73,054.37",2,1,1,"£27,012.00",0,18-30,2.7,0,Yes,Yes,Stayed
15577999,850,France,Female,62,1,"£124,678.35",1,1,0,"£70,916.00",1,60+,1.76,0,Yes,No,Churned
15788775,473,Germany,Male,40,8,"£152,576.25",2,1,0,"£73,073.68",0,31-45,2.09,0,Yes,No,Stayed
15758362,731,France,Female,41,9,"£152,243.57",1,1,1,"£88,783.59",0,31-45,1.71,0,Yes,Yes,Stayed
15807961,619,France,Male,25,4,£0.00,1,1,0,"£145,524.36",0,18-30,0,0,Yes,No,Stayed
15710978,715,Germany,Male,42,2,"£88,120.97",2,1,1,"£21,333.22",0,31-45,4.13,0,Yes,Yes,Stayed
15703541,772,Germany,Female,51,9,"£143,930.92",1,0,1,"£46,675.51",1,46-60,3.08,0,No,Yes,Churned
15626474,686,France,Female,31,1,£0.00,2,1,0,"£4,802.25",0,31-45,0,0,Yes,No,Stayed
15608344,749,Germany,Female,29,7,"£137,059.05",3,1,0,"£102,975.72",1,18-30,1.33,1,Yes,No,Churned
15768367,781,France,Female,27,7,"£186,558.55",1,1,1,"£175,071.29",1,18-30,1.07,0,Yes,Yes,Churned
15806210,675,Spain,Male,66,5,"£115,654.47",2,1,1,"£131,970.86",0,60+,0.88,0,Yes,Yes,Stayed
15697702,730,Spain,Male,29,2,£0.00,2,1,0,"£14,174.09",0,18-30,0,0,Yes,No,Stayed
15689152,683,Spain,Male,38,3,"£126,152.84",1,0,0,"£15,378.75",0,31-45,8.2,0,No,No,Stayed
15568573,554,Germany,Female,51,7,"£105,701.91",1,0,1,"£179,797.79",1,46-60,0.59,0,No,Yes,Churned
15689598,722,France,Male,46,6,£0.00,1,1,1,"£93,917.68",1,46-60,0,0,Yes,Yes,Churned
15713374,689,Germany,Male,67,9,"£157,094.78",1,1,1,"£99,490.01",0,60+,1.58,0,Yes,Yes,Stayed
15679733,796,Germany,Male,40,2,"£113,228.38",2,1,1,"£46,415.09",0,31-45,2.44,0,Yes,Yes,Stayed
15759274,447,France,Female,32,10,£0.00,1,1,1,"£151,815.76",0,31-45,0,0,Yes,Yes,Stayed
15607748,498,Germany,Male,37,8,"£108,432.88",2,1,1,"£14,865.05",0,31-45,7.29,0,Yes,Yes,Stayed
15607577,663,Spain,Male,27,8,£0.00,1,1,1,"£188,007.99",0,18-30,0,0,Yes,Yes,Stayed
15813697,498,Germany,Female,44,2,"£120,702.67",2,1,1,"£98,175.74",0,31-45,1.23,0,Yes,Yes,Stayed
15801125,627,France,Female,32,1,£0.00,1,1,0,"£106,851.70",0,31-45,0,0,Yes,No,Stayed
15777855,649,France,Male,45,7,£0.00,2,0,1,"£75,204.21",0,31-45,0,0,No,Yes,Stayed
15635396,738,Germany,Female,29,9,"£139,106.19",1,1,0,"£141,872.05",1,18-30,0.98,0,Yes,No,Churned
15698031,587,Germany,Female,39,6,"£101,851.80",2,1,0,"£7,103.71",0,31-45,14.34,0,Yes,No,Stayed
15678944,655,Germany,Female,32,6,"£130,935.56",1,1,0,"£9,241.83",1,31-45,14.17,0,Yes,No,Churned
15718507,647,Germany,Male,37,3,"£116,509.99",1,1,1,"£149,517.71",1,31-45,0.78,0,Yes,Yes,Churned
15808334,776,Germany,Female,37,1,"£93,124.04",2,1,1,"£196,079.32",0,31-45,0.47,0,Yes,Yes,Stayed
15804709,688,Germany,Male,35,5,"£111,578.18",1,0,0,"£166,165.93",1,31-45,0.67,0,No,No,Churned
15645835,605,France,Male,32,9,£0.00,2,1,1,"£55,724.24",0,31-45,0,0,Yes,Yes,Stayed
15738166,596,France,Female,39,10,"£86,546.29",1,0,1,"£131,768.98",0,31-45,0.66,0,No,Yes,Stayed
15675360,427,France,Male,33,8,£0.00,1,1,1,"£13,858.95",0,31-45,0,0,Yes,Yes,Stayed
15793042,629,France,Male,39,2,"£129,669.32",2,1,0,"£82,774.07",0,31-45,1.57,0,Yes,No,Stayed
15630106,496,Spain,Male,29,2,£0.00,2,1,0,"£55,389.59",0,18-30,0,0,Yes,No,Stayed
15810385,717,Spain,Female,36,2,"£164,557.95",1,0,1,"£82,336.73",0,31-45,2,0,No,Yes,Stayed
15578211,777,France,Male,23,6,£0.00,2,1,1,"£163,225.48",0,18-30,0,0,Yes,Yes,Stayed
15572792,535,Spain,Male,35,8,"£118,989.92",1,1,1,"£135,536.72",0,31-45,0.88,0,Yes,Yes,Stayed
15620030,744,France,Male,29,1,£0.00,1,0,0,"£82,422.97",0,18-30,0,0,No,No,Stayed
15783541,755,France,Male,31,5,£0.00,2,0,1,"£194,660.78",0,31-45,0,0,No,Yes,Stayed
15679284,593,Spain,Female,45,6,"£79,259.75",1,1,0,"£55,347.28",0,31-45,1.43,0,Yes,No,Stayed
15582910,514,France,Male,38,4,"£112,230.38",1,1,0,"£16,717.11",1,31-45,6.71,0,Yes,No,Churned
15688337,721,France,Male,40,9,"£118,129.87",1,1,1,"£160,277.65",0,31-45,0.74,0,Yes,Yes,Stayed
15734970,835,Spain,Male,38,7,"£86,824.09",1,0,0,"£175,905.97",0,31-45,0.49,0,No,No,Stayed
15759140,682,France,Female,64,10,"£128,306.70",1,0,1,"£66,040.83",0,60+,1.94,0,No,Yes,Stayed
15643042,590,Germany,Female,40,2,"£117,641.43",2,0,0,"£92,198.05",0,31-45,1.28,0,No,No,Stayed
15773868,653,Germany,Female,37,3,"£125,734.20",2,1,0,"£134,625.09",1,31-45,0.93,0,Yes,No,Churned
15615820,837,France,Male,49,8,"£103,302.37",1,1,1,"£50,974.57",0,46-60,2.03,0,Yes,Yes,Stayed
15730273,841,France,Male,27,8,£0.00,1,1,0,"£171,922.72",0,18-30,0,0,Yes,No,Stayed
15724890,584,Spain,Male,36,4,"£82,696.09",2,0,0,"£83,058.14",0,31-45,1,0,No,No,Stayed
15765952,769,France,Male,29,4,"£145,471.37",1,1,0,"£188,382.77",0,18-30,0.77,0,Yes,No,Stayed
15685920,599,Spain,Male,34,2,"£101,506.66",1,0,0,"£198,030.24",0,31-45,0.51,0,No,No,Stayed
15663263,698,France,Male,47,5,"£156,265.31",2,0,0,"£1,055.66",0,46-60,148.03,0,No,No,Stayed
15568953,477,France,Male,27,1,"£128,554.98",1,1,1,"£133,173.19",0,18-30,0.97,0,Yes,Yes,Stayed
15643361,477,Germany,Male,34,8,"£139,959.55",2,1,1,"£189,875.83",0,31-45,0.74,0,Yes,Yes,Stayed
15699486,745,Spain,Male,34,7,"£132,944.53",1,1,1,"£31,802.92",0,31-45,4.18,0,Yes,Yes,Stayed
15747854,749,France,Female,35,3,£0.00,3,1,1,"£132,649.85",0,31-45,0,1,Yes,Yes,Stayed
15691785,850,France,Male,61,1,£0.00,1,1,0,"£53,067.83",1,60+,0,0,Yes,No,Churned
15709004,528,Germany,Male,22,5,"£93,547.23",2,0,1,£961.57,0,18-30,97.29,0,No,Yes,Stayed
15652218,750,France,Male,33,2,"£152,302.72",1,1,0,"£71,333.44",0,31-45,2.14,0,Yes,No,Stayed
15697127,543,France,Female,31,2,"£147,674.26",1,1,1,"£16,658.76",0,31-45,8.86,0,Yes,Yes,Stayed
15658486,579,Spain,Female,59,3,"£148,021.12",1,1,1,"£74,878.22",0,46-60,1.98,0,Yes,Yes,Stayed
15694160,624,France,Male,37,0,£0.00,2,0,0,"£112,104.55",0,31-45,0,0,No,No,Stayed
15685290,595,Germany,Male,46,5,"£142,360.62",2,1,0,"£48,421.40",1,46-60,2.94,0,Yes,No,Churned
15701042,596,Germany,Female,27,2,"£151,027.56",1,1,0,"£170,320.58",0,18-30,0.89,0,Yes,No,Stayed
15680449,431,Germany,Female,44,2,"£138,843.70",1,1,0,"£37,688.31",1,31-45,3.68,0,Yes,No,Churned
15599860,647,Spain,Female,26,8,"£109,958.15",1,1,1,"£136,592.24",1,18-30,0.81,0,Yes,Yes,Churned
15723169,640,France,Female,31,9,"£138,857.59",1,1,0,"£48,640.77",0,31-45,2.85,0,Yes,No,Stayed
15803842,752,Germany,Female,45,3,"£105,426.50",2,0,1,"£89,773.45",0,31-45,1.17,0,No,Yes,Stayed
15728224,710,Germany,Female,41,9,"£149,155.53",2,1,0,"£42,131.26",1,31-45,3.54,0,Yes,No,Churned
15644174,638,Germany,Male,27,4,"£135,096.05",1,1,1,"£186,523.72",1,18-30,0.72,0,Yes,Yes,Churned
15707110,660,Germany,Male,28,2,"£170,890.05",2,1,0,"£41,758.90",0,18-30,4.09,0,Yes,No,Stayed
15765415,609,Spain,Female,45,4,"£89,122.30",1,1,1,"£199,256.98",0,31-45,0.45,0,Yes,Yes,Stayed
15756751,596,Spain,Female,54,0,"£78,126.28",1,1,1,"£153,482.91",1,46-60,0.51,0,Yes,Yes,Churned
15795151,705,France,Female,38,3,"£123,894.43",1,1,0,"£21,177.10",0,31-45,5.85,0,Yes,No,Stayed
15632859,444,France,Male,36,7,£0.00,2,0,1,"£138,743.86",0,31-45,0,0,No,Yes,Stayed
15584037,727,Germany,Male,58,5,"£106,913.43",1,1,0,"£25,881.00",1,46-60,4.13,0,Yes,No,Churned
15621409,496,France,Male,32,4,"£127,845.83",1,1,0,"£66,469.20",0,31-45,1.92,0,Yes,No,Stayed
15581102,554,France,Female,22,8,£0.00,2,0,1,"£142,670.61",0,18-30,0,0,No,Yes,Stayed
15578096,537,France,Male,26,7,"£106,397.75",1,0,0,"£103,563.23",0,18-30,1.03,0,No,No,Stayed
15669887,839,France,Female,51,3,£0.00,1,1,1,"£69,101.23",1,46-60,0,0,Yes,Yes,Churned
15621834,700,Spain,Female,43,0,£0.00,2,1,0,"£59,475.35",0,31-45,0,0,Yes,No,Stayed
15655341,458,Spain,Female,35,5,"£166,492.48",1,1,0,"£135,287.74",0,31-45,1.23,0,Yes,No,Stayed
15685314,850,France,Female,28,2,£0.00,2,1,1,"£38,773.74",0,18-30,0,0,Yes,Yes,Stayed
15653997,699,Spain,Male,31,6,"£114,493.68",1,0,0,"£138,396.32",0,31-45,0.83,0,No,No,Stayed
15629551,615,Germany,Female,44,9,"£126,104.98",2,0,1,"£110,718.02",0,31-45,1.14,0,No,Yes,Stayed
15651264,850,Germany,Male,51,4,"£124,425.99",1,0,0,"£118,545.49",1,46-60,1.05,0,No,No,Churned
15760825,604,France,Female,40,1,£0.00,2,1,0,"£123,207.17",0,31-45,0,0,Yes,No,Stayed
15597394,668,Spain,Male,34,0,£0.00,1,0,0,"£99,984.86",0,31-45,0,0,No,No,Stayed
15740383,594,Spain,Female,38,10,£0.00,2,1,0,"£58,332.91",0,31-45,0,0,Yes,No,Stayed
15670562,470,France,Male,30,3,"£101,140.76",1,1,1,"£50,906.65",0,18-30,1.99,0,Yes,Yes,Stayed
15698117,701,Germany,Male,41,0,"£150,844.94",1,0,1,"£127,623.36",0,31-45,1.18,0,No,Yes,Stayed
15694805,664,Spain,Male,35,1,"£115,024.50",1,0,1,"£169,665.79",0,31-45,0.68,0,No,Yes,Stayed
15746802,477,France,Female,30,6,"£131,286.46",1,1,0,"£194,144.45",0,18-30,0.68,0,Yes,No,Stayed
15589428,756,France,Female,42,9,£0.00,2,1,0,"£35,673.42",0,31-45,0,0,Yes,No,Stayed
15790267,625,France,Female,40,7,"£141,267.67",1,0,1,"£177,397.49",0,31-45,0.8,0,No,Yes,Stayed
15665402,703,Spain,Male,73,5,"£137,761.55",1,1,1,"£159,677.46",0,60+,0.86,0,Yes,Yes,Stayed
15642093,646,France,Male,30,7,£0.00,2,1,0,"£153,566.97",0,18-30,0,0,Yes,No,Stayed
15666181,650,France,Male,33,0,"£98,064.97",1,1,0,"£52,411.99",0,31-45,1.87,0,Yes,No,Stayed
15602554,664,France,Female,31,9,"£114,519.57",2,0,1,"£79,222.02",0,31-45,1.45,0,No,Yes,Stayed
15724251,682,Germany,Female,29,6,"£101,012.77",1,0,0,"£32,589.89",1,18-30,3.1,0,No,No,Churned
15740147,725,France,Female,44,10,£0.00,1,0,1,"£93,777.61",0,31-45,0,0,No,Yes,Stayed
15718289,553,Germany,Male,46,3,"£82,291.10",1,1,0,"£112,549.99",1,46-60,0.73,0,Yes,No,Churned
15763148,576,France,Male,39,9,"£84,719.98",1,0,0,"£191,063.36",0,31-45,0.44,0,No,No,Stayed
15685245,608,Spain,Female,56,5,£0.00,2,0,1,"£153,810.41",0,46-60,0,0,No,Yes,Stayed
15626985,850,France,Female,39,0,"£104,386.53",1,1,0,"£105,886.77",0,31-45,0.99,0,Yes,No,Stayed
15585823,627,France,Male,31,8,"£128,131.73",1,1,0,"£96,131.47",0,31-45,1.33,0,Yes,No,Stayed
15728167,667,France,Male,44,2,"£122,806.95",1,0,0,"£15,120.86",0,31-45,8.12,0,No,No,Stayed
15762928,548,Spain,Male,44,8,£0.00,1,1,0,"£16,989.77",0,31-45,0,0,Yes,No,Stayed
15751774,774,France,Male,76,4,"£112,510.89",1,1,1,"£143,133.18",0,60+,0.79,0,Yes,Yes,Stayed
15654733,794,Germany,Male,57,3,"£117,056.46",1,1,0,"£93,336.93",1,46-60,1.25,0,Yes,No,Churned
15809777,497,Germany,Female,55,7,"£131,778.66",1,1,1,"£9,972.64",0,46-60,13.21,0,Yes,Yes,Stayed
15744200,587,France,Female,36,1,"£70,784.27",1,1,0,"£30,579.82",0,31-45,2.31,0,Yes,No,Stayed
15720713,850,France,Female,29,10,£0.00,2,1,1,"£199,775.67",0,18-30,0,0,Yes,Yes,Stayed
15695356,722,France,Male,46,5,£0.00,2,1,0,"£179,908.71",0,46-60,0,0,Yes,No,Stayed
15653315,555,Spain,Female,35,1,£0.00,2,1,0,"£101,667.00",0,31-45,0,0,Yes,No,Stayed
15604792,609,Germany,Male,38,6,"£140,752.06",2,0,1,"£171,430.16",0,31-45,0.82,0,No,Yes,Stayed
15704819,734,Spain,Female,39,6,"£92,126.26",2,0,0,"£112,973.34",0,31-45,0.82,0,No,No,Stayed
15670859,718,Germany,Female,39,7,"£93,148.74",2,1,1,"£190,746.38",0,31-45,0.49,0,Yes,Yes,Stayed
15602797,645,Spain,Female,49,5,"£110,132.55",3,0,1,"£187,689.91",1,46-60,0.59,1,No,Yes,Churned
15662533,598,Spain,Female,23,6,£0.00,2,1,0,"£153,229.19",0,18-30,0,0,Yes,No,Stayed
15778154,628,Germany,Male,50,4,"£122,227.71",1,0,1,"£14,217.77",1,46-60,8.6,0,No,Yes,Churned
15806230,629,Germany,Male,40,2,"£121,647.54",2,1,1,"£64,849.74",1,31-45,1.88,0,Yes,Yes,Churned
15662884,739,Germany,Male,58,1,"£110,597.76",1,0,1,"£160,122.66",1,46-60,0.69,0,No,Yes,Churned
15750778,653,France,Female,60,2,"£120,731.39",4,1,1,"£138,160.11",1,46-60,0.87,1,Yes,Yes,Churned
15717185,711,France,Male,28,8,£0.00,2,1,1,"£64,286.39",0,18-30,0,0,Yes,Yes,Stayed
15677804,783,Spain,Male,38,1,£0.00,3,1,1,"£80,178.54",1,31-45,0,1,Yes,Yes,Churned
15568915,681,France,Male,38,6,"£153,722.47",1,1,0,"£101,319.76",0,31-45,1.52,0,Yes,No,Stayed
15736495,712,France,Male,34,8,"£114,088.32",1,1,0,"£92,794.61",0,31-45,1.23,0,Yes,No,Stayed
15737354,554,France,Female,48,7,£0.00,2,1,1,"£63,708.07",0,46-60,0,0,Yes,Yes,Stayed
15667889,611,France,Female,37,6,£0.00,2,1,0,"£110,782.88",0,31-45,0,0,Yes,No,Stayed
15577831,560,Germany,Male,41,4,"£152,532.30",1,0,0,"£10,779.69",0,31-45,14.15,0,No,No,Stayed
15729836,646,Spain,Male,32,1,£0.00,2,1,0,"£183,289.22",0,31-45,0,0,Yes,No,Stayed
15775293,680,France,Male,34,3,"£143,292.95",1,1,0,"£66,526.01",0,31-45,2.15,0,Yes,No,Stayed
15697597,631,France,Male,26,1,"£149,144.61",1,0,1,"£123,697.95",0,18-30,1.21,0,No,Yes,Stayed
15639669,746,France,Male,36,9,"£127,157.04",1,1,1,"£155,700.15",0,31-45,0.82,0,Yes,Yes,Stayed
15631392,654,Germany,Male,43,9,"£84,673.17",2,0,1,"£82,081.35",0,31-45,1.03,0,No,Yes,Stayed
15580935,687,Germany,Male,33,9,"£135,962.40",2,1,0,"£121,747.96",0,31-45,1.12,0,Yes,No,Stayed
15590344,708,Germany,Male,32,3,"£151,691.44",2,1,1,"£172,810.51",0,31-45,0.88,0,Yes,Yes,Stayed
15653306,679,Germany,Female,32,0,"£88,335.05",1,0,0,"£159,584.81",0,31-45,0.55,0,No,No,Stayed
15805025,636,France,Female,45,7,"£139,859.23",1,1,1,"£108,402.54",0,31-45,1.29,0,Yes,Yes,Stayed
15658449,695,France,Male,45,9,"£43,134.65",1,0,1,"£77,330.35",0,31-45,0.56,0,No,Yes,Stayed
15694450,677,France,Male,42,5,"£99,580.13",1,1,0,"£21,007.96",0,31-45,4.74,0,Yes,No,Stayed
15605666,720,France,Female,34,6,"£110,717.38",1,1,1,"£9,398.45",0,31-45,11.78,0,Yes,Yes,Stayed
15615126,780,France,Female,37,3,£0.00,2,0,0,"£182,156.81",1,31-45,0,0,No,No,Churned
15726588,653,Spain,Female,36,3,£0.00,2,0,0,"£110,525.60",0,31-45,0,0,No,No,Stayed
15645095,674,France,Female,28,3,£0.00,1,1,0,"£51,536.99",0,18-30,0,0,Yes,No,Stayed
15808960,620,Germany,Male,40,5,"£108,197.11",2,1,0,"£49,722.34",0,31-45,2.18,0,Yes,No,Stayed
15729435,623,France,Male,40,6,£0.00,2,1,1,"£66,119.07",0,31-45,0,0,Yes,Yes,Stayed
15656840,547,France,Female,29,6,"£104,450.86",1,1,1,"£37,160.28",0,18-30,2.81,0,Yes,Yes,Stayed
15659149,530,France,Male,39,2,£0.00,2,1,0,"£197,923.05",0,31-45,0,0,Yes,No,Stayed
15585490,746,France,Female,34,4,£0.00,1,0,1,"£65,166.60",0,31-45,0,0,No,Yes,Stayed
15674929,512,France,Female,31,7,£0.00,2,0,0,"£49,326.07",0,31-45,0,0,No,No,Stayed
15746341,630,France,Male,40,8,£0.00,2,1,1,"£42,495.81",0,31-45,0,0,Yes,Yes,Stayed
15662091,570,Spain,Male,21,7,"£116,099.82",1,1,1,"£148,087.62",0,18-30,0.78,0,Yes,Yes,Stayed
15620123,605,France,Male,39,6,"£111,169.91",1,0,0,"£9,641.40",0,31-45,11.53,0,No,No,Stayed
15616240,530,Spain,Male,37,4,£0.00,2,1,1,"£164,844.37",0,31-45,0,0,Yes,Yes,Stayed
15624186,813,Germany,Female,25,5,"£123,616.43",1,0,1,"£132,959.33",0,18-30,0.93,0,No,Yes,Stayed
15605036,704,Spain,Female,37,9,"£155,619.58",1,1,1,"£135,088.58",0,31-45,1.15,0,Yes,Yes,Stayed
15805151,565,Germany,Male,31,2,"£89,558.39",2,1,1,"£4,441.54",0,31-45,20.16,0,Yes,Yes,Stayed
15753847,645,Spain,Male,45,4,£0.00,1,0,1,"£174,916.85",1,31-45,0,0,No,Yes,Churned
15653222,526,Germany,Female,32,6,"£131,938.92",2,1,1,"£1,795.93",0,31-45,73.47,0,Yes,Yes,Stayed
15757541,778,France,Female,33,9,"£151,772.63",2,0,0,"£180,249.94",1,31-45,0.84,0,No,No,Churned
15726945,677,France,Female,72,8,£0.00,2,1,1,"£153,604.44",0,60+,0,0,Yes,Yes,Stayed
15794276,588,France,Female,64,3,£0.00,1,1,1,"£189,703.65",0,60+,0,0,Yes,Yes,Stayed
15568328,488,France,Female,22,6,£0.00,2,1,1,"£66,393.89",0,18-30,0,0,Yes,Yes,Stayed
15604355,519,France,Male,39,1,"£97,700.02",1,1,1,"£30,709.03",0,31-45,3.18,0,Yes,Yes,Stayed
15735788,709,France,Male,31,6,£0.00,2,1,1,"£71,009.84",0,31-45,0,0,Yes,Yes,Stayed
15618255,642,Germany,Female,56,6,"£103,244.86",2,1,0,"£143,049.72",1,46-60,0.72,0,Yes,No,Churned
15720941,710,Germany,Male,34,8,"£147,833.30",2,0,1,"£1,561.58",0,31-45,94.67,0,No,Yes,Stayed
15769110,653,France,Female,46,5,£0.00,2,1,0,"£49,707.85",0,46-60,0,0,Yes,No,Stayed
15576094,743,France,Male,71,0,£0.00,2,0,1,"£29,837.65",0,60+,0,0,No,Yes,Stayed
15756150,418,France,Female,39,2,£0.00,2,0,0,"£9,041.71",0,31-45,0,0,No,No,Stayed
15719579,670,Germany,Female,33,9,"£84,521.48",2,0,1,"£198,017.05",0,31-45,0.43,0,No,Yes,Stayed
15748854,723,Germany,Female,28,5,"£91,938.31",1,1,0,"£143,481.85",0,18-30,0.64,0,Yes,No,Stayed
15612455,549,Germany,Male,45,6,"£124,240.93",1,1,1,"£146,372.51",0,31-45,0.85,0,Yes,Yes,Stayed
15664802,543,France,Female,42,5,£0.00,2,0,0,"£101,905.34",0,31-45,0,0,No,No,Stayed
15735687,595,Spain,Male,37,2,"£157,084.99",1,1,0,"£134,767.13",0,31-45,1.17,0,Yes,No,Stayed
15664734,673,Germany,Female,25,3,"£108,244.82",2,1,1,"£103,573.96",0,18-30,1.05,0,Yes,Yes,Stayed
15767894,741,France,Female,21,9,£0.00,2,0,1,"£139,259.54",0,18-30,0,0,No,Yes,Stayed
15666884,508,Germany,Female,41,5,"£82,161.70",2,1,0,"£187,776.49",0,31-45,0.44,0,Yes,No,Stayed
15750156,662,Germany,Male,59,2,"£104,568.41",1,1,0,"£8,059.44",1,46-60,12.97,0,Yes,No,Churned
15751120,752,France,Female,36,2,"£119,912.46",1,1,0,"£124,354.92",0,31-45,0.96,0,Yes,No,Stayed
15575748,809,France,Male,36,9,"£68,881.59",2,0,1,"£109,135.11",0,31-45,0.63,0,No,Yes,Stayed
15714610,575,Spain,Male,30,2,£0.00,2,1,1,"£82,222.86",0,18-30,0,0,Yes,Yes,Stayed
15720305,591,Spain,Female,40,1,"£86,376.29",1,0,1,"£136,767.16",1,31-45,0.63,0,No,Yes,Churned
15678129,643,Spain,Female,45,9,"£150,840.03",2,1,0,"£155,516.35",0,31-45,0.97,0,Yes,No,Stayed
15566633,698,Germany,Male,55,8,"£155,059.10",2,1,1,"£144,584.29",0,46-60,1.07,0,Yes,Yes,Stayed
15680436,496,France,Female,29,4,£0.00,2,1,0,"£164,806.89",0,18-30,0,0,Yes,No,Stayed
15674343,597,France,Male,44,8,"£78,128.13",2,0,1,"£109,153.04",0,31-45,0.72,0,No,Yes,Stayed
15658890,603,Germany,Male,46,4,"£98,899.76",2,1,1,"£86,190.34",0,46-60,1.15,0,Yes,Yes,Stayed
15599004,655,Spain,Male,37,1,£0.00,1,1,1,"£106,040.97",0,31-45,0,0,Yes,Yes,Stayed
15726487,431,France,Male,63,6,"£160,982.89",1,1,1,"£168,008.17",0,60+,0.96,0,Yes,Yes,Stayed
15698716,620,France,Female,70,3,"£87,926.24",2,1,0,"£33,350.26",1,60+,2.64,0,Yes,No,Churned
15710527,782,France,Female,35,4,£0.00,1,1,1,"£119,565.34",0,31-45,0,0,Yes,Yes,Stayed
15655590,581,Spain,Male,46,2,"£79,385.21",2,0,0,"£188,492.82",0,46-60,0.42,0,No,No,Stayed
15732266,553,Germany,Male,53,5,"£127,997.83",1,1,0,"£165,378.66",1,46-60,0.77,0,Yes,No,Churned
15669326,658,France,Male,44,2,"£168,396.34",1,1,1,"£14,178.73",0,31-45,11.88,0,Yes,Yes,Stayed
15672246,686,Germany,Male,43,2,"£134,896.03",1,1,1,"£97,847.05",0,31-45,1.38,0,Yes,Yes,Stayed
15620276,539,Spain,Male,36,6,£0.00,3,1,1,"£118,959.64",0,31-45,0,1,Yes,Yes,Stayed
15640258,685,France,Female,50,6,"£94,238.75",2,1,1,"£50,664.07",1,46-60,1.86,0,Yes,Yes,Churned
15740283,850,France,Male,29,1,£0.00,2,0,0,"£152,996.89",0,18-30,0,0,No,No,Stayed
15759717,763,Spain,Female,39,7,£0.00,2,1,0,"£19,458.75",0,31-45,0,0,Yes,No,Stayed
15620268,634,Germany,Male,43,3,"£212,696.32",1,1,0,"£115,268.86",0,31-45,1.85,0,Yes,No,Stayed
15743871,567,France,Male,59,3,£0.00,2,1,0,"£25,843.70",1,46-60,0,0,Yes,No,Churned
15614491,539,France,Male,39,3,"£139,153.68",2,1,0,"£147,662.33",0,31-45,0.94,0,Yes,No,Stayed
15595047,764,France,Male,41,7,£0.00,2,0,0,"£134,878.34",0,31-45,0,0,No,No,Stayed
15732334,653,France,Female,40,0,£0.00,2,1,0,"£35,795.85",0,31-45,0,0,Yes,No,Stayed
15701206,566,Spain,Male,44,5,£0.00,2,1,0,"£66,462.79",0,31-45,0,0,Yes,No,Stayed
15581280,714,Germany,Male,29,6,"£92,887.13",1,1,1,"£69,578.49",0,18-30,1.33,0,Yes,Yes,Stayed
15651943,580,Spain,Female,65,1,£0.00,2,0,1,"£103,182.46",0,60+,0,0,No,Yes,Stayed
15609545,548,France,Male,29,5,"£83,442.98",1,0,1,"£177,017.39",0,18-30,0.47,0,No,Yes,Stayed
15658548,646,Germany,Female,36,6,"£144,773.29",2,1,0,"£53,217.30",0,31-45,2.72,0,Yes,No,Stayed
15626008,622,Germany,Female,52,9,"£111,973.97",1,1,1,"£162,756.29",1,46-60,0.69,0,Yes,Yes,Churned
15774133,706,France,Female,35,8,"£178,032.53",1,0,1,"£42,181.68",0,31-45,4.22,0,No,Yes,Stayed
15763798,680,France,Male,23,5,"£140,007.19",1,0,1,"£31,714.08",0,18-30,4.41,0,No,Yes,Stayed
15758013,698,France,Male,37,5,"£98,400.61",2,0,0,"£25,017.28",0,31-45,3.93,0,No,No,Stayed
15705765,581,Spain,Female,46,1,£0.00,2,1,0,"£104,272.04",0,46-60,0,0,Yes,No,Stayed
15648362,728,Germany,Male,45,3,"£108,924.33",2,1,0,"£84,300.40",1,31-45,1.29,0,Yes,No,Churned
15761102,707,Spain,Female,32,4,"£132,835.56",1,0,0,"£136,877.24",0,31-45,0.97,0,No,No,Stayed
15610165,761,France,Female,26,1,£0.00,2,1,1,"£199,409.19",0,18-30,0,0,Yes,Yes,Stayed
15723717,483,Germany,Male,41,1,"£118,334.44",1,0,0,"£163,147.99",1,31-45,0.73,0,No,No,Churned
15654611,736,Germany,Female,25,9,"£81,732.88",2,1,0,"£136,497.28",0,18-30,0.6,0,Yes,No,Stayed
15659736,716,Germany,Male,66,5,"£121,411.90",1,0,0,"£10,070.40",1,60+,12.06,0,No,No,Churned
15603170,654,France,Male,32,9,"£121,455.65",1,1,0,"£190,068.53",1,31-45,0.64,0,Yes,No,Churned
15786167,649,Spain,Male,20,5,£0.00,2,1,1,"£58,309.54",0,18-30,0,0,Yes,Yes,Stayed
15671915,649,France,Male,46,5,£0.00,2,1,1,"£76,946.60",0,46-60,0,0,Yes,Yes,Stayed
15794792,612,France,Female,31,8,"£117,989.76",1,1,1,"£54,129.86",0,31-45,2.18,0,Yes,Yes,Stayed
15652789,657,Spain,Male,40,10,£0.00,2,1,1,"£52,990.70",0,31-45,0,0,Yes,Yes,Stayed
15739168,511,France,Female,31,5,"£137,411.29",1,0,1,"£161,854.98",0,31-45,0.85,0,No,Yes,Stayed
15719950,682,France,Male,61,10,"£73,688.20",1,1,1,"£172,141.33",0,60+,0.43,0,Yes,Yes,Stayed
15743818,748,Spain,Male,58,9,"£122,330.70",2,0,1,"£124,429.19",0,46-60,0.98,0,No,Yes,Stayed
15717937,554,Germany,Male,43,5,"£99,906.89",1,0,0,"£24,983.39",0,31-45,4,0,No,No,Stayed
15602841,794,Spain,Female,28,5,£0.00,2,0,1,"£86,699.98",0,18-30,0,0,No,Yes,Stayed
15619972,807,France,Female,47,9,"£167,664.83",1,0,0,"£125,440.11",1,46-60,1.34,0,No,No,Churned
15796114,594,France,Female,34,7,"£141,525.55",1,0,0,"£9,443.15",0,31-45,14.99,0,No,No,Stayed
15633546,652,Spain,Female,33,3,"£124,832.51",1,1,0,"£195,877.06",0,31-45,0.64,0,Yes,No,Stayed
15758755,729,France,Female,34,9,"£132,121.71",1,0,1,"£105,409.31",0,31-45,1.25,0,No,Yes,Stayed
15695168,625,France,Male,39,2,£0.00,2,1,0,"£100,403.05",0,31-45,0,0,Yes,No,Stayed
15754342,597,Germany,Female,60,0,"£78,539.84",1,0,1,"£48,502.88",0,46-60,1.62,0,No,Yes,Stayed
15756610,657,Germany,Female,38,5,"£123,770.46",1,0,0,"£47,019.66",1,31-45,2.63,0,No,No,Churned
15640917,633,France,Male,43,5,£0.00,2,1,1,"£48,249.88",0,31-45,0,0,Yes,Yes,Stayed
15663164,663,Germany,Male,49,7,"£116,150.65",3,1,1,"£84,358.71",1,46-60,1.38,1,Yes,Yes,Churned
15616811,535,France,Male,47,0,"£160,729.10",1,0,1,"£145,986.35",0,46-60,1.1,0,No,Yes,Stayed
15610781,702,France,Female,29,10,"£88,378.60",1,1,0,"£88,550.28",0,18-30,1,0,Yes,No,Stayed
15600911,712,France,Male,33,2,"£182,888.08",1,1,0,"£3,061.00",0,31-45,59.75,0,Yes,No,Stayed
15629603,607,France,Male,31,8,£0.00,2,1,1,"£43,196.50",0,31-45,0,0,Yes,Yes,Stayed
15714981,476,France,Male,37,4,£0.00,1,1,1,"£55,775.84",1,31-45,0,0,Yes,Yes,Churned
15775892,748,Spain,Female,23,8,"£85,600.08",1,0,0,"£134,077.71",0,18-30,0.64,0,No,No,Stayed
15782778,815,France,Male,35,4,£0.00,2,0,1,"£198,490.33",0,31-45,0,0,No,Yes,Stayed
15786643,602,France,Male,32,10,£0.00,2,1,1,"£116,052.92",0,31-45,0,0,Yes,Yes,Stayed
15595657,649,Germany,Male,40,4,"£95,001.33",1,0,1,"£123,202.99",0,31-45,0.77,0,No,Yes,Stayed
15743673,551,Spain,Male,27,2,"£113,873.22",1,1,1,"£85,129.77",1,18-30,1.34,0,Yes,Yes,Churned
15634310,509,France,Male,30,6,£0.00,2,1,0,"£180,598.86",0,18-30,0,0,Yes,No,Stayed
15790809,685,Spain,Male,40,7,"£74,896.92",1,1,0,"£198,694.20",0,31-45,0.38,0,Yes,No,Stayed
15668695,536,France,Female,22,5,"£89,492.62",1,0,0,"£42,934.43",0,18-30,2.08,0,No,No,Stayed
15669281,711,Spain,Male,38,3,"£128,718.78",1,0,0,"£114,793.45",0,31-45,1.12,0,No,No,Stayed
15621031,761,Spain,Male,27,8,£0.00,2,1,0,"£63,297.70",0,18-30,0,0,Yes,No,Stayed
15720071,535,France,Female,49,3,£0.00,1,0,0,"£61,820.41",1,46-60,0,0,No,No,Churned
15792180,566,Germany,Male,22,7,"£144,954.75",2,1,0,"£102,246.00",0,18-30,1.42,0,Yes,No,Stayed
15813894,620,Spain,Male,21,9,£0.00,2,0,0,"£154,882.79",0,18-30,0,0,No,No,Stayed
15669490,837,Germany,Male,37,6,"£94,001.61",2,1,0,"£140,723.05",0,31-45,0.67,0,Yes,No,Stayed
15783030,685,France,Female,40,7,£0.00,1,1,0,"£72,852.74",1,31-45,0,0,Yes,No,Churned
15695792,673,France,Male,65,0,£0.00,1,1,1,"£85,733.33",0,60+,0,0,Yes,Yes,Stayed
15575676,638,France,Male,24,1,£0.00,2,0,1,"£162,597.15",0,18-30,0,0,No,Yes,Stayed
15627665,614,France,Male,46,4,£0.00,1,1,0,"£74,379.57",1,46-60,0,0,Yes,No,Churned
15814092,626,France,Female,44,2,£0.00,1,0,1,"£173,117.22",1,31-45,0,0,No,Yes,Churned
15695225,834,Spain,Male,38,8,£0.00,2,1,1,"£66,485.26",0,31-45,0,0,Yes,Yes,Stayed
15615091,691,France,Male,24,6,£0.00,2,1,1,"£92,811.20",0,18-30,0,0,Yes,Yes,Stayed
15794345,706,Spain,Male,38,8,£0.00,2,0,1,"£46,635.11",0,31-45,0,0,No,Yes,Stayed
15726484,633,France,Male,37,7,"£141,546.35",1,1,1,"£124,830.11",0,31-45,1.13,0,Yes,Yes,Stayed
15650442,644,Germany,Female,32,8,"£141,528.88",1,1,1,"£167,087.34",1,31-45,0.85,0,Yes,Yes,Churned
15714256,666,France,Male,30,7,"£109,805.30",1,0,1,"£163,625.56",0,18-30,0.67,0,No,Yes,Stayed
15778752,708,France,Male,32,10,"£86,614.06",2,1,1,"£172,129.26",0,31-45,0.5,0,Yes,Yes,Stayed
15601659,496,Germany,Female,59,7,"£91,680.10",2,1,0,"£163,141.18",1,46-60,0.56,0,Yes,No,Churned
15602811,730,Germany,Male,38,0,"£38,848.19",2,0,0,"£94,003.11",0,31-45,0.41,0,No,No,Stayed
15779414,696,Spain,Male,40,3,"£153,639.11",1,1,1,"£138,351.68",0,31-45,1.11,0,Yes,Yes,Stayed
15763097,809,Spain,Male,80,8,£0.00,2,0,1,"£34,164.05",0,60+,0,0,No,Yes,Stayed
15633666,701,Spain,Female,33,7,"£123,870.07",1,1,0,"£97,794.71",0,31-45,1.27,0,Yes,No,Stayed
15718789,604,France,Male,30,5,£0.00,2,1,0,"£75,786.55",0,18-30,0,0,Yes,No,Stayed
15690620,665,France,Male,39,10,"£46,323.57",1,1,0,"£136,812.02",0,31-45,0.34,0,Yes,No,Stayed
15737071,639,France,Female,60,5,"£162,039.78",1,1,1,"£84,361.72",1,46-60,1.92,0,Yes,Yes,Churned
15665062,696,France,Male,19,1,"£110,928.51",1,1,1,"£2,766.63",0,18-30,40.1,0,Yes,Yes,Stayed
15600692,520,France,Male,38,5,£0.00,2,1,0,"£163,185.76",0,31-45,0,0,Yes,No,Stayed
15792064,545,Germany,Male,53,5,"£114,421.55",1,1,0,"£180,598.28",1,46-60,0.63,0,Yes,No,Churned
15811486,634,Germany,Female,29,8,"£130,036.21",2,0,1,"£69,849.55",0,18-30,1.86,0,No,Yes,Stayed
15626141,750,France,Female,26,1,"£151,510.17",2,1,1,"£19,921.72",0,18-30,7.61,0,Yes,Yes,Stayed
15738546,530,Spain,Female,41,4,£0.00,2,0,1,"£147,606.71",0,31-45,0,0,No,Yes,Stayed
15677052,589,France,Female,59,2,£0.00,2,1,1,"£126,160.24",1,46-60,0,0,Yes,Yes,Churned
15656454,654,France,Male,37,6,"£83,568.55",1,1,0,"£47,046.72",0,31-45,1.78,0,Yes,No,Stayed
15645496,648,France,Female,43,7,"£139,972.18",1,1,0,"£143,668.58",0,31-45,0.97,0,Yes,No,Stayed
15612505,835,Spain,Male,45,3,"£100,212.13",1,1,0,"£152,577.62",0,31-45,0.66,0,Yes,No,Stayed
15708513,446,France,Female,39,1,"£90,217.07",1,1,0,"£191,350.48",0,31-45,0.47,0,Yes,No,Stayed
15685654,514,Spain,Male,66,9,£0.00,2,1,1,"£14,234.31",0,60+,0,0,Yes,Yes,Stayed
15732307,694,Germany,Male,33,4,"£124,067.32",1,1,1,"£77,906.87",0,31-45,1.59,0,Yes,Yes,Stayed
15726814,554,Spain,Male,46,4,£0.00,2,0,1,"£57,320.92",0,46-60,0,0,No,Yes,Stayed
15653776,720,Germany,Female,57,1,"£162,082.31",4,0,0,"£27,145.73",1,46-60,5.97,1,No,No,Churned
15597914,641,Germany,Female,51,2,"£117,306.69",4,1,1,"£26,912.72",1,46-60,4.36,1,Yes,Yes,Churned
15631603,813,France,Male,32,1,"£122,889.88",1,1,1,"£26,476.18",0,31-45,4.64,0,Yes,Yes,Stayed
15789753,480,France,Male,40,6,"£148,790.61",1,0,1,"£79,329.70",0,31-45,1.88,0,No,Yes,Stayed
15678034,811,France,Male,46,9,"£180,226.24",1,1,0,"£13,464.64",1,46-60,13.39,0,Yes,No,Churned
15690209,715,Germany,Female,32,3,"£104,857.19",2,1,0,"£114,149.80",0,31-45,0.92,0,Yes,No,Stayed
15592091,620,Spain,Male,31,2,"£166,833.86",2,1,1,"£135,171.60",0,31-45,1.23,0,Yes,Yes,Stayed
15647453,721,France,Male,42,4,"£102,936.72",1,0,0,"£1,187.88",0,31-45,86.66,0,No,No,Stayed
15697100,772,Germany,Female,48,6,"£108,736.52",1,1,0,"£184,564.67",1,46-60,0.59,0,Yes,No,Churned
15811290,680,Germany,Male,44,0,"£129,974.79",2,1,1,"£33,391.38",0,31-45,3.89,0,Yes,Yes,Stayed
15629187,535,France,Male,38,8,"£85,982.07",1,1,0,"£9,238.35",0,31-45,9.31,0,Yes,No,Stayed
15758073,655,France,Female,20,7,"£134,397.61",1,0,0,"£28,029.54",0,18-30,4.79,0,No,No,Stayed
15640769,660,France,Male,63,8,"£137,841.53",1,1,1,"£42,790.29",0,60+,3.22,0,Yes,Yes,Stayed
15606641,762,Germany,Male,56,10,"£100,260.88",3,1,1,"£77,142.42",1,46-60,1.3,1,Yes,Yes,Churned
15718280,662,Germany,Male,39,5,"£139,822.11",2,1,1,"£146,219.90",0,31-45,0.96,0,Yes,Yes,Stayed
15764335,463,Germany,Female,41,8,"£123,151.51",2,1,0,"£70,127.93",0,31-45,1.76,0,Yes,No,Stayed
15634218,501,Germany,Male,27,4,"£95,331.83",2,1,0,"£132,104.76",0,18-30,0.72,0,Yes,No,Stayed
15808760,603,Spain,Female,42,6,£0.00,1,1,1,"£90,437.87",0,31-45,0,0,Yes,Yes,Stayed
15648461,688,Spain,Male,37,7,"£138,162.41",2,1,1,"£113,926.31",0,31-45,1.21,0,Yes,Yes,Stayed
15593555,430,France,Male,38,9,£0.00,2,1,1,"£12,050.77",0,31-45,0,0,Yes,Yes,Stayed
15569079,632,Germany,Male,48,6,"£126,066.26",1,1,0,"£64,345.61",1,46-60,1.96,0,Yes,No,Churned
15800736,601,Spain,Female,42,4,"£96,763.89",1,1,1,"£199,242.65",0,31-45,0.49,0,Yes,Yes,Stayed
15792607,769,France,Female,38,2,£0.00,2,0,0,"£75,578.67",0,31-45,0,0,No,No,Stayed
15640034,551,France,Male,42,2,"£139,561.46",1,1,0,"£43,435.43",1,31-45,3.21,0,Yes,No,Churned
15807563,841,France,Female,52,5,£0.00,1,0,0,"£183,239.71",1,46-60,0,0,No,No,Churned
15684461,469,Spain,Female,31,6,£0.00,1,1,0,"£146,213.75",1,31-45,0,0,Yes,No,Churned
15580134,479,Spain,Male,27,2,"£172,463.45",1,1,1,"£40,315.27",0,18-30,4.28,0,Yes,Yes,Stayed
15679075,701,France,Male,37,8,"£107,798.85",1,1,0,"£16,966.73",0,31-45,6.35,0,Yes,No,Stayed
15742504,593,France,Male,36,2,"£70,181.48",2,1,0,"£80,608.12",0,31-45,0.87,0,Yes,No,Stayed
15567328,738,Spain,Male,38,5,"£177,997.07",1,0,1,"£19,233.41",0,31-45,9.25,0,No,Yes,Stayed
15698294,635,Spain,Male,31,1,£0.00,2,1,0,"£135,382.23",0,31-45,0,0,Yes,No,Stayed
15607142,658,France,Male,32,8,£0.00,1,1,1,"£80,410.68",0,31-45,0,0,Yes,Yes,Stayed
15738516,687,Spain,Female,36,5,£0.00,1,1,0,"£17,696.22",0,31-45,0,0,Yes,No,Stayed
15806403,650,France,Male,37,9,£0.00,2,1,0,"£17,974.08",0,31-45,0,0,Yes,No,Stayed
15656707,720,Spain,Male,21,2,"£123,200.78",1,1,1,"£180,712.28",0,18-30,0.68,0,Yes,Yes,Stayed
15653715,602,France,Female,63,7,£0.00,2,1,1,"£56,323.21",0,60+,0,0,Yes,Yes,Stayed
15806184,618,Spain,Male,33,4,£0.00,2,1,1,"£77,550.18",0,31-45,0,0,Yes,Yes,Stayed
15585734,803,Germany,Male,41,9,"£137,742.90",2,1,1,"£166,957.82",0,31-45,0.83,0,Yes,Yes,Stayed
15725639,793,France,Female,63,9,"£116,270.72",1,1,1,"£184,243.25",0,60+,0.63,0,Yes,Yes,Stayed
15618401,616,Germany,Male,41,10,"£113,220.20",2,1,1,"£114,072.91",0,31-45,0.99,0,Yes,Yes,Stayed
15785385,550,Spain,Male,51,5,£0.00,2,1,0,"£153,917.41",0,46-60,0,0,Yes,No,Stayed
15734762,602,France,Female,56,3,"£115,895.22",3,1,0,"£4,176.17",1,46-60,27.75,1,Yes,No,Churned
15767129,452,France,Female,60,6,"£121,730.49",1,1,1,"£142,963.29",0,46-60,0.85,0,Yes,Yes,Stayed
15797204,655,Spain,Female,28,3,"£113,811.85",2,0,1,"£76,844.23",0,18-30,1.48,0,No,Yes,Stayed
15769272,510,France,Female,26,6,"£136,214.08",1,0,0,"£159,742.33",0,18-30,0.85,0,No,No,Stayed
15771966,557,France,Male,39,8,"£146,200.01",1,1,0,"£177,944.64",0,31-45,0.82,0,Yes,No,Stayed
15691952,676,France,Male,37,10,"£106,242.67",1,1,1,"£166,678.28",0,31-45,0.64,0,Yes,Yes,Stayed
15593250,640,France,Female,29,4,£0.00,2,1,0,"£44,904.26",0,18-30,0,0,Yes,No,Stayed
15605333,529,Spain,Male,31,6,£0.00,1,1,0,"£10,625.91",0,31-45,0,0,Yes,No,Stayed
15800083,559,France,Male,45,8,"£24,043.45",1,0,1,"£169,781.45",1,31-45,0.14,0,No,Yes,Churned
15575691,689,France,Female,58,5,£0.00,2,0,1,"£49,848.86",0,46-60,0,0,No,Yes,Stayed
15689886,626,Germany,Male,39,10,"£132,287.92",3,1,1,"£51,467.92",1,31-45,2.57,1,Yes,Yes,Churned
15809838,697,Spain,Male,30,1,£0.00,2,0,0,£735.79,0,18-30,0,0,No,No,Stayed
15736154,823,France,Female,44,1,£0.00,2,0,1,"£182,495.70",0,31-45,0,0,No,Yes,Stayed
15767391,565,Germany,Female,32,4,"£90,322.99",2,0,1,"£118,740.37",0,31-45,0.76,0,No,Yes,Stayed
15704910,631,Spain,Male,23,3,£0.00,2,1,0,"£13,813.24",0,18-30,0,0,Yes,No,Stayed
15656613,646,France,Female,34,3,"£131,283.11",1,0,0,"£130,500.65",0,31-45,1.01,0,No,No,Stayed
15611551,676,Spain,Male,48,1,"£131,659.59",2,0,1,"£14,152.15",0,46-60,9.3,0,No,Yes,Stayed
15732430,850,Spain,Female,54,4,"£120,952.74",1,1,0,"£66,963.15",0,46-60,1.81,0,Yes,No,Stayed
15741865,810,France,Female,38,9,"£153,166.17",1,1,1,"£93,261.69",0,31-45,1.64,0,Yes,Yes,Stayed
15634143,581,Spain,Male,30,0,"£53,291.86",1,0,0,"£196,582.28",0,18-30,0.27,0,No,No,Stayed
15609676,718,France,Female,35,2,"£167,924.95",1,1,0,"£43,024.64",0,31-45,3.9,0,Yes,No,Stayed
15761600,713,France,Male,43,5,"£86,394.14",1,1,1,"£130,001.13",0,31-45,0.66,0,Yes,Yes,Stayed
15676404,672,France,Female,50,1,£0.00,1,1,0,"£12,106.82",1,46-60,0,0,Yes,No,Churned
15659236,781,Spain,Male,33,3,£0.00,2,1,1,"£42,556.33",0,31-45,0,0,Yes,Yes,Stayed
15690440,656,Spain,Male,47,1,£0.00,2,1,1,"£197,961.93",0,46-60,0,0,Yes,Yes,Stayed
15694601,583,France,Female,31,4,"£158,978.79",1,1,0,"£12,538.92",0,31-45,12.68,0,Yes,No,Stayed
15812262,808,Germany,Female,37,2,"£100,431.84",1,1,0,"£35,140.49",1,31-45,2.86,0,Yes,No,Churned
15762821,721,Spain,Male,33,5,£0.00,2,0,1,"£117,626.90",0,31-45,0,0,No,Yes,Stayed
15669301,778,Germany,Female,29,6,"£150,358.97",1,1,0,"£62,454.01",1,18-30,2.41,0,Yes,No,Churned
15672640,850,Spain,Female,45,4,"£114,347.85",2,1,1,"£109,089.04",0,31-45,1.05,0,Yes,Yes,Stayed
15750458,693,France,Female,39,4,£0.00,2,0,1,"£142,331.39",0,31-45,0,0,No,Yes,Stayed
15627251,520,France,Male,34,4,"£134,007.90",1,1,1,"£193,209.11",0,31-45,0.69,0,Yes,Yes,Stayed
15764294,759,Germany,Male,31,4,"£98,899.91",1,1,1,"£47,832.82",0,31-45,2.07,0,Yes,Yes,Stayed
15659962,637,France,Male,60,3,£0.00,2,1,1,"£70,174.03",0,46-60,0,0,Yes,Yes,Stayed
15788536,755,Germany,Male,40,2,"£137,430.82",2,0,0,"£176,768.59",0,31-45,0.78,0,No,No,Stayed
15596979,662,France,Female,47,6,£0.00,2,1,1,"£129,392.75",0,46-60,0,0,Yes,Yes,Stayed
15681220,503,France,Female,37,8,£0.00,2,1,1,"£97,893.32",0,31-45,0,0,Yes,Yes,Stayed
15635097,599,Germany,Male,39,2,"£188,976.89",2,0,1,"£176,142.09",0,31-45,1.07,0,No,Yes,Stayed
15780779,583,Spain,Female,40,4,£0.00,2,1,0,"£114,093.73",0,31-45,0,0,Yes,No,Stayed
15798470,764,Spain,Female,48,1,"£75,990.97",1,1,0,"£158,323.81",1,46-60,0.48,0,Yes,No,Churned
15760880,513,France,Male,29,10,£0.00,2,0,1,"£25,514.77",0,18-30,0,0,No,Yes,Stayed
15616929,730,Spain,Male,62,5,"£112,181.08",1,0,1,"£61,513.87",0,60+,1.82,0,No,Yes,Stayed
15758775,820,Spain,Male,34,10,"£97,208.46",1,1,1,"£59,553.34",0,31-45,1.63,0,Yes,Yes,Stayed
15663386,597,Spain,Female,26,7,£0.00,2,1,0,"£110,253.20",0,18-30,0,0,Yes,No,Stayed
15621267,637,France,Male,32,5,£0.00,1,0,0,"£148,769.08",0,31-45,0,0,No,No,Stayed
15720509,696,France,Male,34,9,"£150,856.79",1,0,1,"£8,236.78",0,31-45,18.32,0,No,Yes,Stayed
15693322,635,Germany,Female,37,9,"£146,748.07",1,0,1,"£11,407.58",0,31-45,12.86,0,No,Yes,Stayed
15589544,673,Spain,Female,57,4,£0.00,2,1,1,"£49,684.09",0,46-60,0,0,Yes,Yes,Stayed
15772030,662,Spain,Male,33,3,£0.00,2,0,1,"£68,064.83",0,31-45,0,0,No,Yes,Stayed
15693337,683,Spain,Male,41,0,"£148,863.17",1,1,1,"£163,911.32",0,31-45,0.91,0,Yes,Yes,Stayed
15676571,850,France,Male,55,6,£0.00,1,1,0,£944.41,1,46-60,0,0,Yes,No,Churned
15701392,815,Spain,Male,28,6,£0.00,2,0,1,"£185,547.71",0,18-30,0,0,No,Yes,Stayed
15741092,671,Spain,Male,34,10,"£153,360.02",1,1,0,"£140,509.86",0,31-45,1.09,0,Yes,No,Stayed
15643865,601,France,Female,40,3,"£92,055.36",1,0,1,"£164,652.02",1,31-45,0.56,0,No,Yes,Churned
15769389,709,Germany,Female,39,9,"£124,723.92",1,1,0,"£73,641.86",0,31-45,1.69,0,Yes,No,Stayed
15807768,702,Germany,Male,28,1,"£103,033.83",1,1,1,"£40,321.87",0,18-30,2.56,0,Yes,Yes,Stayed
15801630,558,France,Male,40,6,£0.00,2,1,0,"£173,844.89",0,31-45,0,0,Yes,No,Stayed
15705034,691,Spain,Male,40,1,£0.00,2,1,1,"£145,613.17",0,31-45,0,0,Yes,Yes,Stayed
15763107,700,France,Female,30,9,£0.00,1,1,1,"£174,971.64",0,18-30,0,0,Yes,Yes,Stayed
15667085,667,France,Male,33,4,£0.00,2,1,1,"£131,834.75",0,31-45,0,0,Yes,Yes,Stayed
15647008,624,Germany,Male,54,3,"£116,726.22",1,1,0,"£110,498.10",1,46-60,1.06,0,Yes,No,Churned
15584505,580,France,Female,23,5,"£113,923.81",2,0,0,"£196,241.43",0,18-30,0.58,0,No,No,Stayed
15748068,571,Spain,Female,31,3,£0.00,2,1,1,"£194,667.92",0,31-45,0,0,Yes,Yes,Stayed
15663964,561,France,Male,37,5,£0.00,2,1,0,"£83,093.25",0,31-45,0,0,Yes,No,Stayed
15782311,529,France,Male,28,9,£0.00,2,1,1,"£52,545.24",0,18-30,0,0,Yes,Yes,Stayed
15588197,670,France,Male,36,7,£0.00,2,0,0,"£59,571.50",0,31-45,0,0,No,No,Stayed
15610105,666,Germany,Female,21,1,"£121,827.43",2,1,1,"£99,818.31",0,18-30,1.22,0,Yes,Yes,Stayed
15606133,628,Spain,Male,42,7,£0.00,2,0,1,"£172,967.87",0,31-45,0,0,No,Yes,Stayed
15599403,577,France,Male,60,10,"£125,389.70",2,1,1,"£178,616.73",0,46-60,0.7,0,Yes,Yes,Stayed
15648225,652,Spain,Female,38,1,"£103,895.31",1,0,1,"£159,649.44",0,31-45,0.65,0,No,Yes,Stayed
15608406,678,France,Male,26,5,"£111,128.04",1,1,0,"£60,941.27",1,18-30,1.82,0,Yes,No,Churned
15633378,692,Spain,Female,49,9,£0.00,2,1,0,"£178,342.63",0,46-60,0,0,Yes,No,Stayed
15664759,675,Spain,Male,32,10,£0.00,2,1,0,"£191,545.65",0,31-45,0,0,Yes,No,Stayed
15625545,712,Spain,Male,52,9,£0.00,1,1,1,"£117,977.45",1,46-60,0,0,Yes,Yes,Churned
15772148,639,Germany,Female,37,5,"£151,242.48",1,0,1,"£49,637.65",0,31-45,3.05,0,No,Yes,Stayed
15810829,618,France,Male,48,7,£0.00,1,1,0,"£13,921.82",1,46-60,0,0,Yes,No,Churned
15731669,554,France,Male,39,2,"£129,709.62",1,1,0,"£173,197.12",0,31-45,0.75,0,Yes,No,Stayed
15738634,533,France,Male,47,9,"£83,347.25",1,1,1,"£137,696.25",0,46-60,0.61,0,Yes,Yes,Stayed
15737571,540,Spain,Female,28,6,"£84,121.04",1,0,1,"£80,698.54",0,18-30,1.04,0,No,Yes,Stayed
15667602,704,Spain,Male,33,3,£0.00,2,1,0,"£73,018.74",0,31-45,0,0,Yes,No,Stayed
15684147,678,France,Male,43,5,"£102,338.19",1,1,1,"£79,649.62",0,31-45,1.28,0,Yes,Yes,Stayed
15789874,712,France,Female,29,3,"£87,375.78",2,0,0,"£166,194.53",0,18-30,0.53,0,No,No,Stayed
15757952,651,France,Male,44,2,£0.00,3,1,0,"£102,530.35",1,31-45,0,1,Yes,No,Churned
15698732,789,Germany,Male,51,3,"£104,677.09",1,1,0,"£74,265.38",0,46-60,1.41,0,Yes,No,Stayed
15714355,775,Germany,Male,32,8,"£121,669.23",1,0,1,"£125,898.39",0,31-45,0.97,0,No,Yes,Stayed
15599090,564,Germany,Male,40,7,"£108,407.34",1,1,1,"£83,681.20",0,31-45,1.3,0,Yes,Yes,Stayed
15762048,841,Germany,Female,33,7,"£154,969.79",2,1,1,"£99,505.75",0,31-45,1.56,0,Yes,Yes,Stayed
15790596,850,Spain,Male,39,0,"£141,829.67",1,1,1,"£92,748.16",0,31-45,1.53,0,Yes,Yes,Stayed
15609623,637,France,Female,63,5,£0.00,1,1,0,"£28,092.77",1,60+,0,0,Yes,No,Churned
15711901,500,France,Male,45,2,"£109,162.82",1,1,1,"£126,145.08",0,31-45,0.87,0,Yes,Yes,Stayed
15779809,655,France,Male,44,8,"£87,471.63",1,0,1,"£188,593.98",0,31-45,0.46,0,No,Yes,Stayed
15729018,666,France,Female,33,2,"£147,229.65",1,1,1,"£56,410.17",0,31-45,2.61,0,Yes,Yes,Stayed
15698246,658,France,Female,24,2,£0.00,2,1,1,"£84,694.49",0,18-30,0,0,Yes,Yes,Stayed
15712409,749,Germany,Male,66,6,"£182,532.23",2,1,1,"£195,429.92",0,60+,0.93,0,Yes,Yes,Stayed
15758306,654,France,Male,32,6,£0.00,2,1,1,"£137,898.57",0,31-45,0,0,Yes,Yes,Stayed
15621435,623,France,Female,39,1,"£160,903.20",1,0,0,"£78,774.36",0,31-45,2.04,0,No,No,Stayed
15566295,761,France,Female,33,6,"£138,053.79",2,1,0,"£148,779.41",0,31-45,0.93,0,Yes,No,Stayed
15569098,627,France,Male,44,6,"£153,548.12",1,0,0,"£35,300.08",1,31-45,4.35,0,No,No,Churned
15662532,757,Germany,Male,31,8,"£149,085.90",2,1,1,"£197,077.36",0,31-45,0.76,0,Yes,Yes,Stayed
15664001,695,Germany,Female,53,8,"£95,231.91",1,0,0,"£70,140.80",1,46-60,1.36,0,No,No,Churned
15703437,726,France,Male,34,3,£0.00,2,1,0,"£196,288.46",0,31-45,0,0,Yes,No,Stayed
15708003,587,Spain,Male,41,8,"£85,109.21",1,1,0,"£1,557.82",0,31-45,54.63,0,Yes,No,Stayed
15599452,605,Germany,Female,43,8,"£125,338.80",2,1,0,"£23,970.13",0,31-45,5.23,0,Yes,No,Stayed
15719793,850,Spain,Male,62,5,£0.00,2,1,1,"£180,243.56",0,60+,0,0,Yes,Yes,Stayed
15771580,850,France,Female,38,0,"£106,831.69",1,0,1,"£148,977.72",0,31-45,0.72,0,No,Yes,Stayed
15732268,751,France,Male,29,3,"£159,597.45",1,1,0,"£39,934.41",0,18-30,4,0,Yes,No,Stayed
15722350,627,Germany,Female,37,7,"£147,361.57",1,1,1,"£133,031.96",0,31-45,1.11,0,Yes,Yes,Stayed
15611371,736,France,Male,43,4,"£176,134.54",1,1,1,"£52,856.88",0,31-45,3.33,0,Yes,Yes,Stayed
15673584,652,France,Female,74,5,£0.00,2,1,1,£937.15,0,60+,0,0,Yes,Yes,Stayed
15636396,627,France,Female,35,7,£0.00,2,0,1,"£193,022.44",0,31-45,0,0,No,Yes,Stayed
15706170,636,France,Male,34,1,"£84,055.43",1,0,0,"£37,490.84",0,31-45,2.24,0,No,No,Stayed
15725478,775,France,Male,60,7,£0.00,2,1,1,"£111,558.70",0,46-60,0,0,Yes,Yes,Stayed
15654562,850,Spain,Female,45,5,"£174,088.30",4,1,0,"£5,669.31",1,31-45,30.71,1,Yes,No,Churned
15737509,850,Spain,Male,34,8,"£199,229.14",1,0,0,"£68,106.29",0,31-45,2.93,0,No,No,Stayed
15690796,516,France,Male,37,8,£0.00,1,1,0,"£101,834.58",0,31-45,0,0,Yes,No,Stayed
15716728,513,Spain,Female,42,10,£0.00,2,0,1,"£73,151.25",0,31-45,0,0,No,Yes,Stayed
15605665,673,Germany,Female,69,3,"£78,833.15",2,1,1,"£37,196.15",0,60+,2.12,0,Yes,Yes,Stayed
15748481,564,France,Female,27,6,£0.00,1,0,0,"£7,819.76",0,18-30,0,0,No,No,Stayed
15757777,636,France,Female,35,2,£0.00,2,1,1,"£23,129.46",0,31-45,0,0,Yes,Yes,Stayed
15747808,712,France,Male,29,3,"£102,540.61",1,1,1,"£189,680.79",0,18-30,0.54,0,Yes,Yes,Stayed
15810593,568,France,Male,51,4,£0.00,3,1,1,"£66,586.56",0,46-60,0,1,Yes,Yes,Stayed
15693376,741,Spain,Male,43,0,£0.00,2,1,1,"£2,920.63",1,31-45,0,0,Yes,Yes,Churned
15579808,754,Germany,Female,39,8,"£129,401.87",1,1,1,"£87,684.93",0,31-45,1.48,0,Yes,Yes,Stayed
15598275,709,France,Female,32,7,£0.00,2,1,1,"£199,418.02",0,31-45,0,0,Yes,Yes,Stayed
15737080,510,France,Female,32,1,£0.00,2,0,1,"£28,515.17",0,31-45,0,0,No,Yes,Stayed
15668580,716,Spain,Male,33,2,£0.00,2,1,1,"£92,916.53",0,31-45,0,0,Yes,Yes,Stayed
15569438,607,Germany,Male,36,10,"£106,702.94",2,0,0,"£198,313.69",0,31-45,0.54,0,No,No,Stayed
15675842,656,Spain,Male,26,4,"£139,584.57",1,1,0,"£36,308.93",0,18-30,3.84,0,Yes,No,Stayed
15577587,550,Germany,Male,52,5,"£121,016.23",1,1,1,"£41,730.37",1,46-60,2.9,0,Yes,Yes,Churned
15625592,486,France,Male,26,2,£0.00,2,1,1,"£31,399.40",0,18-30,0,0,Yes,Yes,Stayed
15635141,598,Germany,Male,59,8,"£118,210.42",2,0,0,"£60,192.14",1,46-60,1.96,0,No,No,Churned
15642570,675,Spain,Male,35,8,£0.00,2,1,0,"£29,062.25",0,31-45,0,0,Yes,No,Stayed
15702175,755,France,Female,29,4,"£148,654.84",2,1,1,"£28,805.09",0,18-30,5.16,0,Yes,Yes,Stayed
15677785,656,Spain,Male,32,5,"£136,963.12",1,1,0,"£133,814.28",0,31-45,1.02,0,Yes,No,Stayed
15786153,644,Germany,Male,47,9,"£137,774.11",2,1,0,"£151,902.78",0,46-60,0.91,0,Yes,No,Stayed
15759499,598,France,Female,32,4,"£111,156.52",1,1,1,"£167,376.26",0,31-45,0.66,0,Yes,Yes,Stayed
15659568,850,Spain,Female,31,3,"£121,237.65",1,1,1,"£31,022.56",0,31-45,3.91,0,Yes,Yes,Stayed
15715597,679,France,Male,36,1,"£97,234.58",1,1,0,"£188,997.08",0,31-45,0.51,0,Yes,No,Stayed
15610147,632,France,Male,60,2,£0.00,2,0,1,"£2,085.32",0,46-60,0,0,No,Yes,Stayed
15802362,550,Spain,Male,45,0,£0.00,2,0,1,"£70,399.71",0,31-45,0,0,No,Yes,Stayed
15660524,572,Germany,Female,54,9,"£97,382.53",1,1,1,"£195,771.95",0,46-60,0.5,0,Yes,Yes,Stayed
15747168,626,Germany,Female,47,2,"£103,108.80",1,0,1,"£166,475.44",1,46-60,0.62,0,No,Yes,Churned
15796910,625,Spain,Female,57,7,£0.00,1,0,0,"£84,106.17",1,46-60,0,0,No,No,Churned
15707674,515,France,Female,58,2,"£131,852.81",1,1,0,"£81,436.68",1,46-60,1.62,0,Yes,No,Churned
15565706,612,Spain,Male,35,1,£0.00,1,1,1,"£83,256.26",1,31-45,0,0,Yes,Yes,Churned
15587596,628,Spain,Female,39,8,"£107,553.33",1,1,0,"£117,523.41",0,31-45,0.92,0,Yes,No,Stayed
15751943,529,Spain,Female,43,5,£0.00,2,0,0,"£79,476.63",0,31-45,0,0,No,No,Stayed
15621227,668,Germany,Female,46,7,"£161,806.09",1,1,1,"£173,052.19",0,46-60,0.94,0,Yes,Yes,Stayed
15757588,526,France,Male,30,9,£0.00,2,0,0,"£100,995.68",0,18-30,0,0,No,No,Stayed
15640922,791,France,Female,52,7,£0.00,1,1,1,"£122,782.50",0,46-60,0,0,Yes,Yes,Stayed
15567557,573,France,Male,27,2,"£128,243.03",1,1,1,"£11,631.34",0,18-30,11.03,0,Yes,Yes,Stayed
15670103,565,France,Female,38,5,"£126,645.13",1,1,1,"£168,303.55",0,31-45,0.75,0,Yes,Yes,Stayed
15720929,604,France,Female,47,8,"£62,094.71",3,0,0,"£9,308.10",1,46-60,6.67,1,No,No,Churned
15732774,656,France,Male,37,7,"£112,291.34",1,1,0,"£153,157.97",0,31-45,0.73,0,Yes,No,Stayed
15628558,447,France,Female,44,5,"£89,188.83",1,1,1,"£75,408.24",0,31-45,1.18,0,Yes,Yes,Stayed
15729201,682,France,Male,55,9,£0.00,1,1,0,"£153,356.80",1,46-60,0,0,Yes,No,Churned
15731117,437,Spain,Male,28,2,"£109,161.25",1,1,0,"£152,987.42",0,18-30,0.71,0,Yes,No,Stayed
15615207,792,Spain,Male,47,0,£0.00,1,1,1,"£5,557.88",1,46-60,0,0,Yes,Yes,Churned
15773512,627,Spain,Female,25,4,£0.00,1,1,1,"£194,313.93",0,18-30,0,0,Yes,Yes,Stayed
15572145,767,France,Female,34,8,£0.00,2,1,0,"£94,767.77",0,31-45,0,0,Yes,No,Stayed
15642710,686,France,Male,26,7,£0.00,2,1,0,"£1,540.89",0,18-30,0,0,Yes,No,Stayed
15574213,789,France,Female,53,1,"£158,271.74",1,1,1,"£5,036.39",1,46-60,31.43,0,Yes,Yes,Churned
15718852,794,France,Male,56,9,"£96,951.21",1,1,1,"£71,776.76",0,46-60,1.35,0,Yes,Yes,Stayed
15583840,587,Germany,Male,35,5,"£121,863.61",1,1,1,"£23,481.69",1,31-45,5.19,0,Yes,Yes,Churned
15782418,589,Germany,Female,19,9,"£83,495.11",1,1,1,"£143,022.31",1,18-30,0.58,0,Yes,Yes,Churned
15813504,543,Germany,Female,25,1,"£146,566.01",1,0,1,"£161,407.48",0,18-30,0.91,0,No,Yes,Stayed
15711314,589,Spain,Female,45,1,£0.00,1,0,0,"£125,939.22",1,31-45,0,0,No,No,Churned
15621064,701,Germany,Male,23,5,"£186,101.18",2,1,1,"£76,611.33",0,18-30,2.43,0,Yes,Yes,Stayed
15627847,850,France,Male,40,6,£0.00,1,1,0,"£136,985.08",1,31-45,0,0,Yes,No,Churned
15588090,726,Germany,Female,51,8,"£107,494.86",2,1,0,"£140,937.91",1,46-60,0.76,0,Yes,No,Churned
15735270,767,Spain,Male,47,2,£0.00,1,1,0,"£48,161.18",1,46-60,0,0,Yes,No,Churned
15671804,648,Spain,Male,36,8,"£146,943.38",2,1,1,"£130,041.45",0,31-45,1.13,0,Yes,Yes,Stayed
15753215,651,Spain,Female,36,8,£0.00,2,1,0,"£91,652.43",0,31-45,0,0,Yes,No,Stayed
15789941,633,France,Female,36,6,"£125,130.28",1,0,0,"£125,961.48",0,31-45,0.99,0,No,No,Stayed
15691061,740,France,Female,37,9,£0.00,2,1,1,"£73,225.31",0,31-45,0,0,Yes,Yes,Stayed
15808326,592,France,Female,34,9,£0.00,2,1,1,"£20,460.20",0,31-45,0,0,Yes,Yes,Stayed
15566660,670,France,Female,41,10,£0.00,3,1,0,"£81,602.02",0,31-45,0,1,Yes,No,Stayed
15778947,628,France,Male,36,3,£0.00,2,1,1,"£8,742.91",0,31-45,0,0,Yes,Yes,Stayed
15632977,745,France,Male,47,5,£0.00,2,0,0,"£145,789.71",0,46-60,0,0,No,No,Stayed
15591747,705,France,Male,32,3,£0.00,2,0,0,"£129,576.99",0,31-45,0,0,No,No,Stayed
15567335,559,France,Female,42,7,£0.00,2,1,1,"£190,040.29",0,31-45,0,0,Yes,Yes,Stayed
15609299,595,France,Male,29,6,"£150,685.79",1,1,0,"£87,771.06",0,18-30,1.72,0,Yes,No,Stayed
15669945,492,France,Male,35,4,"£141,359.37",2,1,0,"£39,519.53",0,31-45,3.58,0,Yes,No,Stayed
15736271,498,France,Female,29,9,£0.00,1,1,0,"£190,035.83",0,18-30,0,0,Yes,No,Stayed
15710390,655,France,Female,39,6,"£94,631.26",2,1,1,"£148,948.52",0,31-45,0.64,0,Yes,Yes,Stayed
15756481,636,France,Female,39,3,"£118,336.14",1,1,0,"£184,691.77",0,31-45,0.64,0,Yes,No,Stayed
15736730,634,France,Female,45,2,£0.00,1,1,1,"£143,458.31",0,31-45,0,0,Yes,Yes,Stayed
15626040,793,Spain,Male,63,0,£0.00,2,0,1,"£27,166.75",0,60+,0,0,No,Yes,Stayed
15746553,526,Germany,Male,50,5,"£124,233.24",1,0,1,"£159,456.87",1,46-60,0.78,0,No,Yes,Churned
15622518,768,France,Female,26,5,"£51,116.26",1,1,1,"£70,454.79",1,18-30,0.73,0,Yes,Yes,Churned
15684908,540,Germany,Male,64,1,"£91,869.69",1,0,1,"£95,421.00",0,60+,0.96,0,No,Yes,Stayed
15569446,732,France,Female,34,8,"£122,338.43",2,1,0,"£187,985.85",0,31-45,0.65,0,Yes,No,Stayed
15777504,617,France,Female,30,8,£0.00,1,1,1,"£92,621.90",0,18-30,0,0,Yes,Yes,Stayed
15677906,637,Spain,Female,54,5,£0.00,1,0,1,"£150,836.98",0,46-60,0,0,No,Yes,Stayed
15703292,573,France,Male,26,8,"£86,270.93",2,1,1,"£90,177.30",0,18-30,0.96,0,Yes,Yes,Stayed
15712938,531,France,Male,44,3,£0.00,2,1,1,"£34,416.79",0,31-45,0,0,Yes,Yes,Stayed
15631359,489,France,Female,38,5,"£117,289.92",1,0,0,"£85,231.88",0,31-45,1.38,0,No,No,Stayed
15720847,601,France,Male,35,2,£0.00,2,1,1,"£118,983.18",0,31-45,0,0,Yes,Yes,Stayed
15787830,452,Germany,Male,33,7,"£153,663.27",1,1,0,"£111,868.23",0,31-45,1.37,0,Yes,No,Stayed
15599869,728,Spain,Female,29,1,£0.00,1,1,1,"£83,056.22",0,18-30,0,0,Yes,Yes,Stayed
15592078,590,Germany,Female,27,8,"£123,599.49",2,1,0,"£1,676.92",0,18-30,73.71,0,Yes,No,Stayed
15596228,490,France,Male,29,4,£0.00,2,1,0,"£32,089.57",0,18-30,0,0,Yes,No,Stayed
15578462,596,Spain,Female,76,9,"£134,208.25",1,1,1,"£13,455.43",0,60+,9.97,0,Yes,Yes,Stayed
15756894,635,France,Male,29,1,£0.00,1,0,1,"£24,865.54",0,18-30,0,0,No,Yes,Stayed
15796167,782,Germany,Male,35,7,"£98,556.89",2,1,0,"£117,644.36",0,31-45,0.84,0,Yes,No,Stayed
15664808,790,Spain,Female,37,3,£0.00,3,0,0,"£98,897.32",0,31-45,0,1,No,No,Stayed
15664555,587,France,Male,40,2,£0.00,4,0,1,"£106,174.70",1,31-45,0,1,No,Yes,Churned
15607278,794,Spain,Female,46,8,"£134,593.79",1,1,1,"£46,386.37",0,46-60,2.9,0,Yes,Yes,Stayed
15585222,515,France,Male,41,8,£0.00,2,1,1,"£185,054.14",0,31-45,0,0,Yes,Yes,Stayed
15750299,746,Spain,Male,24,10,"£68,781.82",1,0,1,"£47,997.39",0,18-30,1.43,0,No,Yes,Stayed
15761294,667,Germany,Female,56,8,"£137,464.04",1,1,0,"£130,846.79",1,46-60,1.05,0,Yes,No,Churned
15810454,709,France,Male,32,4,"£147,307.91",1,0,1,"£40,861.55",0,31-45,3.61,0,No,Yes,Stayed
15673984,536,France,Female,35,8,£0.00,1,1,0,"£171,840.24",1,31-45,0,0,Yes,No,Churned
15609319,711,France,Female,41,3,"£145,754.91",1,1,1,"£101,455.07",0,31-45,1.44,0,Yes,Yes,Stayed
15709941,753,France,Male,46,8,£0.00,3,1,0,"£90,747.94",1,46-60,0,1,Yes,No,Churned
15580252,748,France,Male,44,4,"£112,610.77",1,0,1,"£2,048.55",0,31-45,54.97,0,No,Yes,Stayed
15741275,623,France,Female,57,7,"£71,481.79",2,1,1,"£84,421.34",0,46-60,0.85,0,Yes,Yes,Stayed
15707132,465,France,Male,33,5,£0.00,2,0,1,"£78,698.09",0,31-45,0,0,No,Yes,Stayed
15600708,640,Spain,Female,34,3,"£77,826.80",1,1,1,"£168,544.85",0,31-45,0.46,0,Yes,Yes,Stayed
15804787,562,France,Male,75,5,"£87,140.85",1,1,1,"£39,351.64",0,60+,2.21,0,Yes,Yes,Stayed
15690021,502,Germany,Female,42,0,"£132,002.70",1,0,1,"£28,204.98",1,31-45,4.68,0,No,Yes,Churned
15763895,536,France,Male,32,7,"£178,011.50",2,1,0,"£22,375.14",0,31-45,7.96,0,Yes,No,Stayed
15623478,670,Germany,Female,32,4,"£102,954.68",2,0,1,"£134,942.45",0,31-45,0.76,0,No,Yes,Stayed
15797910,775,Germany,Male,51,2,"£123,783.25",1,1,1,"£134,901.57",0,46-60,0.92,0,Yes,Yes,Stayed
15577751,759,Germany,Male,30,4,"£101,802.67",1,0,0,"£8,693.80",0,18-30,11.71,0,No,No,Stayed
15781777,604,France,Male,33,3,"£148,659.48",1,0,0,"£42,437.75",0,31-45,3.5,0,No,No,Stayed
15740527,766,Germany,Female,62,7,"£142,724.48",1,0,1,"£5,893.23",1,60+,24.22,0,No,Yes,Churned
15721251,554,Spain,Female,41,4,"£112,152.89",1,0,1,"£36,242.19",0,31-45,3.09,0,No,Yes,Stayed
15602994,487,France,Female,53,10,"£89,550.85",1,0,1,"£90,076.85",0,46-60,0.99,0,No,Yes,Stayed
15750769,725,France,Male,35,7,"£75,915.75",1,1,0,"£150,507.43",0,31-45,0.5,0,Yes,No,Stayed
15740175,732,Germany,Female,42,2,"£118,889.66",2,0,0,"£87,422.15",0,31-45,1.36,0,No,No,Stayed
15679968,623,France,Male,40,5,"£118,788.57",1,1,0,"£192,867.40",0,31-45,0.62,0,Yes,No,Stayed
15694404,781,France,Female,42,3,"£156,555.54",1,1,1,"£175,674.01",0,31-45,0.89,0,Yes,Yes,Stayed
15657529,714,Germany,Male,53,1,"£99,141.86",1,1,1,"£72,496.05",1,46-60,1.37,0,Yes,Yes,Churned
15762882,577,Germany,Female,31,4,"£61,211.18",1,1,1,"£145,250.43",0,31-45,0.42,0,Yes,Yes,Stayed
15642579,731,Spain,Female,37,1,"£128,932.40",1,1,1,"£180,712.52",0,31-45,0.71,0,Yes,Yes,Stayed
15598884,650,Spain,Female,23,5,£0.00,1,1,1,"£180,622.43",0,18-30,0,0,Yes,Yes,Stayed
15770185,779,France,Male,32,10,"£80,728.15",1,1,0,"£86,306.75",0,31-45,0.94,0,Yes,No,Stayed
15800287,706,Spain,Female,46,2,"£127,660.46",2,1,0,"£150,156.82",1,46-60,0.85,0,Yes,No,Churned
15665861,733,Spain,Male,44,3,"£106,070.89",1,0,1,"£101,617.43",0,31-45,1.04,0,No,Yes,Stayed
15662203,579,Germany,Female,42,3,"£137,560.38",2,1,1,"£85,424.34",0,31-45,1.61,0,Yes,Yes,Stayed
15616454,476,Germany,Female,34,8,"£111,905.43",1,0,1,"£197,221.81",1,31-45,0.57,0,No,Yes,Churned
15702788,775,France,Male,40,9,"£126,212.64",1,1,0,"£70,196.57",0,31-45,1.8,0,Yes,No,Stayed
15778149,538,Spain,Male,68,9,£0.00,2,1,0,"£110,440.50",1,60+,0,0,Yes,No,Churned
15680001,602,France,Male,38,7,"£111,835.94",2,1,0,"£124,389.61",0,31-45,0.9,0,Yes,No,Stayed
15711991,615,France,Male,30,8,£0.00,2,0,0,"£3,183.15",0,18-30,0,0,No,No,Stayed
15633834,700,Germany,Female,28,3,"£99,705.69",2,0,0,"£146,723.72",0,18-30,0.68,0,No,No,Stayed
15765266,615,France,Male,32,1,£0.00,2,0,0,"£2,139.25",0,31-45,0,0,No,No,Stayed
15791867,544,Germany,Male,44,2,"£108,895.93",1,0,0,"£69,228.20",1,31-45,1.57,0,No,No,Churned
15675380,573,Spain,Male,56,3,"£154,669.77",1,0,1,"£115,462.27",1,46-60,1.34,0,No,Yes,Churned
15770576,555,Spain,Male,50,7,"£128,061.00",2,1,1,"£62,375.10",0,46-60,2.05,0,Yes,Yes,Stayed
15775294,692,France,Female,31,2,£0.00,2,1,0,"£91,829.17",1,31-45,0,0,Yes,No,Churned
15727059,476,France,Female,40,4,£0.00,2,0,0,"£182,547.04",0,31-45,0,0,No,No,Stayed
15702499,770,Spain,Male,46,9,"£190,678.02",1,1,1,"£14,725.36",0,46-60,12.95,0,Yes,Yes,Stayed
15611699,641,France,Female,40,7,£0.00,1,1,0,"£126,996.67",0,31-45,0,0,Yes,No,Stayed
15654000,705,France,Female,35,5,£0.00,1,1,0,"£133,991.11",1,31-45,0,0,Yes,No,Churned
15657881,784,France,Male,38,5,"£136,712.91",1,0,1,"£169,920.92",0,31-45,0.8,0,No,Yes,Stayed
15719991,727,Spain,Female,52,1,"£154,733.97",1,1,0,"£80,259.67",1,46-60,1.93,0,Yes,No,Churned
15720687,576,France,Female,41,4,"£112,609.91",1,0,0,"£191,035.18",1,31-45,0.59,0,No,No,Churned
15687079,646,Spain,Male,69,10,"£115,462.44",1,1,0,"£40,421.87",0,60+,2.86,0,Yes,No,Stayed
15582276,638,France,Male,34,5,"£133,501.36",1,0,1,"£155,643.04",0,31-45,0.86,0,No,Yes,Stayed
15763980,632,Germany,Male,30,1,"£58,668.02",1,1,1,"£78,670.52",0,18-30,0.75,0,Yes,Yes,Stayed
15720774,850,Spain,Male,44,7,"£89,118.26",1,1,0,"£104,240.77",1,31-45,0.85,0,Yes,No,Churned
15592194,492,France,Female,28,9,£0.00,2,1,0,"£95,957.09",0,18-30,0,0,Yes,No,Stayed
15803685,673,Germany,Female,77,10,"£76,510.52",2,0,1,"£59,595.66",0,60+,1.28,0,No,Yes,Stayed
15759456,609,Spain,Male,34,7,"£140,694.78",2,1,0,"£46,266.63",0,31-45,3.04,0,Yes,No,Stayed
15611544,701,Germany,Male,36,7,"£95,448.32",2,1,0,"£189,085.07",0,31-45,0.5,0,Yes,No,Stayed
15794257,651,France,Male,34,4,"£91,562.99",1,1,1,"£123,954.15",0,31-45,0.74,0,Yes,Yes,Stayed
15681697,508,France,Male,31,8,"£72,541.48",1,1,0,"£129,803.08",0,31-45,0.56,0,Yes,No,Stayed
15579566,616,Spain,Female,43,3,"£120,867.18",1,1,0,"£18,761.92",1,31-45,6.44,0,Yes,No,Churned
15577970,489,France,Male,34,5,£0.00,1,0,0,"£43,540.59",0,31-45,0,0,No,No,Stayed
15727489,567,Spain,Female,45,1,"£157,320.51",1,1,0,"£62,193.92",0,31-45,2.53,0,Yes,No,Stayed
15764284,714,Spain,Male,27,3,£0.00,3,1,1,"£129,130.09",0,18-30,0,1,Yes,Yes,Stayed
15581811,678,Germany,Female,30,1,"£139,676.95",2,0,1,"£16,146.00",0,18-30,8.65,0,No,Yes,Stayed
15622527,581,France,Female,55,6,£0.00,1,1,1,"£22,442.13",0,46-60,0,0,Yes,Yes,Stayed
15753362,748,Spain,Male,60,3,£0.00,2,1,1,"£78,194.37",0,46-60,0,0,Yes,Yes,Stayed
15666652,781,France,Female,19,3,£0.00,2,1,1,"£124,297.32",0,18-30,0,0,Yes,Yes,Stayed
15789714,691,Spain,Male,21,3,"£103,000.94",1,1,1,"£104,648.58",0,18-30,0.98,0,Yes,Yes,Stayed
15771543,507,Germany,Male,31,2,"£134,237.07",1,1,1,"£166,423.66",1,31-45,0.81,0,Yes,Yes,Churned
15748327,724,Germany,Male,34,6,"£118,235.70",2,0,0,"£157,137.23",0,31-45,0.75,0,No,No,Stayed
15754649,705,Spain,Female,57,3,£0.00,2,1,1,"£34,134.14",0,46-60,0,0,Yes,Yes,Stayed
15810460,708,Spain,Female,64,5,£0.00,3,0,1,"£112,520.07",1,60+,0,1,No,Yes,Churned
15771742,580,Germany,Male,38,9,"£115,442.19",2,1,0,"£128,481.50",1,31-45,0.9,0,Yes,No,Churned
15642160,850,France,Male,38,5,£0.00,2,1,0,"£16,491.64",0,31-45,0,0,Yes,No,Stayed
15798439,714,Spain,Male,25,2,£0.00,1,1,1,"£132,979.43",0,18-30,0,0,Yes,Yes,Stayed
15605293,559,France,Female,43,1,£0.00,2,1,1,"£196,645.87",0,31-45,0,0,Yes,Yes,Stayed
15692631,577,Spain,Female,44,8,"£115,557.00",1,0,1,"£127,506.76",0,31-45,0.91,0,No,Yes,Stayed
15665376,647,Germany,Female,35,3,"£166,518.63",2,1,0,"£147,930.46",0,31-45,1.13,0,Yes,No,Stayed
15772412,554,Spain,Male,30,6,"£135,370.12",1,1,1,"£179,689.05",1,18-30,0.75,0,Yes,Yes,Churned
15654577,549,Germany,Male,54,5,"£92,877.33",1,1,0,"£2,619.64",1,46-60,35.45,0,Yes,No,Churned
15585427,528,France,Female,26,10,"£102,073.67",2,0,0,"£166,799.93",0,18-30,0.61,0,No,No,Stayed
15584536,720,Germany,Male,46,3,"£97,042.60",1,1,1,"£133,516.51",1,46-60,0.73,0,Yes,Yes,Churned
15585853,743,Spain,Male,41,7,£0.00,1,1,0,"£163,736.09",1,31-45,0,0,Yes,No,Churned
15645271,615,Germany,Male,24,8,"£108,528.07",2,0,0,"£179,488.41",1,18-30,0.6,0,No,No,Churned
15579387,635,Germany,Female,44,2,"£79,064.85",2,0,1,"£113,291.75",0,31-45,0.7,0,No,Yes,Stayed
15623107,686,Spain,Male,45,3,"£74,274.87",3,1,0,"£64,907.48",1,31-45,1.14,1,Yes,No,Churned
15754072,840,Spain,Female,36,6,£0.00,2,1,0,"£141,364.27",0,31-45,0,0,Yes,No,Stayed
15666163,695,France,Male,43,1,"£100,421.10",1,1,1,"£101,141.28",0,31-45,0.99,0,Yes,Yes,Stayed
15765192,564,France,Male,26,7,"£84,006.88",2,0,0,"£183,490.99",0,18-30,0.46,0,No,No,Stayed
15804822,805,France,Female,31,4,£0.00,2,1,0,"£4,798.12",0,31-45,0,0,Yes,No,Stayed
15612893,558,Spain,Male,45,4,£0.00,1,1,0,"£131,807.14",0,31-45,0,0,Yes,No,Stayed
15593636,657,France,Female,39,4,"£80,293.81",1,1,0,"£97,192.76",0,31-45,0.83,0,Yes,No,Stayed
15693326,641,France,Female,42,7,"£125,437.14",2,0,0,"£164,128.58",0,31-45,0.76,0,No,No,Stayed
15809901,755,France,Male,36,8,£0.00,2,1,0,"£176,809.87",0,31-45,0,0,Yes,No,Stayed
15759751,483,France,Male,48,1,£0.00,2,1,1,"£110,059.38",0,46-60,0,0,Yes,Yes,Stayed
15605425,545,Germany,Female,44,2,"£127,536.44",1,1,0,"£108,398.63",0,31-45,1.18,0,Yes,No,Stayed
15801934,678,France,Male,66,8,£0.00,2,1,1,"£47,117.03",0,60+,0,0,Yes,Yes,Stayed
15592000,781,Germany,Female,48,9,"£82,794.18",1,1,0,"£124,720.68",1,46-60,0.66,0,Yes,No,Churned
15618695,571,Spain,Female,22,3,"£108,117.10",1,0,1,"£53,328.70",0,18-30,2.03,0,No,Yes,Stayed
15637110,634,Spain,Female,35,10,£0.00,1,1,0,"£82,634.41",0,31-45,0,0,Yes,No,Stayed
15727408,523,Germany,Male,27,8,"£61,688.61",2,1,0,"£147,059.16",0,18-30,0.42,0,Yes,No,Stayed
15716328,501,France,Female,40,2,£0.00,2,0,0,"£141,946.92",0,31-45,0,0,No,No,Stayed
15669060,662,France,Male,74,6,£0.00,2,1,0,"£123,583.85",0,60+,0,0,Yes,No,Stayed
15675854,573,Spain,Male,50,0,"£159,304.07",1,0,1,"£155,915.24",1,46-60,1.02,0,No,Yes,Churned
15621116,648,Germany,Male,33,5,"£138,664.24",1,1,0,"£29,076.27",0,31-45,4.77,0,Yes,No,Stayed
15781495,662,France,Female,22,2,"£126,362.57",2,1,1,"£97,382.80",0,18-30,1.3,0,Yes,Yes,Stayed
15740470,725,France,Male,39,4,"£160,652.45",2,1,0,"£57,643.55",0,31-45,2.79,0,Yes,No,Stayed
15714391,563,France,Female,35,2,"£183,572.84",1,1,1,"£66,006.75",1,31-45,2.78,0,Yes,Yes,Churned
15730137,628,France,Male,31,0,"£88,421.81",1,0,0,"£72,350.47",0,31-45,1.22,0,No,No,Stayed
15596455,546,Spain,Female,45,2,£0.00,1,0,0,"£197,789.83",1,31-45,0,0,No,No,Churned
15717290,688,Germany,Male,41,2,"£112,871.19",2,0,1,"£65,520.74",0,31-45,1.72,0,No,Yes,Stayed
15616555,850,Germany,Male,41,8,"£60,880.68",1,1,0,"£31,825.84",0,31-45,1.91,0,Yes,No,Stayed
15659820,614,France,Female,34,5,£0.00,2,1,0,"£185,561.89",0,31-45,0,0,Yes,No,Stayed
15696301,719,France,Female,37,9,"£101,455.70",1,1,0,"£25,803.59",1,31-45,3.93,0,Yes,No,Churned
15771087,757,France,Female,71,0,"£88,084.13",2,1,1,"£154,337.47",0,60+,0.57,0,Yes,Yes,Stayed
15808831,669,France,Male,29,7,£0.00,2,1,1,"£138,145.62",0,18-30,0,0,Yes,Yes,Stayed
15812241,438,Germany,Male,59,7,"£127,197.14",1,1,0,"£51,565.98",1,46-60,2.47,0,Yes,No,Churned
15680370,492,France,Male,39,7,£0.00,2,0,1,"£71,323.23",0,31-45,0,0,No,Yes,Stayed
15780561,622,France,Female,39,9,"£83,456.79",2,0,0,"£38,882.34",0,31-45,2.15,0,No,No,Stayed
15800784,645,France,Male,42,4,"£98,298.18",1,1,1,£676.06,0,31-45,145.4,0,Yes,Yes,Stayed
15715796,728,France,Male,37,0,£0.00,2,1,1,"£72,203.80",0,31-45,0,0,Yes,Yes,Stayed
15605375,651,France,Male,35,2,"£86,911.80",1,1,0,"£174,094.24",0,31-45,0.5,0,Yes,No,Stayed
15621520,783,Germany,Female,42,2,"£139,707.28",1,1,0,"£2,150.22",0,31-45,64.97,0,Yes,No,Stayed
15665460,732,Spain,Female,67,1,£0.00,2,1,1,"£177,783.04",0,60+,0,0,Yes,Yes,Stayed
15801152,553,Spain,Female,39,1,"£142,876.98",2,1,0,"£44,363.42",0,31-45,3.22,0,Yes,No,Stayed
15756425,660,France,Male,30,7,"£146,301.31",1,0,0,"£96,847.91",0,18-30,1.51,0,No,No,Stayed
15674328,670,France,Female,40,3,"£47,364.45",1,1,1,"£148,579.43",1,31-45,0.32,0,Yes,Yes,Churned
15742404,718,France,Male,38,7,£0.00,2,1,0,"£38,308.34",0,31-45,0,0,Yes,No,Stayed
15757140,787,France,Male,51,0,"£58,137.08",1,0,1,"£142,538.31",0,46-60,0.41,0,No,Yes,Stayed
15570051,775,Germany,Female,38,6,"£179,886.41",2,0,0,"£153,122.58",0,31-45,1.17,0,No,No,Stayed
15669175,479,Germany,Male,24,6,"£107,637.97",2,0,1,"£169,505.83",0,18-30,0.64,0,No,Yes,Stayed
15790324,660,France,Female,20,6,"£167,685.56",1,1,0,"£57,929.90",0,18-30,2.89,0,Yes,No,Stayed
15691119,721,Germany,Male,68,4,"£136,525.99",1,0,0,"£175,399.14",0,60+,0.78,0,No,No,Stayed
15743478,659,Germany,Male,39,8,"£52,106.33",2,1,1,"£107,964.36",0,31-45,0.48,0,Yes,Yes,Stayed
15707007,743,France,Female,39,8,£0.00,1,1,0,"£94,263.44",0,31-45,0,0,Yes,No,Stayed
15572547,670,France,Female,45,9,"£104,930.38",1,1,0,"£155,921.81",1,31-45,0.67,0,Yes,No,Churned
15567063,766,Germany,Female,34,6,"£106,434.94",1,0,1,"£137,995.66",1,31-45,0.77,0,No,Yes,Churned
15689633,845,Spain,Female,38,2,"£112,803.92",1,1,0,"£179,631.85",0,31-45,0.63,0,Yes,No,Stayed
15720637,710,Germany,Female,46,10,"£120,530.34",1,1,0,"£166,586.99",1,46-60,0.72,0,Yes,No,Churned
15616859,602,Germany,Female,43,2,"£113,641.49",4,1,0,"£115,116.35",1,31-45,0.99,1,Yes,No,Churned
15766166,604,Spain,Male,43,2,"£145,081.72",1,1,1,"£23,881.62",0,31-45,6.08,0,Yes,Yes,Stayed
15617655,564,Spain,Female,35,9,£0.00,2,1,1,"£105,837.38",0,31-45,0,0,Yes,Yes,Stayed
15623450,637,Germany,Female,27,7,"£135,842.89",1,1,1,"£101,418.05",0,18-30,1.34,0,Yes,Yes,Stayed
15796612,527,France,Female,31,1,"£112,203.25",1,1,0,"£182,266.01",0,31-45,0.62,0,Yes,No,Stayed
15795963,687,France,Male,34,7,"£129,895.19",1,0,1,"£28,698.17",0,31-45,4.53,0,No,Yes,Stayed
15781598,756,Germany,Male,41,6,"£149,049.92",1,0,1,"£50,422.36",1,31-45,2.96,0,No,Yes,Churned
15691871,503,Germany,Male,42,9,"£153,279.39",1,1,1,"£151,336.96",0,31-45,1.01,0,Yes,Yes,Stayed
15740345,657,Spain,Male,42,5,"£41,473.33",1,1,0,"£112,979.60",1,31-45,0.37,0,Yes,No,Churned
15662626,666,France,Female,40,2,£0.00,2,0,0,"£36,371.27",0,31-45,0,0,No,No,Stayed
15596575,615,Germany,Male,39,5,"£113,193.51",2,1,1,"£52,166.25",0,31-45,2.17,0,Yes,Yes,Stayed
15657321,712,Germany,Male,27,8,"£113,174.21",2,1,0,"£147,261.58",0,18-30,0.77,0,Yes,No,Stayed
15575955,764,France,Female,24,0,£0.00,2,1,0,"£88,724.49",0,18-30,0,0,Yes,No,Stayed
15743893,471,France,Male,42,3,"£164,951.56",1,1,0,"£190,531.77",0,31-45,0.87,0,Yes,No,Stayed
15697270,608,Spain,Male,27,4,"£153,325.10",1,1,1,"£199,953.33",0,18-30,0.77,0,Yes,Yes,Stayed
15644356,682,Spain,Female,47,10,"£134,032.01",1,1,0,"£144,290.97",0,46-60,0.93,0,Yes,No,Stayed
15677586,587,Germany,Female,32,3,"£125,445.04",2,1,1,"£130,514.78",0,31-45,0.96,0,Yes,Yes,Stayed
15571261,714,Germany,Female,35,6,"£126,077.43",2,1,1,"£53,954.24",0,31-45,2.34,0,Yes,Yes,Stayed
15698758,630,Spain,Female,31,1,£0.00,2,1,1,"£169,802.73",0,31-45,0,0,Yes,Yes,Stayed
15787014,648,Germany,Female,28,8,"£90,371.09",1,1,1,"£146,851.73",0,18-30,0.62,0,Yes,Yes,Stayed
15739857,785,France,Female,40,3,£0.00,2,1,1,"£96,832.82",0,31-45,0,0,Yes,Yes,Stayed
15774630,601,Germany,Female,47,1,"£142,802.02",1,1,1,"£57,553.02",0,46-60,2.48,0,Yes,Yes,Stayed
15805523,717,France,Female,28,1,"£90,537.16",1,0,1,"£74,800.99",0,18-30,1.21,0,No,Yes,Stayed
15749557,707,France,Female,44,6,£0.00,2,1,1,"£192,542.17",0,31-45,0,0,Yes,Yes,Stayed
15681180,771,France,Female,23,7,"£156,123.73",1,1,0,"£72,990.62",0,18-30,2.14,0,Yes,No,Stayed
15742028,602,France,Female,35,5,£0.00,2,1,0,"£31,050.02",0,31-45,0,0,Yes,No,Stayed
15686463,626,France,Male,38,7,"£141,074.59",1,1,0,"£52,795.56",1,31-45,2.67,0,Yes,No,Churned
15654379,588,Spain,Male,59,4,£0.00,2,1,1,"£27,435.41",0,46-60,0,0,Yes,Yes,Stayed
15783629,616,Germany,Female,42,6,"£117,899.95",2,0,0,"£150,266.81",0,31-45,0.78,0,No,No,Stayed
15751193,621,Spain,Male,33,4,£0.00,2,1,1,"£40,299.23",0,31-45,0,0,Yes,Yes,Stayed
15724099,674,France,Male,26,6,"£166,257.96",1,1,1,"£149,369.41",0,18-30,1.11,0,Yes,Yes,Stayed
15568429,633,Spain,Female,46,3,£0.00,2,1,0,"£120,250.58",0,46-60,0,0,Yes,No,Stayed
15648967,698,Germany,Female,64,1,"£169,362.43",1,1,0,"£84,760.32",1,60+,2,0,Yes,No,Churned
15664498,508,France,Male,26,7,"£205,962.00",1,1,0,"£156,424.40",0,18-30,1.32,0,Yes,No,Stayed
15779522,736,France,Female,24,0,£0.00,2,1,0,"£109,355.73",1,18-30,0,0,Yes,No,Churned
15583850,672,Germany,Male,68,0,"£126,061.51",2,1,1,"£184,936.77",0,60+,0.68,0,Yes,Yes,Stayed
15696539,613,France,Female,21,7,"£105,627.95",1,1,1,"£36,560.51",0,18-30,2.89,0,Yes,Yes,Stayed
15760121,712,France,Male,32,9,"£100,606.02",1,1,0,"£165,693.06",0,31-45,0.61,0,Yes,No,Stayed
15628279,624,France,Female,38,3,£0.00,2,1,1,"£163,666.85",0,31-45,0,0,Yes,Yes,Stayed
15766163,676,France,Male,38,1,£0.00,2,0,1,"£35,644.79",0,31-45,0,0,No,Yes,Stayed
15566467,683,Germany,Female,32,0,"£138,171.10",2,1,1,"£188,203.58",0,31-45,0.73,0,Yes,Yes,Stayed
15639049,489,France,Female,31,7,"£139,395.08",1,0,1,"£6,120.84",0,31-45,22.77,0,No,Yes,Stayed
15736413,739,France,Male,29,1,£0.00,2,1,1,"£164,484.78",0,18-30,0,0,Yes,Yes,Stayed
15634815,701,France,Female,37,3,£0.00,2,1,1,"£164,268.28",0,31-45,0,0,Yes,Yes,Stayed
15716381,666,Germany,Female,50,7,"£109,062.28",1,1,1,"£140,136.10",1,46-60,0.78,0,Yes,Yes,Churned
15708162,565,Germany,Female,40,1,"£89,994.71",2,0,1,"£121,084.27",0,31-45,0.74,0,No,Yes,Stayed
15569364,666,France,Male,36,3,£0.00,2,1,0,"£35,156.54",0,31-45,0,0,Yes,No,Stayed
15791191,633,France,Male,59,2,"£103,996.74",1,1,1,"£103,159.11",0,46-60,1.01,0,Yes,Yes,Stayed
15621205,578,France,Male,34,4,"£175,111.11",1,1,1,"£74,858.30",0,31-45,2.34,0,Yes,Yes,Stayed
15704788,812,Spain,Female,49,8,"£66,079.45",2,0,0,"£91,556.57",1,46-60,0.72,0,No,No,Churned
15775756,809,Germany,Male,33,8,"£148,055.74",1,0,0,"£199,203.21",0,31-45,0.74,0,No,No,Stayed
15641312,615,France,Male,36,6,£0.00,1,1,1,"£27,011.80",1,31-45,0,0,Yes,Yes,Churned
15782531,684,Spain,Female,31,8,£0.00,2,1,0,"£188,637.05",0,31-45,0,0,Yes,No,Stayed
15724428,544,France,Male,40,8,£0.00,2,1,0,"£61,581.20",0,31-45,0,0,Yes,No,Stayed
15743617,713,Germany,Male,47,1,"£95,994.98",1,1,0,"£197,529.23",0,46-60,0.49,0,Yes,No,Stayed
15585839,633,France,Male,37,2,£0.00,2,1,0,"£182,258.17",0,31-45,0,0,Yes,No,Stayed
15658158,672,Germany,Female,23,10,"£110,741.56",1,1,0,"£80,778.50",0,18-30,1.37,0,Yes,No,Stayed
15637678,661,France,Male,35,5,£0.00,1,1,0,"£155,394.52",0,31-45,0,0,Yes,No,Stayed
15701809,749,Spain,Female,28,3,£0.00,1,1,0,"£3,408.70",0,18-30,0,0,Yes,No,Stayed
15676937,635,Spain,Female,32,8,£0.00,2,1,1,"£19,367.98",1,31-45,0,0,Yes,Yes,Churned
15778975,850,Germany,Female,70,1,"£96,947.58",3,1,0,"£62,282.99",1,60+,1.56,1,Yes,No,Churned
15710375,641,France,Male,41,6,£0.00,2,1,0,"£65,396.79",0,31-45,0,0,Yes,No,Stayed
15579914,633,Germany,Male,30,2,"£109,786.82",2,1,1,"£139,712.81",0,18-30,0.79,0,Yes,Yes,Stayed
15595160,413,Spain,Male,35,2,£0.00,2,1,1,"£60,972.84",0,31-45,0,0,Yes,Yes,Stayed
15595391,538,France,Male,31,1,£0.00,2,1,0,"£1,375.46",0,31-45,0,0,Yes,No,Stayed
15630363,437,France,Female,39,0,"£102,721.49",1,0,0,"£22,191.82",0,31-45,4.63,0,No,No,Stayed
15692443,612,Spain,Male,33,5,"£69,478.57",1,1,0,"£8,973.67",1,31-45,7.74,0,Yes,No,Churned
15593795,516,Germany,Female,53,1,"£156,674.20",1,1,0,"£118,502.34",1,46-60,1.32,0,Yes,No,Churned
15642824,826,Spain,Female,56,8,"£174,506.10",2,0,1,"£161,802.82",1,46-60,1.08,0,No,Yes,Churned
15683524,660,Germany,Female,23,6,"£166,070.48",2,0,0,"£90,494.72",0,18-30,1.84,0,No,No,Stayed
15713532,646,Germany,Female,29,4,"£105,957.44",1,1,0,"£15,470.91",0,18-30,6.85,0,Yes,No,Stayed
15719827,767,France,Male,36,3,£0.00,1,0,0,"£65,147.27",0,31-45,0,0,No,No,Stayed
15578435,640,France,Male,40,8,"£110,340.68",1,1,1,"£157,886.60",0,31-45,0.7,0,Yes,Yes,Stayed
15723028,778,France,Male,33,1,£0.00,2,1,0,"£85,439.73",0,31-45,0,0,Yes,No,Stayed
15595609,679,Germany,Male,52,9,"£135,870.01",2,0,0,"£54,038.62",0,46-60,2.51,0,No,No,Stayed
15622443,549,France,Male,31,4,£0.00,2,0,1,"£25,684.85",0,31-45,0,0,No,Yes,Stayed
15579112,598,France,Male,47,2,£0.00,2,1,1,"£186,116.54",0,46-60,0,0,Yes,Yes,Stayed
15648479,655,France,Female,45,0,£0.00,2,1,0,"£166,830.71",0,31-45,0,0,Yes,No,Stayed
15659234,494,France,Male,30,3,"£85,704.95",1,0,1,"£27,886.06",0,18-30,3.07,0,No,Yes,Stayed
15811970,653,France,Female,42,1,£0.00,2,1,1,"£5,768.32",0,31-45,0,0,Yes,Yes,Stayed
15774192,539,Germany,Female,38,8,"£105,435.74",1,0,0,"£80,575.44",1,31-45,1.31,0,No,No,Churned
15595136,645,France,Female,37,1,£0.00,2,1,1,"£68,987.55",0,31-45,0,0,Yes,Yes,Stayed
15630580,751,Germany,Male,34,9,"£108,513.25",2,1,1,"£27,097.82",0,31-45,4,0,Yes,Yes,Stayed
15660646,528,France,Male,35,3,"£156,687.10",1,1,0,"£199,320.77",0,31-45,0.79,0,Yes,No,Stayed
15614365,696,Germany,Male,31,3,"£150,604.52",1,0,0,"£5,566.60",0,31-45,27.06,0,No,No,Stayed
15776128,716,France,Female,44,6,"£155,114.90",1,0,0,"£133,871.83",0,31-45,1.16,0,No,No,Stayed
15787035,602,France,Female,35,8,£0.00,2,1,1,"£152,843.53",0,31-45,0,0,Yes,Yes,Stayed
15792646,647,Spain,Female,64,1,"£91,216.00",1,1,1,"£41,800.18",0,60+,2.18,0,Yes,Yes,Stayed
15726832,850,Germany,Male,61,3,"£141,784.02",1,1,1,"£92,053.75",0,60+,1.54,0,Yes,Yes,Stayed
15773260,590,France,Female,32,0,"£127,763.24",1,1,0,"£100,717.54",0,31-45,1.27,0,Yes,No,Stayed
15624437,825,Spain,Female,32,1,£0.00,2,1,1,"£42,935.15",0,31-45,0,0,Yes,Yes,Stayed
15717138,850,Spain,Male,31,6,"£82,613.56",2,1,0,"£149,170.92",0,31-45,0.55,0,Yes,No,Stayed
15657317,789,France,Female,32,7,"£69,423.52",1,1,0,"£107,499.39",0,31-45,0.65,0,Yes,No,Stayed
15626948,701,France,Female,42,6,"£86,167.82",1,1,0,"£153,342.38",0,31-45,0.56,0,Yes,No,Stayed
15758901,713,Spain,Female,47,1,£0.00,1,1,0,"£107,825.08",1,46-60,0,0,Yes,No,Churned
15777759,570,France,Male,30,2,"£131,406.56",1,1,1,"£47,952.45",0,18-30,2.74,0,Yes,Yes,Stayed
15773322,536,Germany,Female,44,4,"£121,898.82",1,0,0,"£131,007.18",0,31-45,0.93,0,No,No,Stayed
15697318,771,Germany,Male,32,9,"£77,487.20",1,0,0,"£33,143.04",0,31-45,2.34,0,No,No,Stayed
15678916,512,France,Female,75,2,£0.00,1,1,0,"£123,304.62",0,60+,0,0,Yes,No,Stayed
15632118,698,Spain,Male,45,5,"£164,450.94",1,1,0,"£141,970.02",1,31-45,1.16,0,Yes,No,Churned
15788118,656,France,Male,33,7,"£138,705.02",2,1,0,"£37,136.15",0,31-45,3.74,0,Yes,No,Stayed
15788930,761,Spain,Male,37,7,"£132,730.17",1,1,0,"£199,293.01",0,31-45,0.67,0,Yes,No,Stayed
15628583,709,France,Female,30,5,£0.00,2,0,1,"£161,388.22",0,18-30,0,0,No,Yes,Stayed
15635177,597,Spain,Female,66,3,£0.00,1,1,1,"£70,532.53",0,60+,0,0,Yes,Yes,Stayed
15587690,592,France,Male,28,2,"£116,498.22",1,1,0,"£144,290.25",0,18-30,0.81,0,Yes,No,Stayed
15627630,599,France,Female,41,1,£0.00,2,1,0,"£96,069.82",0,31-45,0,0,Yes,No,Stayed
15610930,572,Germany,Female,35,1,"£139,979.07",1,1,0,"£185,662.84",0,31-45,0.75,0,Yes,No,Stayed
15657747,611,Germany,Female,43,9,"£127,216.31",2,0,1,"£17,913.25",0,31-45,7.1,0,No,Yes,Stayed
15568006,634,France,Female,45,2,£0.00,4,1,0,"£101,039.53",1,31-45,0,1,Yes,No,Churned
15751748,666,France,Male,51,2,"£148,222.65",1,0,0,"£156,953.54",1,46-60,0.94,0,No,No,Churned
15722212,696,France,Female,41,8,£0.00,2,0,0,"£28,276.83",0,31-45,0,0,No,No,Stayed
15658670,669,France,Female,38,8,£0.00,2,1,0,"£84,049.16",0,31-45,0,0,Yes,No,Stayed
15761654,726,Spain,Male,30,8,"£134,152.29",1,1,1,"£147,822.44",0,18-30,0.91,0,Yes,Yes,Stayed
15812210,497,Germany,Female,32,8,"£111,537.23",4,1,1,"£9,497.99",1,31-45,11.74,1,Yes,Yes,Churned
15787051,750,Spain,Female,39,7,"£119,565.92",1,1,0,"£87,067.73",0,31-45,1.37,0,Yes,No,Stayed
15642991,850,Spain,Female,29,7,£0.00,2,1,0,"£23,237.25",0,18-30,0,0,Yes,No,Stayed
15713769,617,Spain,Male,38,7,£0.00,1,1,1,"£27,239.28",0,31-45,0,0,Yes,Yes,Stayed
15605826,652,Germany,Male,46,10,"£121,063.80",3,1,0,"£151,481.86",1,46-60,0.8,1,Yes,No,Churned
15648898,560,Spain,Female,27,7,"£124,995.98",1,1,1,"£114,669.79",0,18-30,1.09,0,Yes,Yes,Stayed
15705309,629,Spain,Male,39,5,£0.00,2,0,0,"£116,748.14",0,31-45,0,0,No,No,Stayed
15734202,660,Germany,Female,52,4,"£86,891.84",1,1,0,"£90,877.76",0,46-60,0.96,0,Yes,No,Stayed
15658852,676,France,Male,38,8,£0.00,2,1,1,"£133,692.88",0,31-45,0,0,Yes,Yes,Stayed
15612633,581,Spain,Male,43,9,"£78,022.61",1,0,1,"£30,662.91",0,31-45,2.54,0,No,Yes,Stayed
15604818,798,France,Male,34,9,"£154,495.79",1,1,0,"£191,395.88",0,31-45,0.81,0,Yes,No,Stayed
15593900,705,France,Male,38,1,"£189,443.72",1,0,1,"£106,648.58",0,31-45,1.78,0,No,Yes,Stayed
15624995,714,Spain,Female,31,6,"£152,926.60",1,1,1,"£50,899.91",0,31-45,3,0,Yes,Yes,Stayed
15570087,664,France,Female,44,8,"£142,989.69",1,1,1,"£115,452.51",1,31-45,1.24,0,Yes,Yes,Churned
15802617,697,Germany,Male,43,7,"£115,371.94",2,1,0,"£64,139.10",0,31-45,1.8,0,Yes,No,Stayed
15656029,609,France,Male,37,6,£0.00,2,0,1,"£22,030.72",0,31-45,0,0,No,Yes,Stayed
15739194,548,Spain,Male,38,0,"£178,056.54",2,1,0,"£38,434.73",0,31-45,4.63,0,Yes,No,Stayed
15607275,850,Spain,Male,39,6,"£206,014.94",2,0,1,"£42,774.84",1,31-45,4.82,0,No,Yes,Churned
15629475,656,France,Male,41,2,£0.00,2,1,0,"£158,973.77",0,31-45,0,0,Yes,No,Stayed
15635034,727,Germany,Male,37,9,"£101,191.83",1,1,1,"£34,551.35",1,31-45,2.93,0,Yes,Yes,Churned
15756333,642,France,Female,55,7,£0.00,2,1,1,"£101,515.76",0,46-60,0,0,Yes,Yes,Stayed
15777436,710,Spain,Female,31,5,£0.00,2,1,0,"£9,561.73",0,31-45,0,0,Yes,No,Stayed
15676835,710,Spain,Male,33,1,£0.00,2,1,0,"£168,313.17",0,31-45,0,0,Yes,No,Stayed
15574206,718,France,Female,37,7,£0.00,2,1,1,"£55,100.09",0,31-45,0,0,Yes,Yes,Stayed
15613017,586,Germany,Male,32,1,"£149,814.54",1,1,0,"£31,830.06",0,31-45,4.71,0,Yes,No,Stayed
15815131,617,Spain,Female,36,7,"£115,617.24",1,1,1,"£71,519.40",0,31-45,1.62,0,Yes,Yes,Stayed
15585455,630,France,Male,28,9,£0.00,2,0,0,"£32,599.35",0,18-30,0,0,No,No,Stayed
15692929,791,Germany,Female,42,10,"£113,657.41",2,0,1,"£139,946.68",1,31-45,0.81,0,No,Yes,Churned
15758081,673,Spain,Male,39,8,"£138,160.00",1,1,1,"£110,468.51",0,31-45,1.25,0,Yes,Yes,Stayed
15667476,477,Germany,Female,36,3,"£117,700.86",1,0,0,"£74,042.00",0,31-45,1.59,0,No,No,Stayed
15738248,662,France,Female,37,5,£0.00,2,1,0,"£151,871.84",0,31-45,0,0,Yes,No,Stayed
15672152,850,Germany,Male,37,9,"£122,506.38",1,0,1,"£199,693.84",1,31-45,0.61,0,No,Yes,Churned
15673372,635,France,Female,58,1,£0.00,1,1,1,"£58,907.08",1,46-60,0,0,Yes,Yes,Churned
15587611,537,France,Male,59,9,£0.00,2,0,0,"£103,799.77",1,46-60,0,0,No,No,Churned
15803415,579,France,Female,39,3,"£166,501.17",2,1,0,"£93,835.64",0,31-45,1.77,0,Yes,No,Stayed
15715673,651,Spain,Female,46,4,"£89,743.05",1,1,0,"£156,425.57",1,46-60,0.57,0,Yes,No,Churned
15655648,610,France,Female,25,2,£0.00,2,1,0,"£123,723.83",0,18-30,0,0,Yes,No,Stayed
15763613,581,France,Male,30,1,£0.00,2,1,0,"£199,464.08",0,18-30,0,0,Yes,No,Stayed
15660385,592,France,Male,39,7,£0.00,2,1,0,"£83,084.33",0,31-45,0,0,Yes,No,Stayed
15733261,688,Spain,Female,35,6,£0.00,1,1,0,"£25,488.43",1,31-45,0,0,Yes,No,Churned
15796231,681,France,Female,18,1,"£98,894.39",1,1,1,"£9,596.40",0,18-30,10.31,0,Yes,Yes,Stayed
15624866,658,Germany,Male,37,3,"£168,735.74",2,0,0,"£70,370.24",0,31-45,2.4,0,No,No,Stayed
15623730,792,France,Male,34,1,£0.00,1,0,1,"£86,330.32",0,31-45,0,0,No,Yes,Stayed
15668248,528,Germany,Female,62,7,"£133,201.17",1,0,0,"£168,507.68",1,60+,0.79,0,No,No,Churned
15694518,624,Spain,Female,36,0,£0.00,2,1,0,"£111,605.90",0,31-45,0,0,Yes,No,Stayed
15638028,562,Germany,Male,31,4,"£127,237.25",2,0,1,"£143,317.42",0,31-45,0.89,0,No,Yes,Stayed
15795895,678,Germany,Male,36,1,"£117,864.85",2,1,0,"£27,619.06",0,31-45,4.27,0,Yes,No,Stayed
15694376,705,Germany,Female,64,3,"£153,469.26",3,0,0,"£146,573.66",1,60+,1.05,1,No,No,Churned
15669204,650,Germany,Male,23,4,"£93,911.30",2,1,0,"£69,055.45",0,18-30,1.36,0,Yes,No,Stayed
15773779,593,Spain,Female,46,2,"£76,597.79",1,1,1,"£54,453.72",0,46-60,1.41,0,Yes,Yes,Stayed
15580682,652,France,Female,40,4,"£79,927.36",2,1,1,"£33,524.60",0,31-45,2.38,0,Yes,Yes,Stayed
15768530,554,Spain,Female,27,4,£0.00,2,1,1,"£135,083.73",0,18-30,0,0,Yes,Yes,Stayed
15672875,584,Germany,Male,32,8,"£40,172.91",1,1,1,"£137,439.34",0,31-45,0.29,0,Yes,Yes,Stayed
15617082,516,France,Male,33,7,"£115,195.58",1,1,1,"£11,205.50",0,31-45,10.28,0,Yes,Yes,Stayed
15760514,789,Germany,Female,43,9,"£116,644.29",2,1,1,"£60,176.10",0,31-45,1.94,0,Yes,Yes,Stayed
15761775,598,Germany,Male,20,8,"£180,293.84",2,1,1,"£29,552.70",0,18-30,6.1,0,Yes,Yes,Stayed
15799964,669,Germany,Female,30,7,"£139,872.81",1,1,0,"£188,795.85",0,18-30,0.74,0,Yes,No,Stayed
15693906,645,France,Female,24,3,"£34,547.82",1,1,1,"£11,638.17",0,18-30,2.97,0,Yes,Yes,Stayed
15739514,659,France,Female,32,9,£0.00,2,1,1,"£93,155.75",0,31-45,0,0,Yes,Yes,Stayed
15756926,833,Germany,Male,29,1,"£96,462.25",2,0,1,"£48,986.18",0,18-30,1.97,0,No,Yes,Stayed
15770984,697,Spain,Female,40,7,"£130,334.35",2,0,1,"£116,951.10",0,31-45,1.11,0,No,Yes,Stayed
15703979,580,Germany,Male,39,3,"£119,688.81",1,1,0,"£137,041.26",0,31-45,0.87,0,Yes,No,Stayed
15801821,691,France,Male,38,1,£0.00,2,0,0,"£44,653.50",0,31-45,0,0,No,No,Stayed
15711028,534,France,Male,52,1,£0.00,3,1,1,"£104,035.41",1,46-60,0,1,Yes,Yes,Churned
15791842,478,France,Female,32,6,"£71,187.24",1,1,1,"£110,593.62",0,31-45,0.64,0,Yes,Yes,Stayed
15746127,572,France,Female,47,2,£0.00,2,1,0,"£36,099.70",0,46-60,0,0,Yes,No,Stayed
15663625,501,France,Male,37,4,£0.00,2,0,0,"£12,470.30",0,31-45,0,0,No,No,Stayed
15604891,624,Spain,Female,38,8,£0.00,2,1,0,"£95,403.41",0,31-45,0,0,Yes,No,Stayed
15589666,595,France,Female,39,9,"£136,422.41",1,1,1,"£151,757.81",0,31-45,0.9,0,Yes,Yes,Stayed
15627881,603,France,Male,30,8,£0.00,2,1,1,"£47,536.46",0,18-30,0,0,Yes,Yes,Stayed
15664895,602,France,Female,25,0,£0.00,2,1,1,"£101,274.17",0,18-30,0,0,Yes,Yes,Stayed
15676094,500,France,Female,34,6,£0.00,1,1,1,"£140,268.45",0,31-45,0,0,Yes,Yes,Stayed
15761720,422,France,Male,41,6,"£153,238.88",1,1,0,"£11,663.09",0,31-45,13.14,0,Yes,No,Stayed
15611961,615,France,Male,35,7,£0.00,2,1,0,"£150,784.29",0,31-45,0,0,Yes,No,Stayed
15680167,635,France,Female,78,6,"£47,536.40",1,1,1,"£119,400.08",0,60+,0.4,0,Yes,Yes,Stayed
15762543,711,France,Female,32,1,£0.00,2,1,0,"£126,188.42",0,31-45,0,0,Yes,No,Stayed
15658475,834,France,Male,36,8,"£142,882.49",1,1,0,"£89,983.02",1,31-45,1.59,0,Yes,No,Churned
15779743,633,France,Female,44,7,£0.00,2,1,0,"£29,761.29",0,31-45,0,0,Yes,No,Stayed
15661532,650,France,Female,31,1,"£160,566.11",2,0,0,"£27,073.81",0,31-45,5.93,0,No,No,Stayed
15782360,743,Germany,Male,65,2,"£131,935.51",1,1,1,"£96,399.67",1,60+,1.37,0,Yes,Yes,Churned
15767908,567,France,Male,38,6,"£127,678.80",2,0,0,"£45,422.89",0,31-45,2.81,0,No,No,Stayed
15677105,706,Germany,Female,46,4,"£105,214.58",1,1,0,"£108,699.59",1,46-60,0.97,0,Yes,No,Churned
15641474,638,France,Male,46,9,"£139,859.54",1,1,0,"£38,967.29",0,46-60,3.59,0,Yes,No,Stayed
15624451,641,France,Female,38,3,£0.00,2,1,0,"£116,466.19",0,31-45,0,0,Yes,No,Stayed
15577985,574,France,Female,34,5,"£112,324.45",2,1,1,"£17,993.43",0,31-45,6.24,0,Yes,Yes,Stayed
15571666,642,Germany,Male,30,8,"£134,497.27",1,0,0,"£43,250.54",0,18-30,3.11,0,No,No,Stayed
15783691,722,Spain,Female,35,1,"£120,171.58",1,1,0,"£125,240.80",0,31-45,0.96,0,Yes,No,Stayed
15671172,623,France,Male,23,1,"£106,012.20",2,0,1,"£191,415.94",0,18-30,0.55,0,No,Yes,Stayed
15731760,681,France,Male,25,5,£0.00,1,0,1,"£90,860.97",0,18-30,0,0,No,Yes,Stayed
15585599,530,France,Female,34,8,£0.00,2,0,1,"£141,872.52",0,31-45,0,0,No,Yes,Stayed
15784958,797,France,Female,55,10,£0.00,4,1,1,"£49,418.87",1,46-60,0,1,Yes,Yes,Churned
15734524,653,France,Male,51,3,£0.00,1,1,0,"£170,426.65",1,46-60,0,0,Yes,No,Churned
15614103,850,Germany,Male,42,8,"£119,839.69",1,0,1,"£51,016.02",1,31-45,2.35,0,No,Yes,Churned
15794895,581,Spain,Male,34,1,£0.00,2,0,1,"£81,175.25",0,31-45,0,0,No,Yes,Stayed
15772381,589,Germany,Male,38,8,"£92,219.21",1,1,0,"£99,106.97",0,31-45,0.93,0,Yes,No,Stayed
15710553,555,Germany,Male,48,3,"£142,055.41",2,0,1,"£79,134.78",0,46-60,1.8,0,No,Yes,Stayed
15649292,748,France,Female,49,7,"£29,602.08",1,0,0,"£163,550.58",1,46-60,0.18,0,No,No,Churned
15792565,745,France,Female,46,7,£0.00,2,1,1,"£67,769.94",0,46-60,0,0,Yes,Yes,Stayed
15718245,730,France,Male,34,1,£0.00,2,1,1,"£126,592.01",0,31-45,0,0,Yes,Yes,Stayed
15703117,565,France,Female,44,1,£0.00,2,0,1,"£89,602.81",0,31-45,0,0,No,Yes,Stayed
15758136,778,France,Male,37,3,"£141,803.77",1,0,1,"£179,421.84",0,31-45,0.79,0,No,Yes,Stayed
15799932,812,France,Male,24,10,£0.00,2,1,1,"£156,906.15",0,18-30,0,0,Yes,Yes,Stayed
15633516,526,France,Male,42,1,£0.00,1,0,1,"£168,486.02",0,31-45,0,0,No,Yes,Stayed
15622532,708,France,Female,47,0,"£126,589.12",2,0,1,"£132,730.07",1,46-60,0.95,0,No,Yes,Churned
15798960,680,France,Male,33,2,"£108,393.35",1,0,1,"£39,057.67",0,31-45,2.78,0,No,Yes,Stayed
15698664,567,Spain,Male,43,2,"£115,643.58",2,0,0,"£174,606.35",0,31-45,0.66,0,No,No,Stayed
15703614,564,Spain,Male,48,5,"£132,876.23",1,1,0,"£79,259.77",0,46-60,1.68,0,Yes,No,Stayed
15699195,709,France,Female,24,3,"£110,949.41",1,1,1,"£168,515.61",0,18-30,0.66,0,Yes,Yes,Stayed
15710543,629,France,Male,46,1,"£130,666.20",1,1,1,"£161,125.67",1,46-60,0.81,0,Yes,Yes,Churned
15695499,510,France,Female,45,10,"£103,821.47",2,0,1,"£77,878.62",0,31-45,1.33,0,No,Yes,Stayed
15622321,506,France,Female,32,3,£0.00,1,1,1,"£80,823.02",0,31-45,0,0,Yes,Yes,Stayed
15715744,605,France,Male,39,7,£0.00,1,0,1,"£119,348.28",0,31-45,0,0,No,Yes,Stayed
15788151,650,Spain,Male,32,1,"£132,187.73",2,1,1,"£178,331.36",0,31-45,0.74,0,Yes,Yes,Stayed
15687153,850,Germany,Male,49,8,"£98,649.55",1,1,0,"£119,174.88",1,46-60,0.83,0,Yes,No,Churned
15684958,489,Germany,Male,38,2,"£126,444.08",2,1,1,"£82,662.73",0,31-45,1.53,0,Yes,Yes,Stayed
15706116,659,Germany,Female,30,8,"£154,159.51",1,1,0,"£40,441.10",0,18-30,3.81,0,Yes,No,Stayed
15740557,753,France,Female,43,5,£0.00,2,1,0,"£109,881.71",0,31-45,0,0,Yes,No,Stayed
15707291,477,Germany,Male,48,8,"£129,250.00",2,1,1,"£157,937.35",0,46-60,0.82,0,Yes,Yes,Stayed
15583353,610,Spain,Female,45,3,£0.00,1,1,0,"£38,276.84",1,31-45,0,0,Yes,No,Churned
15761024,619,France,Female,33,2,"£167,733.51",2,1,1,"£65,222.48",0,31-45,2.57,0,Yes,Yes,Stayed
15630709,619,Germany,Female,31,2,"£56,116.30",2,0,0,"£2,181.94",0,31-45,25.72,0,No,No,Stayed
15639590,758,France,Female,30,3,"£141,581.08",1,1,0,"£156,249.06",0,18-30,0.91,0,Yes,No,Stayed
15659399,516,Germany,Male,50,7,"£139,675.07",2,1,0,"£45,591.23",0,46-60,3.06,0,Yes,No,Stayed
15567078,789,France,Female,27,8,"£66,201.96",1,1,1,"£79,458.12",0,18-30,0.83,0,Yes,Yes,Stayed
15696373,687,France,Female,44,9,£0.00,2,0,0,"£103,042.20",1,31-45,0,0,No,No,Churned
15786617,485,Germany,Male,34,3,"£133,658.24",1,1,0,"£70,209.83",0,31-45,1.9,0,Yes,No,Stayed
15657449,446,Germany,Male,25,3,"£136,202.78",1,1,0,"£176,743.51",0,18-30,0.77,0,Yes,No,Stayed
15672594,597,France,Female,60,0,"£131,778.08",1,0,0,"£10,703.53",1,46-60,12.31,0,No,No,Churned
15714240,712,Spain,Male,74,5,£0.00,2,0,0,"£151,425.82",0,60+,0,0,No,No,Stayed
15782144,522,France,Female,34,3,£0.00,2,1,1,"£3,894.34",0,31-45,0,0,Yes,Yes,Stayed
15665008,805,Germany,Female,26,8,"£42,712.87",2,1,1,"£28,861.69",0,18-30,1.48,0,Yes,Yes,Stayed
15581733,781,France,Female,28,4,£0.00,2,1,0,"£177,703.15",0,18-30,0,0,Yes,No,Stayed
15751392,689,Spain,Female,57,4,£0.00,2,1,0,"£136,649.80",1,46-60,0,0,Yes,No,Churned
15785815,670,Germany,Male,31,1,"£142,631.54",2,1,1,"£175,894.24",0,31-45,0.81,0,Yes,Yes,Stayed
15664214,670,France,Male,33,2,"£141,204.65",2,1,0,"£76,257.46",0,31-45,1.85,0,Yes,No,Stayed
15579996,524,Germany,Female,25,7,"£131,402.21",1,0,0,"£193,668.49",0,18-30,0.68,0,No,No,Stayed
15675252,734,Spain,Female,39,3,"£92,636.96",2,1,1,"£125,671.29",0,31-45,0.74,0,Yes,Yes,Stayed
15579617,489,France,Female,51,3,£0.00,2,0,1,"£174,098.28",1,46-60,0,0,No,Yes,Churned
15593976,578,Germany,Female,31,5,"£102,088.68",4,0,0,"£187,866.21",1,31-45,0.54,1,No,No,Churned
15716041,622,Spain,Male,39,9,£0.00,2,0,1,"£100,862.36",0,31-45,0,0,No,Yes,Stayed
15654489,843,France,Female,38,8,"£134,887.53",1,1,1,"£10,804.04",0,31-45,12.48,0,Yes,Yes,Stayed
15736302,687,France,Male,48,4,£0.00,2,1,1,"£170,893.85",0,46-60,0,0,Yes,Yes,Stayed
15805909,700,Spain,Male,28,8,"£159,900.38",1,0,0,"£22,698.56",0,18-30,7.04,0,No,No,Stayed
15572762,410,Germany,Female,50,2,"£102,278.79",2,1,0,"£89,822.48",0,46-60,1.14,0,Yes,No,Stayed
15724632,537,France,Female,41,0,£0.00,2,0,1,"£175,262.49",0,31-45,0,0,No,Yes,Stayed
15670416,780,France,Female,43,0,£0.00,1,0,1,"£15,705.27",0,31-45,0,0,No,Yes,Stayed
15749528,652,Spain,Male,58,6,£0.00,2,0,1,"£170,025.43",0,46-60,0,0,No,Yes,Stayed
15578783,620,Germany,Male,35,0,"£76,989.97",1,1,1,"£17,242.79",0,31-45,4.47,0,Yes,Yes,Stayed
15580719,697,France,Female,23,10,£0.00,2,1,1,"£79,734.23",0,18-30,0,0,Yes,Yes,Stayed
15656293,786,France,Male,35,3,£0.00,2,1,0,"£92,712.97",0,31-45,0,0,Yes,No,Stayed
15691875,850,Germany,Female,39,5,"£114,491.82",1,1,0,"£99,689.48",0,31-45,1.15,0,Yes,No,Stayed
15596870,749,Germany,Male,54,3,"£144,768.94",1,1,0,"£93,336.30",1,46-60,1.55,0,Yes,No,Churned
15780770,445,France,Male,31,7,"£145,056.59",1,1,1,"£175,893.53",0,31-45,0.82,0,Yes,Yes,Stayed
15751491,443,Germany,Male,50,3,"£117,206.30",1,1,0,"£42,840.18",1,46-60,2.74,0,Yes,No,Churned
15706200,637,Germany,Male,41,2,"£138,014.40",2,1,0,"£140,298.24",0,31-45,0.98,0,Yes,No,Stayed
15808674,616,Germany,Female,45,6,"£128,352.59",3,1,1,"£144,000.59",1,31-45,0.89,1,Yes,Yes,Churned
15641411,756,France,Female,23,1,"£112,568.31",1,1,1,"£113,408.11",0,18-30,0.99,0,Yes,Yes,Stayed
15764661,644,France,Male,33,2,£0.00,1,1,0,"£96,420.58",0,31-45,0,0,Yes,No,Stayed
15689492,850,Germany,Male,41,1,"£176,958.46",2,0,1,"£125,806.30",0,31-45,1.41,0,No,Yes,Stayed
15602405,703,Germany,Female,38,9,"£99,167.54",1,1,0,"£65,720.92",0,31-45,1.51,0,Yes,No,Stayed
15610271,684,Spain,Female,42,3,"£103,210.27",1,1,0,"£31,002.03",0,31-45,3.33,0,Yes,No,Stayed
15791780,706,Germany,Female,48,10,"£104,478.12",3,0,1,"£158,248.71",1,46-60,0.66,1,No,Yes,Churned
15589147,580,Spain,Male,61,8,"£125,921.37",1,1,1,"£94,677.83",0,60+,1.33,0,Yes,Yes,Stayed
15756975,777,Spain,Female,35,3,£0.00,2,1,1,"£17,257.72",0,31-45,0,0,Yes,Yes,Stayed
15729582,676,Germany,Male,48,3,"£80,697.44",1,0,0,"£101,397.86",0,46-60,0.8,0,No,No,Stayed
15742971,708,France,Female,44,2,"£161,887.81",2,1,0,"£84,870.23",0,31-45,1.91,0,Yes,No,Stayed
15568046,809,France,Male,24,7,"£109,558.36",1,1,0,"£183,515.13",0,18-30,0.6,0,Yes,No,Stayed
15694890,588,France,Male,38,1,"£124,271.26",1,1,0,"£75,969.19",0,31-45,1.64,0,Yes,No,Stayed
15736963,623,France,Male,43,1,£0.00,2,1,1,"£146,379.30",0,31-45,0,0,Yes,Yes,Stayed
15646490,537,Spain,Male,42,1,"£190,569.23",1,0,1,"£127,154.80",0,31-45,1.5,0,No,Yes,Stayed
15607314,536,Spain,Male,53,2,"£143,923.96",1,1,0,"£2,019.78",1,46-60,71.26,0,Yes,No,Churned
15576745,769,France,Male,48,2,"£96,542.16",2,0,1,"£197,885.72",0,46-60,0.49,0,No,Yes,Stayed
15669606,690,France,Male,33,5,£0.00,2,1,0,"£138,017.68",0,31-45,0,0,Yes,No,Stayed
15737832,771,Spain,Male,45,0,"£139,825.56",1,0,0,"£170,984.97",1,31-45,0.82,0,No,No,Churned
15681990,497,Germany,Male,24,6,"£111,769.14",2,1,0,"£55,859.27",0,18-30,2,0,Yes,No,Stayed
15758050,622,Spain,Male,37,4,£0.00,2,1,0,"£4,459.50",0,31-45,0,0,Yes,No,Stayed
15787848,602,Spain,Male,30,9,"£113,672.18",2,0,0,"£102,135.92",0,18-30,1.11,0,No,No,Stayed
15713594,543,France,Female,32,7,"£147,256.86",1,1,0,"£112,771.95",0,31-45,1.31,0,Yes,No,Stayed
15588186,520,Spain,Male,45,7,"£107,023.03",1,1,0,"£32,903.93",0,31-45,3.25,0,Yes,No,Stayed
15786739,669,France,Male,37,1,"£125,529.55",1,1,1,"£162,260.93",0,31-45,0.77,0,Yes,Yes,Stayed
15699467,631,Spain,Female,41,0,£0.00,1,0,0,"£87,959.83",0,31-45,0,0,No,No,Stayed
15680706,537,Germany,Male,48,4,"£131,834.80",1,1,0,"£166,476.95",1,46-60,0.79,0,Yes,No,Churned
15645717,732,France,Male,62,2,£0.00,2,1,1,"£25,438.87",0,60+,0,0,Yes,Yes,Stayed
15748597,844,Spain,Male,56,5,"£99,529.70",1,0,1,"£157,230.06",1,46-60,0.63,0,No,Yes,Churned
15773709,838,Spain,Male,35,0,£0.00,2,0,1,"£197,305.91",0,31-45,0,0,No,Yes,Stayed
15629787,652,France,Male,27,10,"£107,303.72",2,0,0,"£44,435.76",0,18-30,2.41,0,No,No,Stayed
15661007,660,France,Male,33,0,"£72,783.42",1,0,0,"£181,051.99",0,31-45,0.4,0,No,No,Stayed
15686812,692,Spain,Female,44,8,£0.00,1,0,1,"£159,069.37",0,31-45,0,0,No,Yes,Stayed
15754113,588,France,Female,35,0,£0.00,2,1,1,"£155,485.24",0,31-45,0,0,Yes,Yes,Stayed
15749489,533,Germany,Female,22,10,"£115,743.60",1,0,0,"£43,852.05",0,18-30,2.64,0,No,No,Stayed
15574352,850,France,Male,43,4,"£161,256.53",1,1,1,"£140,071.57",0,31-45,1.15,0,Yes,Yes,Stayed
15701281,511,France,Male,27,8,£0.00,2,1,1,"£49,089.36",0,18-30,0,0,Yes,Yes,Stayed
15811985,530,Spain,Male,44,6,£0.00,2,0,0,"£55,893.37",0,31-45,0,0,No,No,Stayed
15713505,554,France,Male,31,1,£0.00,2,0,1,"£192,660.55",0,31-45,0,0,No,Yes,Stayed
15685653,585,Germany,Female,40,3,"£162,261.01",2,1,0,"£137,028.51",0,31-45,1.18,0,Yes,No,Stayed
15758831,754,France,Male,39,3,"£74,896.33",1,0,0,"£34,430.16",0,31-45,2.18,0,No,No,Stayed
15618774,474,France,Male,54,3,£0.00,1,1,0,"£108,409.17",1,46-60,0,0,Yes,No,Churned
15764448,837,Germany,Male,35,0,"£144,037.60",1,1,0,"£145,325.32",0,31-45,0.99,0,Yes,No,Stayed
15611024,567,France,Female,23,9,"£93,522.20",1,0,1,"£81,425.61",0,18-30,1.15,0,No,Yes,Stayed
15738220,800,Spain,Male,38,1,£0.00,2,1,0,"£51,553.43",0,31-45,0,0,Yes,No,Stayed
15805764,646,France,Male,18,10,£0.00,2,0,1,"£52,795.15",0,18-30,0,0,No,Yes,Stayed
15580487,627,Germany,Male,38,8,"£106,922.92",2,0,1,"£84,270.09",0,31-45,1.27,0,No,Yes,Stayed
15675787,505,France,Male,26,8,"£112,972.57",1,1,0,"£145,011.62",0,18-30,0.78,0,Yes,No,Stayed
15583580,566,Germany,Female,35,1,"£123,042.00",1,1,0,"£66,245.44",1,31-45,1.86,0,Yes,No,Churned
15780654,619,Germany,Female,33,3,"£100,488.92",2,0,1,"£36,446.74",0,31-45,2.76,0,No,Yes,Stayed
15695034,757,France,Female,44,4,"£123,322.15",1,1,0,"£137,136.29",0,31-45,0.9,0,Yes,No,Stayed
15805671,648,France,Male,32,0,£0.00,1,0,1,"£117,323.31",0,31-45,0,0,No,Yes,Stayed
15790658,621,Spain,Male,42,8,"£68,683.68",1,1,1,"£74,157.71",0,31-45,0.93,0,Yes,Yes,Stayed
15578648,543,Germany,Male,49,6,"£59,532.18",1,1,0,"£104,253.56",0,46-60,0.57,0,Yes,No,Stayed
15734987,658,France,Female,43,7,"£140,260.36",2,1,0,"£2,748.72",0,31-45,51.03,0,Yes,No,Stayed
15721740,633,Germany,Male,50,7,"£88,302.65",1,1,1,"£195,937.16",0,46-60,0.45,0,Yes,Yes,Stayed
15641822,648,France,Female,19,1,£0.00,2,0,1,"£22,101.86",0,18-30,0,0,No,Yes,Stayed
15765650,501,Germany,Male,40,5,"£114,655.58",1,0,0,"£126,535.92",0,31-45,0.91,0,No,No,Stayed
15788556,683,France,Female,42,4,"£148,283.94",1,1,1,"£44,692.63",1,31-45,3.32,0,Yes,Yes,Churned
15576550,619,Spain,Female,38,1,£0.00,1,1,0,"£112,442.63",1,31-45,0,0,Yes,No,Churned
15622230,705,France,Female,35,3,£0.00,2,0,1,"£66,331.01",0,31-45,0,0,No,Yes,Stayed
15653937,638,Germany,Female,53,1,"£123,916.67",1,1,0,"£16,657.68",1,46-60,7.44,0,Yes,No,Churned
15743538,710,France,Female,31,1,£0.00,2,1,0,"£20,081.30",0,31-45,0,0,Yes,No,Stayed
15591740,590,France,Female,54,4,£0.00,2,1,1,"£93,820.49",1,46-60,0,0,Yes,Yes,Churned
15650086,725,France,Male,43,2,"£165,896.00",2,1,0,"£130,795.52",0,31-45,1.27,0,Yes,No,Stayed
15718773,638,France,Female,32,0,£0.00,2,1,0,"£160,129.99",0,31-45,0,0,Yes,No,Stayed
15615140,791,France,Male,36,6,"£111,168.97",1,1,1,"£189,969.91",0,31-45,0.59,0,Yes,Yes,Stayed
15644361,702,France,Female,40,1,"£103,549.24",1,0,0,"£9,712.52",1,31-45,10.66,0,No,No,Churned
15774536,607,France,Female,32,6,£0.00,2,0,0,"£196,062.01",0,31-45,0,0,No,No,Stayed
15618661,535,France,Male,30,6,"£103,804.97",1,1,1,"£125,710.53",0,18-30,0.83,0,Yes,Yes,Stayed
15605020,651,France,Male,45,2,"£165,901.59",2,1,0,"£23,054.51",1,31-45,7.2,0,Yes,No,Churned
15762134,506,Germany,Male,59,8,"£119,152.10",2,1,1,"£170,679.74",0,46-60,0.7,0,Yes,Yes,Stayed
15685279,511,Spain,Female,57,8,"£122,950.31",1,1,1,"£181,258.76",0,46-60,0.68,0,Yes,Yes,Stayed
15582849,757,France,Female,51,1,£0.00,1,1,1,"£22,835.13",1,46-60,0,0,Yes,Yes,Churned
15655410,768,Germany,Male,49,1,"£133,384.66",1,1,0,"£102,397.22",1,46-60,1.3,0,Yes,No,Churned
15649129,757,France,Male,32,9,£0.00,2,1,0,"£115,950.96",0,31-45,0,0,Yes,No,Stayed
15702380,663,Spain,Male,64,6,£0.00,2,0,1,"£15,876.52",0,60+,0,0,No,Yes,Stayed
15759067,537,Germany,Female,37,7,"£158,411.95",4,1,1,"£117,690.58",1,31-45,1.35,1,Yes,Yes,Churned
15683027,570,Germany,Male,29,4,"£122,028.65",2,1,1,"£173,792.77",0,18-30,0.7,0,Yes,Yes,Stayed
15597487,850,France,Female,35,5,£0.00,1,1,1,"£80,992.80",0,31-45,0,0,Yes,Yes,Stayed
15763256,661,Germany,Female,64,8,"£128,751.65",2,1,0,"£189,398.18",1,60+,0.68,0,Yes,No,Churned
15620111,659,France,Male,54,8,"£133,436.52",1,1,0,"£56,787.80",0,46-60,2.35,0,Yes,No,Stayed
15623053,454,Spain,Male,40,2,"£123,177.01",1,1,0,"£148,309.98",0,31-45,0.83,0,Yes,No,Stayed
15595592,708,France,Female,59,2,£0.00,1,1,0,"£179,673.11",1,46-60,0,0,Yes,No,Churned
15740072,720,France,Female,37,2,"£120,328.88",2,1,1,"£138,470.21",0,31-45,0.87,0,Yes,Yes,Stayed
15778005,785,France,Female,39,1,"£130,147.98",1,1,0,"£163,798.41",1,31-45,0.79,0,Yes,No,Churned
15583278,743,Spain,Female,36,8,"£92,716.96",1,1,1,"£33,693.78",0,31-45,2.75,0,Yes,Yes,Stayed
15601263,493,Spain,Female,48,7,£0.00,2,1,0,"£48,545.10",0,46-60,0,0,Yes,No,Stayed
15709222,557,Spain,Male,34,3,£0.00,1,0,1,"£123,427.98",0,31-45,0,0,No,Yes,Stayed
15713949,850,France,Male,40,1,"£76,914.21",1,1,0,"£174,183.44",0,31-45,0.44,0,Yes,No,Stayed
15717706,799,France,Female,32,3,"£106,045.92",2,1,1,"£17,938.00",0,31-45,5.91,0,Yes,Yes,Stayed
15756071,756,France,Male,34,1,"£103,133.26",1,1,1,"£90,059.04",0,31-45,1.15,0,Yes,Yes,Stayed
15696564,752,France,Male,38,0,"£145,974.79",2,1,1,"£137,694.23",0,31-45,1.06,0,Yes,Yes,Stayed
15657637,696,Spain,Female,36,3,£0.00,3,1,0,"£65,039.90",0,31-45,0,1,Yes,No,Stayed
15755863,630,Spain,Female,49,1,£0.00,2,0,1,"£162,858.29",0,46-60,0,0,No,Yes,Stayed
15719858,659,Spain,Female,38,9,£0.00,2,1,1,"£35,701.06",0,31-45,0,0,Yes,Yes,Stayed
15688876,685,Spain,Male,39,9,£0.00,2,1,1,"£18,826.06",0,31-45,0,0,Yes,Yes,Stayed
15698528,599,Spain,Female,31,3,£0.00,1,1,1,"£130,086.47",1,31-45,0,0,Yes,Yes,Churned
15770345,559,Spain,Female,31,1,"£139,183.06",1,0,1,"£143,360.56",0,31-45,0.97,0,No,Yes,Stayed
15761506,615,Spain,Male,19,5,£0.00,2,1,0,"£159,920.92",0,18-30,0,0,Yes,No,Stayed
15716619,580,Germany,Female,36,3,"£74,974.89",1,1,1,"£12,099.67",0,31-45,6.2,0,Yes,Yes,Stayed
15788367,487,Spain,Male,44,6,"£61,691.45",1,1,1,"£53,087.98",0,31-45,1.16,0,Yes,Yes,Stayed
15709451,646,Germany,Female,35,1,"£121,952.75",2,1,1,"£142,839.82",0,31-45,0.85,0,Yes,Yes,Stayed
15640421,811,France,Female,35,7,£0.00,1,1,1,£178.19,0,31-45,0,0,Yes,Yes,Stayed
15580068,526,Spain,Male,35,5,£0.00,2,1,1,"£105,618.14",0,31-45,0,0,Yes,Yes,Stayed
15677123,767,Spain,Male,37,7,£0.00,2,1,1,"£24,734.25",0,31-45,0,0,Yes,Yes,Stayed
15619801,548,France,Female,33,1,"£80,107.83",2,0,1,"£82,245.67",0,31-45,0.97,0,No,Yes,Stayed
15582246,737,Spain,Female,45,2,£0.00,2,0,1,"£177,695.67",0,31-45,0,0,No,Yes,Stayed
15711843,613,Germany,Male,40,1,"£147,856.82",3,0,0,"£107,961.11",1,31-45,1.37,1,No,No,Churned
15680046,711,Spain,Male,36,8,£0.00,2,1,0,"£55,207.41",0,31-45,0,0,Yes,No,Stayed
15804131,850,Spain,Female,53,7,"£65,407.16",2,0,0,"£182,633.63",1,46-60,0.36,0,No,No,Churned
15722611,752,France,Female,53,8,"£114,233.18",1,1,1,"£51,587.04",0,46-60,2.21,0,Yes,Yes,Stayed
15729224,710,France,Female,37,5,£0.00,2,1,0,"£115,403.31",0,31-45,0,0,Yes,No,Stayed
15811588,664,Spain,Female,53,7,"£187,602.18",1,1,0,"£186,392.99",1,46-60,1.01,0,Yes,No,Churned
15702138,510,France,Female,22,3,"£156,834.34",1,0,0,"£44,374.44",0,18-30,3.53,0,No,No,Stayed
15749799,577,France,Female,34,2,£0.00,2,1,1,"£84,033.35",0,31-45,0,0,Yes,Yes,Stayed
15752885,529,France,Male,42,1,"£157,498.90",1,1,1,"£82,276.62",0,31-45,1.91,0,Yes,Yes,Stayed
15674932,757,Spain,Female,44,9,£0.00,2,1,0,"£177,528.92",0,31-45,0,0,Yes,No,Stayed
15743828,691,France,Male,41,2,£0.00,1,1,1,"£56,850.92",1,31-45,0,0,Yes,Yes,Churned
15642022,621,Spain,Male,34,8,£0.00,1,0,0,"£47,972.65",0,31-45,0,0,No,No,Stayed
15746461,709,Spain,Male,35,2,£0.00,2,1,0,"£104,982.39",0,31-45,0,0,Yes,No,Stayed
15809991,756,Spain,Male,19,4,"£130,274.22",1,1,1,"£133,535.29",0,18-30,0.98,0,Yes,Yes,Stayed
15787322,788,France,Female,41,6,£0.00,1,1,1,"£25,571.37",0,31-45,0,0,Yes,Yes,Stayed
15575498,705,France,Female,39,5,"£149,379.66",2,1,0,"£96,075.55",0,31-45,1.55,0,Yes,No,Stayed
15691387,483,France,Male,29,9,£0.00,1,1,1,"£81,634.45",0,18-30,0,0,Yes,Yes,Stayed
15765457,719,Spain,Male,35,1,"£100,829.94",1,1,1,"£165,008.97",0,31-45,0.61,0,Yes,Yes,Stayed
15666173,793,Germany,Female,32,1,"£96,408.98",1,1,1,"£138,191.81",0,31-45,0.7,0,Yes,Yes,Stayed
15627377,593,France,Male,41,6,£0.00,2,1,1,"£99,136.49",0,31-45,0,0,Yes,Yes,Stayed
15656683,551,France,Male,52,1,£0.00,1,0,0,"£63,584.55",1,46-60,0,0,No,No,Churned
15679810,690,France,Male,39,6,£0.00,2,1,0,"£160,532.88",0,31-45,0,0,Yes,No,Stayed
15606310,823,France,Male,71,5,"£149,105.08",1,0,1,"£162,683.06",0,60+,0.92,0,No,Yes,Stayed
15756871,512,Spain,Male,39,3,£0.00,1,1,0,"£134,878.19",0,31-45,0,0,Yes,No,Stayed
15610002,802,Spain,Male,41,5,£0.00,2,1,1,"£134,626.30",0,31-45,0,0,Yes,Yes,Stayed
15567802,450,Spain,Female,34,2,£0.00,2,1,0,"£175,480.93",0,31-45,0,0,Yes,No,Stayed
15745452,651,Germany,Male,41,1,"£90,218.11",1,1,0,"£174,337.68",0,31-45,0.52,0,Yes,No,Stayed
15617252,697,France,Female,33,1,"£87,347.70",1,1,0,"£172,524.51",0,31-45,0.51,0,Yes,No,Stayed
15753248,611,France,Male,28,2,£0.00,2,0,0,"£25,395.83",0,18-30,0,0,No,No,Stayed
15610755,643,France,Female,33,0,"£137,811.75",1,1,1,"£184,856.89",0,31-45,0.75,0,Yes,Yes,Stayed
15662238,822,France,Male,37,3,"£105,563.00",1,1,0,"£182,624.93",0,31-45,0.58,0,Yes,No,Stayed
15799186,632,France,Male,38,4,£0.00,2,0,0,"£192,505.62",0,31-45,0,0,No,No,Stayed
15686941,575,Spain,Female,26,7,£0.00,2,1,0,"£112,507.63",0,18-30,0,0,Yes,No,Stayed
15601172,672,France,Male,31,6,"£91,125.75",1,1,0,"£177,295.92",0,31-45,0.51,0,Yes,No,Stayed
15723858,517,Spain,Male,39,3,£0.00,2,0,1,"£12,465.51",0,31-45,0,0,No,Yes,Stayed
15615896,621,Spain,Male,39,8,£0.00,2,1,0,"£36,122.96",0,31-45,0,0,Yes,No,Stayed
15737647,775,Germany,Female,77,6,"£135,120.56",1,1,0,"£37,836.64",0,60+,3.57,0,Yes,No,Stayed
15582841,600,France,Male,29,8,£0.00,2,0,1,"£34,747.43",0,18-30,0,0,No,Yes,Stayed
15760090,640,France,Male,28,7,£0.00,2,1,1,"£131,097.90",0,18-30,0,0,Yes,Yes,Stayed
15588587,752,France,Female,36,1,"£86,837.95",1,1,1,"£105,280.55",0,31-45,0.82,0,Yes,Yes,Stayed
15683157,613,France,Male,26,4,"£100,446.57",1,0,1,"£149,653.81",0,18-30,0.67,0,No,Yes,Stayed
15694209,484,France,Female,32,3,£0.00,2,1,1,"£139,390.99",0,31-45,0,0,Yes,Yes,Stayed
15655875,511,France,Female,33,3,£0.00,2,1,0,"£132,436.71",0,31-45,0,0,Yes,No,Stayed
15805704,745,France,Female,32,2,£0.00,4,0,1,"£179,705.13",1,31-45,0,1,No,Yes,Churned
15744789,786,Spain,Female,32,6,"£114,512.59",1,1,0,"£15,796.66",0,31-45,7.25,0,Yes,No,Stayed
15799357,727,France,Male,35,5,"£136,364.46",1,0,0,"£142,754.71",0,31-45,0.96,0,No,No,Stayed
15726153,622,France,Male,31,5,"£106,260.67",1,1,1,"£2,578.43",0,31-45,41.21,0,Yes,Yes,Stayed
15713346,794,France,Male,24,10,"£146,126.75",1,1,1,"£88,992.05",0,18-30,1.64,0,Yes,Yes,Stayed
15665053,636,Spain,Male,52,4,"£111,284.53",1,0,1,"£32,936.44",1,46-60,3.38,0,No,Yes,Churned
15592379,741,Spain,Female,42,9,"£121,056.63",2,1,0,"£39,122.58",0,31-45,3.09,0,Yes,No,Stayed
15692599,687,France,Male,34,5,"£128,270.56",1,1,0,"£191,092.62",0,31-45,0.67,0,Yes,No,Stayed
15620758,660,Spain,Male,30,4,£0.00,2,1,0,"£129,149.06",0,18-30,0,0,Yes,No,Stayed
15637428,660,France,Male,35,7,£0.00,2,1,0,"£13,218.60",0,31-45,0,0,Yes,No,Stayed
15808389,617,France,Female,79,7,£0.00,1,1,1,"£160,589.18",0,60+,0,0,Yes,Yes,Stayed
15807003,762,France,Male,32,10,"£191,775.65",1,1,0,"£179,657.83",0,31-45,1.07,0,Yes,No,Stayed
15702912,752,Spain,Female,35,2,£0.00,1,1,0,"£44,335.54",1,31-45,0,0,Yes,No,Churned
15590623,561,Spain,Male,34,4,"£85,141.79",2,1,1,"£29,217.37",0,31-45,2.91,0,Yes,Yes,Stayed
15728078,609,France,Male,26,10,"£126,392.18",1,0,1,"£43,651.49",0,18-30,2.9,0,No,Yes,Stayed
15708256,803,France,Male,28,3,£0.00,2,1,0,"£159,654.00",0,18-30,0,0,Yes,No,Stayed
15582335,556,France,Female,40,9,"£129,860.37",1,0,0,"£17,992.94",0,31-45,7.22,0,No,No,Stayed
15649150,531,France,Female,53,5,"£127,642.44",1,1,0,"£141,501.45",1,46-60,0.9,0,Yes,No,Churned
15691647,411,France,Female,35,2,£0.00,2,1,1,"£93,825.78",0,31-45,0,0,Yes,Yes,Stayed
15668270,587,Germany,Female,44,5,"£125,584.17",2,1,1,"£41,852.24",1,31-45,3,0,Yes,Yes,Churned
15624820,683,Spain,Male,56,7,"£50,911.21",3,0,0,"£97,629.31",1,46-60,0.52,1,No,No,Churned
15736254,654,France,Male,29,2,"£91,955.61",1,1,0,"£37,065.66",0,18-30,2.48,0,Yes,No,Stayed
15720814,670,Germany,Female,36,2,"£84,266.44",2,0,0,"£38,614.69",0,31-45,2.18,0,No,No,Stayed
15642997,655,France,Female,36,2,"£147,149.59",1,1,1,"£87,816.86",0,31-45,1.68,0,Yes,Yes,Stayed
15693200,752,France,Female,36,7,£0.00,2,1,0,"£184,866.86",0,31-45,0,0,Yes,No,Stayed
15624596,534,France,Female,23,5,"£104,822.45",1,0,1,"£160,176.47",0,18-30,0.65,0,No,Yes,Stayed
15807167,635,France,Male,42,1,"£146,766.72",2,0,1,"£164,357.10",0,31-45,0.89,0,No,Yes,Stayed
15660301,491,Germany,Male,70,6,"£148,745.92",2,1,1,"£17,818.33",0,60+,8.35,0,Yes,Yes,Stayed
15593094,516,France,Male,27,9,£0.00,1,1,0,"£142,680.64",1,18-30,0,0,Yes,No,Churned
15618239,530,France,Female,48,0,£0.00,1,1,0,"£85,081.09",0,46-60,0,0,Yes,No,Stayed
15574137,687,Spain,Male,35,3,£0.00,2,1,1,"£176,450.19",0,31-45,0,0,Yes,Yes,Stayed
15614740,684,France,Female,41,6,"£135,203.81",2,1,1,"£121,967.88",0,31-45,1.11,0,Yes,Yes,Stayed
15574071,706,Germany,Male,23,2,"£93,301.97",2,0,1,"£127,187.04",0,18-30,0.73,0,No,Yes,Stayed
15671148,490,Germany,Male,33,5,"£96,341.00",2,0,0,"£108,313.34",0,31-45,0.89,0,No,No,Stayed
15721921,796,France,Male,44,8,"£165,326.20",1,1,1,"£57,205.55",0,31-45,2.89,0,Yes,Yes,Stayed
15717995,849,France,Male,27,0,£0.00,2,0,1,"£157,891.86",0,18-30,0,0,No,Yes,Stayed
15632050,779,France,Female,41,10,"£99,786.20",1,1,0,"£86,927.53",0,31-45,1.15,0,Yes,No,Stayed
15647111,794,Spain,Female,22,4,"£114,440.24",1,1,1,"£107,753.07",0,18-30,1.06,0,Yes,Yes,Stayed
15759991,748,Spain,Male,36,4,"£141,573.55",1,1,0,"£82,158.14",0,31-45,1.72,0,Yes,No,Stayed
15790204,663,Spain,Female,22,9,£0.00,1,1,0,"£29,135.89",1,18-30,0,0,Yes,No,Churned
15686780,645,Spain,Female,55,1,"£133,676.65",1,0,1,"£17,095.49",0,46-60,7.82,0,No,Yes,Stayed
15640491,464,France,Female,33,10,"£147,493.70",2,1,0,"£100,447.53",0,31-45,1.47,0,Yes,No,Stayed
15783225,737,France,Male,54,9,£0.00,1,1,0,"£83,470.40",1,46-60,0,0,Yes,No,Churned
15734438,590,France,Female,29,4,£0.00,2,1,0,"£121,846.81",0,18-30,0,0,Yes,No,Stayed
15688760,522,Germany,Female,37,3,"£95,022.57",1,1,1,"£129,107.59",0,31-45,0.74,0,Yes,Yes,Stayed
15768124,648,France,Female,34,3,£0.00,1,1,0,"£54,726.43",0,31-45,0,0,Yes,No,Stayed
15661330,754,France,Male,37,6,£0.00,1,1,1,"£116,141.72",0,31-45,0,0,Yes,Yes,Stayed
15781272,669,France,Male,50,4,"£149,713.61",3,1,1,"£124,872.42",1,46-60,1.2,1,Yes,Yes,Churned
15573888,648,Germany,Female,43,1,"£107,963.38",1,0,0,"£186,438.86",1,31-45,0.58,0,No,No,Churned
15575858,763,France,Male,40,3,£0.00,2,1,0,"£134,281.11",0,31-45,0,0,Yes,No,Stayed
15645937,790,Spain,Male,32,3,£0.00,1,1,0,"£91,044.47",0,31-45,0,0,Yes,No,Stayed
15702337,581,France,Male,37,7,£0.00,2,1,1,"£74,320.75",0,31-45,0,0,Yes,Yes,Stayed
15764537,703,France,Male,43,8,£0.00,2,1,0,"£9,704.66",0,31-45,0,0,Yes,No,Stayed
15619616,571,France,Female,33,9,"£102,017.25",2,0,0,"£128,600.49",0,31-45,0.79,0,No,No,Stayed
15585133,657,Spain,Female,27,8,£0.00,2,0,0,"£6,468.24",0,18-30,0,0,No,No,Stayed
15573971,737,France,Male,44,7,£0.00,2,0,0,"£57,898.58",0,31-45,0,0,No,No,Stayed
15579433,793,Spain,Male,29,8,"£96,674.55",2,0,0,"£192,120.66",0,18-30,0.5,0,No,No,Stayed
15777045,783,Spain,Female,44,3,"£81,811.71",1,1,0,"£164,213.53",1,31-45,0.5,0,Yes,No,Churned
15611580,751,Spain,Male,33,4,"£79,281.61",1,1,0,"£117,547.76",0,31-45,0.67,0,Yes,No,Stayed
15614778,579,France,Male,31,6,£0.00,2,1,0,"£26,149.25",0,31-45,0,0,Yes,No,Stayed
15771750,655,Germany,Female,36,10,"£122,314.39",1,1,0,"£9,181.66",0,31-45,13.32,0,Yes,No,Stayed
15593280,614,Germany,Male,43,8,"£140,733.74",1,1,1,"£166,588.76",0,31-45,0.84,0,Yes,Yes,Stayed
15569274,678,Germany,Male,49,2,"£116,933.11",1,1,0,"£195,053.58",1,46-60,0.6,0,Yes,No,Churned
15654408,562,Spain,Male,41,5,"£165,445.04",2,1,0,"£85,787.31",0,31-45,1.93,0,Yes,No,Stayed
15657468,711,Germany,Female,53,5,"£123,805.03",1,1,0,"£102,428.51",0,46-60,1.21,0,Yes,No,Stayed
15614213,620,France,Male,37,0,"£107,548.94",1,1,0,"£71,175.94",0,31-45,1.51,0,Yes,No,Stayed
15589869,437,France,Male,49,9,"£111,634.29",2,0,1,"£166,440.32",0,46-60,0.67,0,No,Yes,Stayed
15693205,691,Germany,Female,41,8,"£109,153.96",3,1,1,"£148,848.76",1,31-45,0.73,1,Yes,Yes,Churned
15797113,552,Spain,Female,34,4,£0.00,2,1,0,"£140,286.69",0,31-45,0,0,Yes,No,Stayed
15676958,765,Germany,Male,34,5,"£86,055.17",2,1,1,"£104,220.50",0,31-45,0.83,0,Yes,Yes,Stayed
15739592,707,Germany,Female,51,10,"£98,438.23",1,0,0,"£70,778.63",1,46-60,1.39,0,No,No,Churned
15656263,764,Spain,Male,29,5,£0.00,2,1,0,"£65,868.28",0,18-30,0,0,Yes,No,Stayed
15636872,585,France,Female,32,8,"£144,705.87",2,0,0,"£171,482.56",0,31-45,0.84,0,No,No,Stayed
15589435,784,France,Male,31,7,£0.00,2,1,1,"£143,204.41",0,31-45,0,0,Yes,Yes,Stayed
15640464,605,France,Male,41,5,"£91,612.91",1,1,1,"£28,427.84",0,31-45,3.22,0,Yes,Yes,Stayed
15723851,699,Spain,Male,40,2,£0.00,1,1,0,"£78,387.32",0,31-45,0,0,Yes,No,Stayed
15722122,544,France,Female,40,7,£0.00,1,0,1,"£161,076.92",0,31-45,0,0,No,Yes,Stayed
15696852,803,France,Female,32,9,"£192,122.84",1,1,1,"£54,277.45",1,31-45,3.54,0,Yes,Yes,Churned
15634936,735,France,Male,41,7,"£179,904.00",1,1,1,"£137,180.95",0,31-45,1.31,0,Yes,Yes,Stayed
15575935,673,France,Male,59,0,"£178,058.06",2,0,1,"£21,063.71",1,46-60,8.45,0,No,Yes,Churned
15634491,652,France,Male,30,2,"£176,166.56",2,1,1,"£152,210.81",0,18-30,1.16,0,Yes,Yes,Stayed
15628530,694,France,Male,42,3,"£156,864.20",2,0,0,"£88,890.75",0,31-45,1.76,0,No,No,Stayed
15678720,741,France,Female,44,7,£0.00,2,1,1,"£190,534.76",0,31-45,0,0,Yes,Yes,Stayed
15627999,590,Spain,Male,30,3,£0.00,2,1,0,"£83,090.35",0,18-30,0,0,Yes,No,Stayed
15571244,809,Spain,Female,33,3,£0.00,2,0,1,"£141,426.78",0,31-45,0,0,No,Yes,Stayed
15739931,523,France,Male,34,2,"£161,588.89",1,1,1,"£51,358.66",0,31-45,3.15,0,Yes,Yes,Stayed
15806256,540,France,Male,48,2,"£109,349.29",1,1,0,"£88,703.04",1,46-60,1.23,0,Yes,No,Churned
15787258,596,Spain,Female,29,6,£0.00,2,1,0,"£116,696.77",0,18-30,0,0,Yes,No,Stayed
15706463,597,France,Female,36,9,£0.00,2,1,1,"£7,156.09",0,31-45,0,0,Yes,Yes,Stayed
15691004,407,Spain,Male,37,1,£0.00,1,1,1,"£49,161.12",1,31-45,0,0,Yes,Yes,Churned
15792228,748,France,Male,60,0,"£152,335.70",1,1,0,"£126,743.33",1,46-60,1.2,0,Yes,No,Churned
15733447,562,France,Female,51,1,"£124,662.54",1,1,1,"£65,390.46",1,46-60,1.91,0,Yes,Yes,Churned
15679062,734,Germany,Female,47,10,"£91,522.04",2,1,1,"£138,835.91",0,46-60,0.66,0,Yes,Yes,Stayed
15594409,710,France,Male,45,1,£0.00,2,1,1,"£36,154.66",0,31-45,0,0,Yes,Yes,Stayed
15613816,539,Spain,Female,39,6,"£62,052.28",1,0,1,"£59,755.14",0,31-45,1.04,0,No,Yes,Stayed
15681991,542,France,Male,32,7,"£107,871.72",1,1,0,"£125,302.64",0,31-45,0.86,0,Yes,No,Stayed
15796074,717,France,Female,36,2,"£99,472.76",2,1,0,"£94,274.72",1,31-45,1.06,0,Yes,No,Churned
15625941,682,Spain,Female,50,10,"£128,039.01",1,1,1,"£102,260.16",0,46-60,1.25,0,Yes,Yes,Stayed
15615016,515,France,Male,33,2,£0.00,2,1,1,"£136,028.97",0,31-45,0,0,Yes,Yes,Stayed
15748414,526,Spain,Female,33,8,"£114,634.63",2,1,0,"£110,114.38",1,31-45,1.04,0,Yes,No,Churned
15751203,702,France,Male,26,5,"£56,738.47",2,1,1,"£100,442.22",1,18-30,0.56,0,Yes,Yes,Churned
15662658,651,Germany,Male,34,2,"£90,355.12",2,0,0,"£193,597.94",0,31-45,0.47,0,No,No,Stayed
15574868,792,Germany,Male,36,5,"£115,725.24",2,0,0,"£1,871.25",0,31-45,61.84,0,No,No,Stayed
15790282,817,Germany,Male,58,3,"£114,327.59",2,1,1,"£42,831.11",0,46-60,2.67,0,Yes,Yes,Stayed
15762927,674,Germany,Female,36,6,"£100,762.64",1,1,0,"£182,156.86",0,31-45,0.55,0,Yes,No,Stayed
15803456,641,France,Female,40,9,£0.00,1,0,0,"£151,648.66",1,31-45,0,0,No,No,Churned
15771857,513,Spain,Male,39,7,"£89,039.90",2,1,1,"£146,738.83",0,31-45,0.61,0,Yes,Yes,Stayed
15700601,561,France,Male,34,1,"£78,829.53",1,1,1,"£12,148.20",0,31-45,6.49,0,Yes,Yes,Stayed
15569670,627,Germany,Male,30,6,"£112,372.96",1,1,1,"£118,029.09",0,18-30,0.95,0,Yes,Yes,Stayed
15772341,682,Germany,Male,81,6,"£122,029.15",1,1,1,"£50,783.88",0,60+,2.4,0,Yes,Yes,Stayed
15661548,683,France,Female,29,0,"£157,829.12",1,0,0,"£129,891.66",0,18-30,1.22,0,No,No,Stayed
15787597,420,Germany,Female,31,1,"£108,377.75",2,1,1,"£9,904.63",0,31-45,10.94,0,Yes,Yes,Stayed
15806913,670,France,Female,54,2,"£95,507.12",1,1,1,"£63,213.31",0,46-60,1.51,0,Yes,Yes,Stayed
15804862,505,Germany,Male,43,6,"£127,146.68",1,0,0,"£137,565.87",0,31-45,0.92,0,No,No,Stayed
15792986,580,Germany,Male,24,1,"£133,811.78",1,1,0,"£17,185.95",1,18-30,7.79,0,Yes,No,Churned
15625632,577,France,Male,36,3,"£121,092.47",2,0,1,"£143,783.46",0,31-45,0.84,0,No,Yes,Stayed
15727703,773,Germany,Male,34,10,"£126,979.75",1,0,0,"£36,823.28",0,31-45,3.45,0,No,No,Stayed
15606273,616,France,Male,37,5,"£144,235.73",2,0,0,"£154,957.66",1,31-45,0.93,0,No,No,Churned
15799652,763,France,Female,38,0,"£152,582.20",2,0,0,"£31,892.82",0,31-45,4.78,0,No,No,Stayed
15715047,640,Spain,Male,43,9,"£172,478.15",1,1,0,"£191,084.40",1,31-45,0.9,0,Yes,No,Churned
15784687,592,France,Male,36,1,"£126,477.42",1,0,0,"£179,718.17",0,31-45,0.7,0,No,No,Stayed
15615322,528,Spain,Male,43,7,"£97,473.87",2,1,1,"£159,823.16",0,31-45,0.61,0,Yes,Yes,Stayed
15722072,630,France,Male,53,5,"£138,053.67",1,0,1,"£114,110.97",0,46-60,1.21,0,No,Yes,Stayed
15646784,529,France,Female,31,2,"£164,003.05",2,1,1,"£60,993.23",0,31-45,2.69,0,Yes,Yes,Stayed
15644692,546,France,Female,47,8,£0.00,1,1,1,"£66,408.01",1,46-60,0,0,Yes,Yes,Churned
15670354,753,France,Female,62,6,£0.00,2,1,1,"£136,398.90",0,60+,0,0,Yes,Yes,Stayed
15716357,772,Spain,Female,39,4,"£122,486.11",2,1,1,"£140,709.25",0,31-45,0.87,0,Yes,Yes,Stayed
15786717,567,France,Male,36,1,£0.00,2,0,0,"£8,555.73",0,31-45,0,0,No,No,Stayed
15771383,628,Germany,Female,45,6,"£53,667.44",1,1,0,"£115,022.94",0,31-45,0.47,0,Yes,No,Stayed
15649793,658,France,Male,20,7,£0.00,2,0,0,"£187,638.34",0,18-30,0,0,No,No,Stayed
15731543,679,Spain,Male,58,9,"£109,327.65",1,1,1,"£3,829.13",0,46-60,28.55,0,Yes,Yes,Stayed
15684516,629,Spain,Male,34,1,"£121,151.05",1,0,0,"£119,357.93",0,31-45,1.02,0,No,No,Stayed
15677249,731,Spain,Male,42,9,"£101,043.63",1,1,1,"£192,175.52",0,31-45,0.53,0,Yes,Yes,Stayed
15581525,775,Germany,Male,33,3,"£83,501.66",2,1,0,"£128,841.31",0,31-45,0.65,0,Yes,No,Stayed
15628420,660,Spain,Male,33,2,"£80,462.24",1,0,0,"£150,422.35",0,31-45,0.53,0,No,No,Stayed
15600478,752,France,Male,39,3,£0.00,1,1,0,"£188,187.05",0,31-45,0,0,Yes,No,Stayed
15594502,655,France,Male,37,6,"£109,093.41",2,1,0,"£1,775.52",0,31-45,61.44,0,Yes,No,Stayed
15784361,543,Spain,Female,46,5,"£140,355.60",1,1,1,"£85,086.78",0,46-60,1.65,0,Yes,Yes,Stayed
15767626,811,France,Male,42,10,£0.00,2,1,1,"£3,797.79",0,31-45,0,0,Yes,Yes,Stayed
15632521,689,Germany,Male,45,0,"£130,170.82",2,1,0,"£150,856.38",0,31-45,0.86,0,Yes,No,Stayed
15665088,531,France,Female,42,2,£0.00,2,0,1,"£90,537.47",0,31-45,0,0,No,Yes,Stayed
15652084,515,France,Male,40,0,"£109,542.29",1,1,1,"£166,370.81",0,31-45,0.66,0,Yes,Yes,Stayed
15574761,466,France,Female,41,3,"£33,563.95",2,1,0,"£178,994.13",1,31-45,0.19,0,Yes,No,Churned
15729515,782,France,Male,36,1,"£148,795.17",2,1,1,"£195,681.43",0,31-45,0.76,0,Yes,Yes,Stayed
15682070,611,France,Male,64,9,£0.00,2,1,1,"£53,277.15",0,60+,0,0,Yes,Yes,Stayed
15743817,621,Germany,Male,40,8,"£174,126.75",3,1,0,"£172,490.78",1,31-45,1.01,1,Yes,No,Churned
15572158,604,Spain,Male,41,3,£0.00,1,0,0,"£11,819.84",0,31-45,0,0,No,No,Stayed
15584477,655,Spain,Female,35,1,"£106,405.03",1,1,1,"£82,900.25",0,31-45,1.28,0,Yes,Yes,Stayed
15614893,689,Spain,Male,38,2,£0.00,1,1,1,"£82,709.80",0,31-45,0,0,Yes,Yes,Stayed
15665963,681,Spain,Male,30,2,"£128,393.29",1,1,1,"£180,593.45",0,18-30,0.71,0,Yes,Yes,Stayed
15612524,643,Germany,Male,41,2,"£127,841.52",1,1,0,"£172,363.41",0,31-45,0.74,0,Yes,No,Stayed
15596962,617,France,Female,24,4,"£137,295.19",2,1,1,"£91,195.12",0,18-30,1.51,0,Yes,Yes,Stayed
15744942,638,Spain,Female,55,2,"£155,828.22",1,0,1,"£108,987.25",1,46-60,1.43,0,No,Yes,Churned
15573278,743,France,Male,39,6,£0.00,2,1,0,"£44,265.28",0,31-45,0,0,Yes,No,Stayed
15717056,828,Germany,Female,25,7,"£144,351.86",1,1,0,"£116,613.26",0,18-30,1.24,0,Yes,No,Stayed
15795881,776,Spain,Male,35,8,"£106,365.29",1,1,1,"£148,527.56",0,31-45,0.72,0,Yes,Yes,Stayed
15758939,540,Germany,Male,35,7,"£127,801.88",1,0,1,"£84,239.46",0,31-45,1.52,0,No,Yes,Stayed
15792250,616,Germany,Female,45,4,"£122,793.96",1,1,1,"£62,002.04",0,31-45,1.98,0,Yes,Yes,Stayed
15740406,628,Germany,Male,38,10,"£113,525.84",1,1,0,"£46,044.48",1,31-45,2.47,0,Yes,No,Churned
15768137,667,Spain,Female,23,6,"£136,100.69",2,0,0,"£169,669.33",1,18-30,0.8,0,No,No,Churned
15569120,615,France,Male,30,7,£0.00,2,1,1,"£156,346.84",0,18-30,0,0,Yes,Yes,Stayed
15723721,543,France,Male,30,4,"£140,916.81",1,1,0,"£157,711.18",0,18-30,0.89,0,Yes,No,Stayed
15777122,553,France,Female,31,4,£0.00,2,1,1,"£89,087.40",0,31-45,0,0,Yes,Yes,Stayed
15742681,554,Germany,Male,26,4,"£121,365.39",1,1,1,"£8,742.36",0,18-30,13.88,0,Yes,Yes,Stayed
15582090,684,Spain,Female,36,4,£0.00,1,1,0,"£117,038.96",0,31-45,0,0,Yes,No,Stayed
15711254,452,France,Female,35,7,£0.00,2,1,0,"£164,241.67",0,31-45,0,0,Yes,No,Stayed
15775067,606,France,Male,47,3,"£93,578.68",2,0,1,"£137,720.56",1,46-60,0.68,0,No,Yes,Churned
15602851,629,France,Male,40,9,£0.00,1,1,0,£106.67,0,31-45,0,0,Yes,No,Stayed
15802857,659,Spain,Female,33,8,"£115,409.60",1,0,1,"£1,539.21",0,31-45,74.98,0,No,Yes,Stayed
15701175,493,France,Female,33,8,"£90,791.69",1,1,1,"£59,659.53",0,31-45,1.52,0,Yes,Yes,Stayed
15783019,794,France,Female,62,9,"£123,681.32",3,1,0,"£173,586.63",1,60+,0.71,1,Yes,No,Churned
15728912,554,France,Female,44,6,"£92,436.86",1,1,0,"£126,033.90",0,31-45,0.73,0,Yes,No,Stayed
15585580,796,Germany,Female,52,9,"£167,194.36",1,1,1,"£62,808.93",1,46-60,2.66,0,Yes,Yes,Churned
15583480,807,France,Female,36,4,£0.00,2,0,1,"£147,007.33",0,31-45,0,0,No,Yes,Stayed
15620341,500,Germany,Male,44,9,"£160,838.13",2,1,0,"£196,261.64",0,31-45,0.82,0,Yes,No,Stayed
15613886,722,Spain,Male,43,1,£0.00,1,1,0,"£44,560.17",1,31-45,0,0,Yes,No,Churned
15792916,559,Spain,Female,40,7,"£144,470.77",1,1,1,"£18,917.95",0,31-45,7.64,0,Yes,Yes,Stayed
15710408,584,Spain,Female,38,3,£0.00,2,1,1,"£4,525.40",0,31-45,0,0,Yes,Yes,Stayed
15598695,834,Germany,Female,68,9,"£130,169.27",2,0,1,"£93,112.20",0,60+,1.4,0,No,Yes,Stayed
15649354,754,Spain,Male,35,4,£0.00,2,1,1,"£9,658.41",0,31-45,0,0,Yes,Yes,Stayed
15737556,590,France,Male,43,7,"£81,076.80",2,1,1,"£182,627.25",1,31-45,0.44,0,Yes,Yes,Churned
15671610,740,France,Male,36,7,£0.00,1,1,1,"£13,177.40",0,31-45,0,0,Yes,Yes,Stayed
15625092,502,Germany,Female,57,3,"£101,465.31",1,1,0,"£43,568.31",1,46-60,2.33,0,Yes,No,Churned
15741032,733,France,Male,48,5,£0.00,1,0,1,"£117,830.57",0,46-60,0,0,No,Yes,Stayed
15750014,755,Germany,Female,37,0,"£113,865.23",2,1,1,"£117,396.25",0,31-45,0.97,0,Yes,Yes,Stayed
15784761,554,Spain,Female,46,7,"£87,603.35",3,0,1,"£96,929.24",1,46-60,0.9,1,No,Yes,Churned
15768359,534,France,Male,36,4,"£120,037.96",1,1,0,"£36,275.94",0,31-45,3.31,0,Yes,No,Stayed
15805769,656,Spain,Male,33,4,£0.00,2,1,0,"£116,706.00",0,31-45,0,0,Yes,No,Stayed
15719508,575,Germany,Male,49,7,"£121,205.15",4,1,1,"£168,080.53",1,46-60,0.72,1,Yes,Yes,Churned
15609011,480,Spain,Male,47,8,"£75,408.33",1,1,0,"£25,887.89",1,46-60,2.91,0,Yes,No,Churned
15703106,575,France,Male,40,5,£0.00,2,1,1,"£122,488.59",0,31-45,0,0,Yes,Yes,Stayed
15626795,672,France,Female,40,3,£0.00,1,1,0,"£113,171.61",1,31-45,0,0,Yes,No,Churned
15773731,758,Spain,Female,35,5,£0.00,2,0,0,"£100,365.51",0,31-45,0,0,No,No,Stayed
15756196,682,France,Male,50,6,"£121,818.84",2,0,1,"£124,151.37",0,46-60,0.98,0,No,Yes,Stayed
15687903,501,France,Female,29,8,£0.00,2,1,0,"£112,664.24",0,18-30,0,0,Yes,No,Stayed
15777599,746,Germany,Male,34,6,"£141,806.00",2,1,1,"£183,494.87",0,31-45,0.77,0,Yes,Yes,Stayed
15754577,556,France,Female,51,8,"£61,354.14",1,1,0,"£198,810.65",1,46-60,0.31,0,Yes,No,Churned
15584113,823,Germany,Female,53,4,"£124,954.94",1,0,1,"£131,259.60",1,46-60,0.95,0,No,Yes,Churned
15669589,491,Germany,Female,68,1,"£95,039.12",1,0,1,"£116,471.14",1,60+,0.82,0,No,Yes,Churned
15632793,638,France,Female,29,9,"£103,417.74",1,1,1,"£15,336.40",0,18-30,6.74,0,Yes,Yes,Stayed
15711130,734,France,Male,45,2,£0.00,2,1,0,"£99,593.28",0,31-45,0,0,Yes,No,Stayed
15615254,555,France,Male,40,10,"£43,028.77",1,1,0,"£170,514.21",0,31-45,0.25,0,Yes,No,Stayed
15720583,745,Germany,Female,44,0,"£119,638.21",1,1,1,"£34,265.08",1,31-45,3.49,0,Yes,Yes,Churned
15780432,728,France,Male,37,3,"£122,689.51",2,0,0,"£106,977.53",1,31-45,1.15,0,No,No,Churned
15673223,626,France,Male,44,10,£0.00,2,0,0,"£164,287.86",0,31-45,0,0,No,No,Stayed
15807989,681,Germany,Male,37,8,"£73,179.34",2,1,1,"£25,292.53",0,31-45,2.89,0,Yes,Yes,Stayed
15761168,478,France,Female,38,4,"£171,913.87",1,1,0,"£51,820.87",1,31-45,3.32,0,Yes,No,Churned
15651272,709,France,Male,38,5,£0.00,2,1,1,"£81,452.29",0,31-45,0,0,Yes,Yes,Stayed
15812832,562,Germany,Male,33,8,"£92,659.20",2,1,0,"£1,354.25",0,31-45,68.42,0,Yes,No,Stayed
15680517,769,Germany,Female,34,7,"£137,239.17",1,1,1,"£71,379.92",1,31-45,1.92,0,Yes,Yes,Churned
15750569,684,Germany,Female,46,3,"£102,955.14",2,1,0,"£154,137.33",0,46-60,0.67,0,Yes,No,Stayed
15690743,536,France,Female,61,8,"£65,190.29",1,1,1,"£64,308.49",1,60+,1.01,0,Yes,Yes,Churned
15627741,631,Germany,Female,29,2,"£96,863.52",2,1,1,"£31,613.35",0,18-30,3.06,0,Yes,Yes,Stayed
15712121,657,Spain,Male,34,5,"£154,983.98",1,1,0,"£27,738.01",0,31-45,5.59,0,Yes,No,Stayed
15805429,699,Germany,Male,59,3,"£106,819.65",1,0,1,"£163,570.25",0,46-60,0.65,0,No,Yes,Stayed
15814923,606,Spain,Male,38,7,"£128,578.52",1,1,1,"£193,878.51",0,31-45,0.66,0,Yes,Yes,Stayed
15589230,612,France,Female,63,2,"£126,473.33",1,0,1,"£147,545.65",0,60+,0.86,0,No,Yes,Stayed
15775490,660,France,Female,38,5,"£110,570.78",2,1,0,"£195,906.59",0,31-45,0.56,0,Yes,No,Stayed
15749727,829,Spain,Male,50,7,£0.00,2,0,1,"£178,458.86",0,46-60,0,0,No,Yes,Stayed
15619238,567,Spain,Male,29,8,£0.00,2,1,0,"£156,125.72",0,18-30,0,0,Yes,No,Stayed
15593468,850,France,Female,33,3,£0.00,2,1,1,"£11,159.19",0,31-45,0,0,Yes,Yes,Stayed
15718454,712,Spain,Female,44,2,£0.00,2,0,0,"£45,738.94",0,31-45,0,0,No,No,Stayed
15789498,562,France,Male,30,3,"£111,099.79",2,0,0,"£140,650.19",0,18-30,0.79,0,No,No,Stayed
15744691,755,France,Female,29,3,£0.00,3,1,0,"£4,733.94",0,18-30,0,1,Yes,No,Stayed
15708289,793,Spain,Male,25,3,"£100,913.57",1,0,0,"£10,579.72",0,18-30,9.54,0,No,No,Stayed
15790412,471,Spain,Male,26,8,£0.00,2,1,1,"£179,655.87",0,18-30,0,0,Yes,Yes,Stayed
15741416,707,France,Male,42,2,"£16,893.59",1,1,1,"£77,502.56",0,31-45,0.22,0,Yes,Yes,Stayed
15598894,784,Spain,Male,38,10,"£122,267.85",1,0,0,"£145,759.93",0,31-45,0.84,0,No,No,Stayed
15663294,703,France,Male,32,1,"£125,685.79",1,1,1,"£56,246.72",0,31-45,2.23,0,Yes,Yes,Stayed
15572728,704,Spain,Male,36,8,"£127,397.34",1,1,0,"£151,335.24",0,31-45,0.84,0,Yes,No,Stayed
15706729,662,France,Male,38,0,"£105,271.56",1,0,1,"£179,833.45",0,31-45,0.59,0,No,Yes,Stayed
15674433,636,Germany,Female,28,2,"£115,265.14",1,0,0,"£191,627.85",0,18-30,0.6,0,No,No,Stayed
15641170,640,Spain,Male,36,4,£0.00,1,0,0,"£173,016.46",0,31-45,0,0,No,No,Stayed
15806284,739,Spain,Male,31,1,£0.00,2,1,1,"£58,469.75",0,31-45,0,0,Yes,Yes,Stayed
15690958,767,Germany,Male,23,2,"£139,542.82",1,0,1,"£28,038.28",0,18-30,4.98,0,No,Yes,Stayed
15606386,753,Germany,Female,46,3,"£111,512.75",3,1,0,"£159,576.75",1,46-60,0.7,1,Yes,No,Churned
15682322,714,France,Male,37,9,"£148,466.93",2,0,1,"£151,280.96",0,31-45,0.98,0,No,Yes,Stayed
15579915,707,France,Male,29,4,£0.00,2,1,0,"£139,953.94",0,18-30,0,0,Yes,No,Stayed
15681928,577,France,Female,35,4,"£108,155.49",1,1,0,"£105,407.79",0,31-45,1.03,0,Yes,No,Stayed
15734005,633,France,Female,42,1,£0.00,2,1,0,"£56,865.62",0,31-45,0,0,Yes,No,Stayed
15650432,849,Germany,Male,41,10,"£84,622.13",1,1,1,"£198,072.16",0,31-45,0.43,0,Yes,Yes,Stayed
15592578,614,Spain,Female,41,7,"£146,997.64",2,0,0,"£137,791.18",0,31-45,1.07,0,No,No,Stayed
15671243,558,France,Female,47,9,£0.00,2,1,0,"£103,787.28",0,46-60,0,0,Yes,No,Stayed
15775709,832,France,Female,27,10,"£98,590.25",1,1,0,"£30,912.89",0,18-30,3.19,0,Yes,No,Stayed
15702631,567,France,Female,26,2,£0.00,2,1,1,"£78,651.55",0,18-30,0,0,Yes,Yes,Stayed
15602282,587,Germany,Female,45,8,"£134,980.74",1,1,1,"£123,309.57",1,31-45,1.09,0,Yes,Yes,Churned
15717879,712,Spain,Female,79,5,"£108,078.56",1,1,1,"£174,118.93",0,60+,0.62,0,Yes,Yes,Stayed
15740878,655,Spain,Female,29,9,£0.00,2,0,1,"£85,736.26",0,18-30,0,0,No,Yes,Stayed
15794468,641,France,Female,42,6,£0.00,2,0,0,"£121,138.77",0,31-45,0,0,No,No,Stayed
15773277,676,France,Male,35,5,"£106,836.67",2,1,0,"£84,199.78",0,31-45,1.27,0,Yes,No,Stayed
15572657,472,France,Male,29,8,"£102,490.27",1,0,1,"£181,224.56",0,18-30,0.57,0,No,Yes,Stayed
15800295,644,Germany,Male,34,9,"£112,746.54",2,0,0,"£141,230.07",0,31-45,0.8,0,No,No,Stayed
15672397,598,France,Male,38,0,"£125,487.89",1,0,0,"£158,111.71",0,31-45,0.79,0,No,No,Stayed
15684921,792,Spain,Male,25,8,"£142,862.21",1,1,1,"£130,639.01",0,18-30,1.09,0,Yes,Yes,Stayed
15720676,700,France,Female,37,7,£0.00,2,1,0,"£17,040.82",0,31-45,0,0,Yes,No,Stayed
15731829,616,France,Male,34,10,£0.00,2,1,0,"£25,662.27",0,31-45,0,0,Yes,No,Stayed
15732672,743,Spain,Male,35,6,"£79,388.33",1,1,1,"£193,360.69",0,31-45,0.41,0,Yes,Yes,Stayed
15692406,427,France,Male,37,5,£0.00,2,1,1,"£121,485.10",0,31-45,0,0,Yes,Yes,Stayed
15764405,731,France,Male,29,10,£0.00,2,1,1,"£162,452.65",0,18-30,0,0,Yes,Yes,Stayed
15757537,610,France,Female,31,6,"£107,784.65",1,1,1,"£141,137.53",0,31-45,0.76,0,Yes,Yes,Stayed
15793307,724,Spain,Female,41,4,"£142,880.28",3,0,0,"£185,541.20",1,31-45,0.77,1,No,No,Churned
15660679,653,Spain,Female,38,9,"£149,571.94",1,1,0,"£118,383.18",0,31-45,1.26,0,Yes,No,Stayed
15666856,774,France,Male,49,1,"£142,767.39",1,1,1,"£8,214.41",0,46-60,17.38,0,Yes,Yes,Stayed
15687372,547,Germany,Male,49,8,"£121,537.71",2,1,0,"£46,521.45",1,46-60,2.61,0,Yes,No,Churned
15667289,719,Spain,Male,50,2,£0.00,2,0,0,"£10,772.13",0,46-60,0,0,No,No,Stayed
15624641,740,Spain,Male,43,9,£0.00,1,1,0,"£199,290.68",1,31-45,0,0,Yes,No,Churned
15734610,543,France,Male,42,4,"£89,838.71",3,1,0,"£85,983.54",1,31-45,1.04,1,Yes,No,Churned
15631882,688,Germany,Male,45,9,"£103,399.87",1,0,0,"£129,870.93",0,31-45,0.8,0,No,No,Stayed
15642709,474,France,Female,30,9,£0.00,2,0,0,"£63,158.22",0,18-30,0,0,No,No,Stayed
15811026,505,Germany,Male,43,5,"£136,855.94",2,1,0,"£171,070.52",0,31-45,0.8,0,Yes,No,Stayed
15596303,688,France,Female,39,0,£0.00,2,1,0,"£53,222.15",1,31-45,0,0,Yes,No,Churned
15787255,650,Germany,Female,55,2,"£140,891.46",3,1,1,"£179,834.45",1,46-60,0.78,1,Yes,Yes,Churned
15617166,610,France,Male,37,0,£0.00,1,1,0,"£114,514.64",0,31-45,0,0,Yes,No,Stayed
15742442,705,Spain,Female,46,5,"£89,364.91",1,0,1,"£139,162.15",0,46-60,0.64,0,No,Yes,Stayed
15758692,669,France,Female,29,7,"£146,011.40",1,0,0,"£50,249.16",0,18-30,2.91,0,No,No,Stayed
15568238,650,Spain,Male,20,8,£0.00,2,1,1,"£113,469.65",0,18-30,0,0,Yes,Yes,Stayed
15730353,550,Germany,Male,29,9,"£145,294.08",2,1,0,"£147,484.13",0,18-30,0.99,0,Yes,No,Stayed
15731555,595,Germany,Female,45,9,"£106,000.12",1,0,0,"£191,448.96",1,31-45,0.55,0,No,No,Churned
15582404,572,Spain,Female,26,5,£0.00,2,1,0,"£119,381.41",0,18-30,0,0,Yes,No,Stayed
15721462,622,Spain,Female,58,2,£0.00,2,1,1,"£33,277.31",0,46-60,0,0,Yes,Yes,Stayed
15632899,662,Spain,Male,20,9,"£104,508.77",2,0,0,"£73,107.53",0,18-30,1.43,0,No,No,Stayed
15808526,783,Germany,Female,58,3,"£127,539.30",1,1,1,"£96,590.39",1,46-60,1.32,0,Yes,Yes,Churned
15694349,714,Spain,Male,44,7,£0.00,1,0,1,"£6,923.11",0,31-45,0,0,No,Yes,Stayed
15718465,671,Germany,Male,51,3,"£96,891.46",1,1,0,"£176,403.33",1,46-60,0.55,0,Yes,No,Churned
15682995,600,France,Female,32,1,"£78,535.25",1,1,0,"£64,349.60",0,31-45,1.22,0,Yes,No,Stayed
15584776,847,Spain,Female,37,9,"£112,712.17",1,1,0,"£116,097.26",0,31-45,0.97,0,Yes,No,Stayed
15777772,650,Spain,Male,55,9,"£119,618.42",1,1,1,"£29,861.13",0,46-60,4.01,0,Yes,Yes,Stayed
15576156,710,Spain,Female,28,6,£0.00,1,1,0,"£48,426.98",0,18-30,0,0,Yes,No,Stayed
15646756,682,France,Female,33,8,"£74,963.50",1,1,1,"£32,770.56",0,31-45,2.29,0,Yes,Yes,Stayed
15742886,642,France,Male,26,1,"£138,023.79",2,0,1,"£117,060.20",0,18-30,1.18,0,No,Yes,Stayed
15586135,536,Spain,Female,28,4,£0.00,1,1,1,"£136,197.65",0,18-30,0,0,Yes,Yes,Stayed
15616152,754,France,Female,47,1,"£185,513.67",1,1,0,"£27,438.83",0,46-60,6.76,0,Yes,No,Stayed
15721460,678,France,Male,60,8,"£185,648.56",1,0,0,"£192,156.54",1,46-60,0.97,0,No,No,Churned
15727317,533,Germany,Female,49,1,"£102,286.60",3,1,0,"£69,409.37",1,46-60,1.47,1,Yes,No,Churned
15649536,741,Germany,Male,38,4,"£128,015.83",1,1,0,"£58,440.43",0,31-45,2.19,0,Yes,No,Stayed
15754929,757,France,Male,31,10,"£39,539.39",2,0,0,"£192,519.39",0,31-45,0.21,0,No,No,Stayed
15572051,721,France,Male,40,3,£0.00,1,1,1,"£144,874.67",0,31-45,0,0,Yes,Yes,Stayed
15668142,700,France,Male,37,3,"£77,608.46",2,1,1,"£175,373.46",0,31-45,0.44,0,Yes,Yes,Stayed
15701176,663,France,Male,26,5,"£141,462.13",1,1,0,£440.20,0,18-30,321.36,0,Yes,No,Stayed
15708422,677,Spain,Female,35,0,£0.00,2,0,0,"£76,637.38",0,31-45,0,0,No,No,Stayed
15655632,655,France,Male,27,2,"£131,691.33",1,1,0,"£49,480.66",0,18-30,2.66,0,Yes,No,Stayed
15744606,832,Spain,Male,29,8,"£93,833.86",1,0,1,"£10,417.87",0,18-30,9.01,0,No,Yes,Stayed
15612140,721,Spain,Female,46,7,"£137,933.39",1,1,1,"£67,976.57",0,46-60,2.03,0,Yes,Yes,Stayed
15656086,542,Spain,Male,54,8,"£105,770.14",1,0,1,"£140,929.98",1,46-60,0.75,0,No,Yes,Churned
15655298,654,Spain,Female,54,5,£0.00,2,0,1,"£47,139.06",0,46-60,0,0,No,Yes,Stayed
15644796,821,Spain,Female,38,8,£0.00,2,0,1,"£126,241.40",1,31-45,0,0,No,Yes,Churned
15726250,508,France,Female,38,3,"£166,328.65",2,0,1,"£22,614.19",0,31-45,7.36,0,No,Yes,Stayed
15764432,588,Germany,Female,42,2,"£164,307.77",1,1,0,"£48,498.19",0,31-45,3.39,0,Yes,No,Stayed
15631721,691,Germany,Male,38,9,"£163,965.69",2,0,1,"£103,511.26",0,31-45,1.58,0,No,Yes,Stayed
15707479,664,France,Male,40,7,"£125,608.72",1,1,0,"£122,073.48",0,31-45,1.03,0,Yes,No,Stayed
15579826,439,France,Female,66,9,£0.00,1,1,0,"£65,535.56",0,60+,0,0,Yes,No,Stayed
15668104,479,Spain,Male,37,6,"£118,433.94",1,0,1,"£160,060.90",0,31-45,0.74,0,No,Yes,Stayed
15641604,850,France,Female,55,10,"£98,488.08",1,1,0,"£155,879.57",1,46-60,0.63,0,Yes,No,Churned
15587240,518,France,Male,40,4,£0.00,2,0,1,"£194,416.58",0,31-45,0,0,No,Yes,Stayed
15680767,717,Germany,Female,64,10,"£98,362.35",2,1,1,"£21,630.21",0,60+,4.55,0,Yes,Yes,Stayed
15601594,698,France,Female,51,6,"£144,237.91",4,1,0,"£157,143.61",1,46-60,0.92,1,Yes,No,Churned
15589969,850,France,Male,34,6,£0.00,1,0,1,"£52,796.31",0,31-45,0,0,No,Yes,Stayed
15703728,700,Spain,Male,47,4,£0.00,1,1,0,"£121,798.52",1,46-60,0,0,Yes,No,Churned
15617790,626,France,Female,29,4,"£105,767.28",2,0,0,"£41,104.82",0,18-30,2.57,0,No,No,Stayed
15662500,774,Spain,Male,32,9,£0.00,2,1,0,"£10,604.48",0,31-45,0,0,Yes,No,Stayed
15778526,719,Spain,Female,48,5,£0.00,2,0,0,"£78,563.66",0,46-60,0,0,No,No,Stayed
15670584,646,Spain,Male,31,2,£0.00,1,1,1,"£170,821.43",1,31-45,0,0,Yes,Yes,Churned
15748069,485,France,Female,25,3,"£134,467.26",1,1,1,"£113,266.09",0,18-30,1.19,0,Yes,Yes,Stayed
15680597,784,Germany,Male,38,1,"£138,515.02",1,1,1,"£171,768.76",0,31-45,0.81,0,Yes,Yes,Stayed
15628992,850,Germany,Male,32,2,"£128,647.98",2,0,0,"£54,416.18",0,31-45,2.36,0,No,No,Stayed
15719624,669,France,Female,38,9,"£121,858.98",1,1,0,"£130,755.34",0,31-45,0.93,0,Yes,No,Stayed
15812767,731,Spain,Male,70,3,£0.00,2,1,1,"£141,180.66",0,60+,0,0,Yes,Yes,Stayed
15689201,721,France,Female,49,1,"£120,108.56",1,0,1,"£183,421.76",0,46-60,0.65,0,No,Yes,Stayed
15614716,515,France,Female,37,0,"£196,853.62",1,1,1,"£132,770.11",0,31-45,1.48,0,Yes,Yes,Stayed
15683618,774,France,Female,35,3,"£121,418.62",1,1,1,"£24,400.37",0,31-45,4.98,0,Yes,Yes,Stayed
15799631,585,Spain,Male,36,10,£0.00,2,1,1,"£180,318.60",0,31-45,0,0,Yes,Yes,Stayed
15692259,695,France,Female,29,9,£0.00,2,1,0,"£111,565.45",0,18-30,0,0,Yes,No,Stayed
15590966,729,Germany,Female,42,4,"£97,495.80",2,0,0,"£2,002.50",0,31-45,48.69,0,No,No,Stayed
15656426,713,France,Female,42,3,£0.00,2,0,0,"£82,565.01",0,31-45,0,0,No,No,Stayed
15675256,555,Spain,Male,33,5,"£127,343.40",1,0,1,"£121,789.30",0,31-45,1.05,0,No,Yes,Stayed
15751185,699,Spain,Female,50,0,"£158,633.61",1,1,0,"£193,785.87",0,46-60,0.82,0,Yes,No,Stayed
15789582,587,France,Male,55,9,£0.00,1,1,0,"£64,593.07",0,46-60,0,0,Yes,No,Stayed
15651103,762,Spain,Female,69,9,"£183,744.98",1,1,1,"£196,993.69",0,60+,0.93,0,Yes,Yes,Stayed
15672299,510,France,Male,44,6,£0.00,2,1,1,"£175,518.31",0,31-45,0,0,Yes,Yes,Stayed
15772250,842,Spain,Male,46,9,£0.00,1,0,0,"£17,268.02",0,46-60,0,0,No,No,Stayed
15763922,608,France,Male,31,7,"£79,962.92",2,1,0,"£60,901.72",0,31-45,1.31,0,Yes,No,Stayed
15633870,850,France,Female,36,10,£0.00,2,1,1,"£100,750.03",0,31-45,0,0,Yes,Yes,Stayed
15624323,642,France,Male,36,4,£0.00,2,1,1,"£195,224.91",0,31-45,0,0,Yes,Yes,Stayed
15688612,850,France,Male,33,7,"£140,956.99",1,0,0,"£3,510.18",0,31-45,40.16,0,No,No,Stayed
15694644,455,Spain,Female,43,6,£0.00,1,1,1,"£81,250.79",0,31-45,0,0,Yes,Yes,Stayed
15587174,726,France,Male,29,7,£0.00,2,1,1,"£91,844.14",1,18-30,0,0,Yes,Yes,Churned
15579559,544,Spain,Male,30,8,"£145,241.63",1,1,1,"£80,676.83",0,18-30,1.8,0,Yes,Yes,Stayed
15775430,651,Germany,Male,31,7,"£138,008.06",2,1,0,"£129,912.74",0,31-45,1.06,0,Yes,No,Stayed
15623695,814,France,Female,31,4,£0.00,2,1,1,"£142,029.17",0,31-45,0,0,Yes,Yes,Stayed
15760849,537,France,Male,39,2,£0.00,2,1,1,"£137,651.60",0,31-45,0,0,Yes,Yes,Stayed
15813095,553,France,Male,37,2,£0.00,2,1,0,"£33,877.29",0,31-45,0,0,Yes,No,Stayed
15705281,800,Spain,Male,38,9,£0.00,1,1,0,"£78,744.39",0,31-45,0,0,Yes,No,Stayed
15812594,791,France,Male,34,7,£0.00,2,1,0,"£96,734.46",0,31-45,0,0,Yes,No,Stayed
15626322,699,Spain,Female,29,9,"£127,570.93",2,1,0,"£164,756.81",0,18-30,0.77,0,Yes,No,Stayed
15723105,756,France,Female,28,6,£0.00,1,1,1,"£164,394.65",0,18-30,0,0,Yes,Yes,Stayed
15588449,591,Spain,Female,27,5,"£107,812.67",1,0,1,"£162,501.83",1,18-30,0.66,0,No,Yes,Churned
15794849,850,Germany,Male,22,7,"£91,560.58",2,0,0,"£10,541.38",0,18-30,8.69,0,No,No,Stayed
15620000,760,Germany,Male,34,6,"£121,303.77",2,1,1,"£59,325.21",0,31-45,2.04,0,Yes,Yes,Stayed
15799720,569,Spain,Male,43,8,"£161,546.68",2,0,1,"£178,187.28",0,31-45,0.91,0,No,Yes,Stayed
15711287,661,Spain,Female,35,5,"£128,415.45",1,1,0,"£142,626.49",0,31-45,0.9,0,Yes,No,Stayed
15613102,670,France,Female,31,2,"£57,530.06",1,1,1,"£181,893.31",1,31-45,0.32,0,Yes,Yes,Churned
15621440,694,France,Male,38,1,£0.00,2,0,1,"£156,858.20",0,31-45,0,0,No,Yes,Stayed
15677146,728,France,Female,28,4,"£142,243.54",2,1,0,"£33,074.51",0,18-30,4.3,0,Yes,No,Stayed
15801169,764,Germany,Female,39,9,"£138,341.51",1,1,0,"£50,072.94",1,31-45,2.76,0,Yes,No,Churned
15722425,639,France,Male,32,9,£0.00,2,1,0,"£111,340.36",0,31-45,0,0,Yes,No,Stayed
15682421,683,France,Female,30,2,£0.00,2,0,1,"£100,496.84",1,18-30,0,0,No,Yes,Churned
15691910,663,Spain,Male,30,4,£0.00,3,1,0,"£101,371.05",0,18-30,0,1,Yes,No,Stayed
15721779,826,Spain,Male,41,5,"£146,466.46",2,0,0,"£180,934.67",0,31-45,0.81,0,No,No,Stayed
15579548,735,Spain,Male,36,5,£0.00,2,1,0,"£105,152.17",0,31-45,0,0,Yes,No,Stayed
15681075,682,France,Female,58,1,£0.00,1,1,1,£706.50,0,46-60,0,0,Yes,Yes,Stayed
15607884,663,France,Female,39,8,£0.00,2,1,1,"£101,168.90",0,31-45,0,0,Yes,Yes,Stayed
15767757,562,Spain,Female,29,9,"£120,307.58",1,1,1,"£6,795.61",0,18-30,17.7,0,Yes,Yes,Stayed
15791550,696,France,Male,27,4,"£87,637.26",2,0,0,"£196,111.35",0,18-30,0.45,0,No,No,Stayed
15658589,850,Spain,Male,38,2,"£94,652.04",1,1,1,"£171,960.76",0,31-45,0.55,0,Yes,Yes,Stayed
15670822,719,France,Female,22,7,"£114,415.84",1,1,1,"£177,497.40",0,18-30,0.64,0,Yes,Yes,Stayed
15629744,804,France,Female,71,8,£0.00,2,0,1,"£147,995.96",0,60+,0,0,No,Yes,Stayed
15660768,604,France,Male,40,1,"£84,315.02",1,0,0,"£36,209.10",0,31-45,2.33,0,No,No,Stayed
15726310,782,Spain,Female,27,3,£0.00,2,1,0,"£143,614.01",0,18-30,0,0,Yes,No,Stayed
15641298,512,Germany,Male,42,9,"£93,955.83",2,1,0,"£14,828.54",0,31-45,6.34,0,Yes,No,Stayed
15625675,569,France,Male,36,1,"£67,087.69",1,1,0,"£154,775.70",0,31-45,0.43,0,Yes,No,Stayed
15713354,597,Germany,Female,22,6,"£101,528.61",1,1,0,"£70,529.00",1,18-30,1.44,0,Yes,No,Churned
15633866,753,Germany,Male,30,1,"£110,824.52",1,1,1,"£57,896.27",0,18-30,1.91,0,Yes,Yes,Stayed
15704231,430,France,Female,33,8,£0.00,1,1,1,"£69,759.91",0,31-45,0,0,Yes,Yes,Stayed
15735400,756,France,Male,28,8,"£179,960.20",1,1,0,"£89,938.08",0,18-30,2,0,Yes,No,Stayed
15632826,493,France,Male,38,3,"£134,006.77",1,1,0,"£89,578.32",0,31-45,1.5,0,Yes,No,Stayed
15751022,777,Germany,Female,37,10,"£121,532.17",2,1,1,"£73,464.88",0,31-45,1.65,0,Yes,Yes,Stayed
15664737,779,Spain,Female,38,7,£0.00,2,1,1,"£138,542.87",0,31-45,0,0,Yes,Yes,Stayed
15681126,702,Spain,Female,38,2,£0.00,1,1,1,"£161,888.63",0,31-45,0,0,Yes,Yes,Stayed
15738954,551,France,Male,35,7,"£129,717.30",2,0,0,"£86,937.20",0,31-45,1.49,0,No,No,Stayed
15662263,749,Germany,Male,22,4,"£94,762.16",2,1,1,"£42,241.54",0,18-30,2.24,0,Yes,Yes,Stayed
15621611,742,Germany,Male,55,5,"£155,196.17",1,0,1,"£121,207.66",1,46-60,1.28,0,No,Yes,Churned
15783752,752,Germany,Male,29,4,"£129,514.99",1,1,1,"£102,930.46",0,18-30,1.26,0,Yes,Yes,Stayed
15709474,740,Germany,Female,57,3,"£113,386.36",2,1,1,"£65,121.63",1,46-60,1.74,0,Yes,Yes,Churned
15701280,576,France,Male,24,3,£0.00,1,0,1,"£78,498.04",1,18-30,0,0,No,Yes,Churned
15671104,637,Spain,Male,43,3,"£172,196.23",1,1,1,"£104,769.96",0,31-45,1.64,0,Yes,Yes,Stayed
15796434,724,France,Male,28,5,"£97,612.12",1,1,1,"£96,498.14",0,18-30,1.01,0,Yes,Yes,Stayed
15781505,685,France,Male,20,4,"£104,719.94",2,1,0,"£38,691.34",0,18-30,2.71,0,Yes,No,Stayed
15625819,625,France,Female,38,7,£0.00,1,1,0,"£164,804.02",0,31-45,0,0,Yes,No,Stayed
15753174,571,Germany,Male,37,9,"£139,592.98",3,1,0,"£104,152.65",1,31-45,1.34,1,Yes,No,Churned
15654067,584,Spain,Female,29,4,£0.00,2,1,0,"£88,866.92",0,18-30,0,0,Yes,No,Stayed
15724719,550,France,Female,22,7,"£139,096.85",1,1,0,"£129,890.94",0,18-30,1.07,0,Yes,No,Stayed
15624695,662,Spain,Female,72,7,"£140,301.72",1,0,1,"£179,258.67",0,60+,0.78,0,No,Yes,Stayed
15718216,803,Spain,Male,43,3,£0.00,1,1,0,"£72,051.44",0,31-45,0,0,Yes,No,Stayed
15586300,615,France,Male,66,7,£0.00,2,1,1,"£74,580.80",0,60+,0,0,Yes,Yes,Stayed
15783349,481,Spain,Male,39,1,"£111,233.09",1,1,1,"£123,995.15",0,31-45,0.9,0,Yes,Yes,Stayed
15725767,701,France,Male,23,3,£0.00,2,1,0,"£38,960.59",0,18-30,0,0,Yes,No,Stayed
15791925,751,France,Male,29,10,"£147,737.63",1,0,1,"£94,951.27",0,18-30,1.56,0,No,Yes,Stayed
15793585,675,France,Male,35,8,£0.00,2,1,1,"£56,642.97",0,31-45,0,0,Yes,Yes,Stayed
15576641,733,Germany,Male,40,5,"£125,725.02",2,1,1,"£50,783.10",0,31-45,2.48,0,Yes,Yes,Stayed
15749519,822,France,Male,38,6,"£128,289.70",3,1,0,"£9,149.96",1,31-45,14.02,1,Yes,No,Churned
15684960,559,France,Female,46,5,£0.00,1,1,0,"£21,006.10",1,46-60,0,0,Yes,No,Churned
15591286,731,Germany,Female,49,4,"£88,826.07",1,1,1,"£33,759.41",1,46-60,2.63,0,Yes,Yes,Churned
15668323,678,France,Female,41,1,"£143,443.61",1,1,0,"£196,622.28",1,31-45,0.73,0,Yes,No,Churned
15608528,645,France,Female,68,9,£0.00,4,1,1,"£176,353.87",1,60+,0,1,Yes,Yes,Churned
15645184,701,France,Male,29,2,£0.00,2,1,0,"£176,943.59",0,18-30,0,0,Yes,No,Stayed
15702566,554,Spain,Male,26,8,"£149,134.46",1,1,1,"£177,966.24",0,18-30,0.84,0,Yes,Yes,Stayed
15660840,723,France,Male,30,3,"£124,119.54",1,1,0,"£162,198.32",0,18-30,0.77,0,Yes,No,Stayed
15750811,766,Germany,Male,44,3,"£116,822.70",1,0,0,"£197,643.24",0,31-45,0.59,0,No,No,Stayed
15733842,597,France,Female,24,1,"£103,219.47",1,1,0,"£60,420.07",0,18-30,1.71,0,Yes,No,Stayed
15581526,574,France,Male,41,1,£0.00,2,0,0,"£70,550.00",0,31-45,0,0,No,No,Stayed
15662751,655,Germany,Female,40,0,"£81,954.60",1,1,1,"£198,798.44",1,31-45,0.41,0,Yes,Yes,Churned
15684319,780,Germany,Female,37,10,"£95,196.26",1,1,0,"£126,310.39",1,31-45,0.75,0,Yes,No,Churned
15702190,672,Spain,Male,43,5,£0.00,2,1,1,"£64,515.50",0,31-45,0,0,Yes,Yes,Stayed
15588517,717,France,Male,38,7,£0.00,2,1,1,"£158,580.05",0,31-45,0,0,Yes,Yes,Stayed
15801863,521,France,Female,32,2,"£136,555.01",2,1,1,"£129,353.21",0,31-45,1.06,0,Yes,Yes,Stayed
15584271,633,France,Male,59,5,£0.00,1,1,1,"£137,273.97",0,46-60,0,0,Yes,Yes,Stayed
15700366,669,France,Male,39,3,"£119,452.03",1,1,1,"£171,575.54",0,31-45,0.7,0,Yes,Yes,Stayed
15804038,740,France,Male,44,9,£0.00,1,0,1,"£96,528.00",1,31-45,0,0,No,Yes,Churned
15720820,462,Germany,Female,24,9,"£69,881.09",2,0,1,"£64,421.02",0,18-30,1.08,0,No,Yes,Stayed
15743759,619,France,Male,39,5,£0.00,2,1,1,"£158,444.61",0,31-45,0,0,Yes,Yes,Stayed
15749947,665,France,Female,44,7,£0.00,2,1,1,"£66,548.58",0,31-45,0,0,Yes,Yes,Stayed
15670496,655,Spain,Female,27,9,£0.00,2,0,0,"£108,008.05",0,18-30,0,0,No,No,Stayed
15746664,463,Spain,Male,20,8,"£204,223.03",1,1,0,"£128,268.39",0,18-30,1.59,0,Yes,No,Stayed
15745533,799,France,Female,63,1,"£110,314.21",2,1,0,"£37,464.00",1,60+,2.94,0,Yes,No,Churned
15761497,713,Spain,Female,48,1,"£163,760.82",1,0,0,"£157,381.14",1,46-60,1.04,0,No,No,Churned
15628600,807,Germany,Female,31,1,"£141,069.18",3,1,1,"£194,257.11",0,31-45,0.73,1,Yes,Yes,Stayed
15627002,728,France,Male,38,1,"£115,934.74",1,1,1,"£139,059.05",0,31-45,0.83,0,Yes,Yes,Stayed
15614635,582,France,Male,52,2,"£151,457.88",1,0,1,"£40,893.61",0,46-60,3.7,0,No,Yes,Stayed
15731281,704,Germany,Female,35,3,"£154,206.07",2,1,1,"£40,261.49",0,31-45,3.83,0,Yes,Yes,Stayed
15814022,714,France,Female,26,9,"£89,928.99",1,1,0,"£46,203.31",0,18-30,1.95,0,Yes,No,Stayed
15659194,628,France,Male,30,8,"£89,182.09",1,1,1,"£13,126.90",0,18-30,6.79,0,Yes,Yes,Stayed
15745030,809,Germany,Male,41,1,"£79,706.25",2,1,0,"£165,675.01",0,31-45,0.48,0,Yes,No,Stayed
15691817,547,Spain,Female,44,5,£0.00,3,0,0,"£5,459.07",1,31-45,0,1,No,No,Churned
15707488,560,France,Female,27,5,£0.00,2,1,0,"£131,919.48",0,18-30,0,0,Yes,No,Stayed
15784700,811,France,Male,31,7,"£117,799.28",1,1,1,"£182,372.35",0,31-45,0.65,0,Yes,Yes,Stayed
15710397,584,France,Male,26,4,£0.00,2,1,0,"£147,600.54",0,18-30,0,0,Yes,No,Stayed
15687648,691,France,Male,28,1,£0.00,2,0,0,"£92,865.41",0,18-30,0,0,No,No,Stayed
15732281,680,Germany,Male,34,6,"£146,422.22",1,1,0,"£67,142.97",1,31-45,2.18,0,Yes,No,Churned
15607230,588,Germany,Male,33,9,"£150,186.22",2,1,1,"£65,611.01",0,31-45,2.29,0,Yes,Yes,Stayed
15567630,721,Germany,Male,40,6,"£100,275.88",1,1,0,"£138,564.48",1,31-45,0.72,0,Yes,No,Churned
15587507,850,France,Male,47,6,£0.00,1,1,0,"£187,391.02",1,46-60,0,0,Yes,No,Churned
15733904,529,France,Male,32,9,"£147,493.89",1,1,0,"£33,656.35",0,31-45,4.38,0,Yes,No,Stayed
15709511,622,France,Male,43,8,£0.00,2,1,0,"£100,618.17",0,31-45,0,0,Yes,No,Stayed
15579616,683,France,Female,42,8,£0.00,2,0,1,"£198,134.90",0,31-45,0,0,No,Yes,Stayed
15694852,575,France,Male,29,4,"£121,823.40",2,1,1,"£50,368.87",0,18-30,2.42,0,Yes,Yes,Stayed
15589924,577,Spain,Female,40,1,£0.00,2,1,1,"£108,787.00",0,31-45,0,0,Yes,Yes,Stayed
15799300,510,Germany,Male,31,0,"£113,688.63",1,1,0,"£33,099.41",1,31-45,3.43,0,Yes,No,Churned
15731330,652,Spain,Female,40,7,"£100,471.34",1,1,1,"£124,550.88",0,31-45,0.81,0,Yes,Yes,Stayed
15694129,569,Germany,Female,28,3,"£100,032.52",1,1,0,"£5,159.21",1,18-30,19.39,0,Yes,No,Churned
15620372,687,Spain,Male,31,3,£0.00,2,0,0,"£48,228.10",0,31-45,0,0,No,No,Stayed
15744622,822,France,Male,32,8,"£116,358.00",1,1,0,"£108,798.36",0,31-45,1.07,0,Yes,No,Stayed
15799815,656,Germany,Female,23,4,"£163,549.63",1,0,1,"£21,085.12",0,18-30,7.76,0,No,Yes,Stayed
15759250,745,Germany,Male,51,3,"£99,183.90",1,1,1,"£28,922.25",0,46-60,3.43,0,Yes,Yes,Stayed
15732643,386,Spain,Female,53,1,"£131,955.07",1,1,1,"£62,514.65",1,46-60,2.11,0,Yes,Yes,Churned
15690540,684,Spain,Female,41,1,"£134,177.06",1,0,0,"£177,506.66",0,31-45,0.76,0,No,No,Stayed
15803078,635,Spain,Female,38,1,£0.00,2,1,0,"£90,605.05",0,31-45,0,0,Yes,No,Stayed
15652180,582,France,Male,30,2,£0.00,2,1,1,"£132,029.95",0,18-30,0,0,Yes,Yes,Stayed
15741195,613,Spain,Male,19,5,£0.00,1,1,1,"£176,903.35",0,18-30,0,0,Yes,Yes,Stayed
15743490,795,Germany,Female,56,9,"£94,348.94",1,1,0,"£29,239.29",1,46-60,3.23,0,Yes,No,Churned
15575510,659,France,Female,32,2,"£155,584.21",1,0,1,"£153,662.88",0,31-45,1.01,0,No,Yes,Stayed
15732610,745,France,Female,28,6,£0.00,2,1,0,"£154,389.18",0,18-30,0,0,Yes,No,Stayed
15602909,604,Spain,Female,41,10,£0.00,2,1,1,"£166,224.39",0,31-45,0,0,Yes,Yes,Stayed
15734058,509,Germany,Male,32,9,"£170,661.47",1,1,1,"£21,646.20",0,31-45,7.88,0,Yes,Yes,Stayed
15801788,706,Germany,Female,29,6,"£185,544.36",1,1,0,"£171,037.63",0,18-30,1.08,0,Yes,No,Stayed
15702462,619,Spain,Female,44,6,"£52,831.13",1,1,1,"£112,649.22",1,31-45,0.47,0,Yes,Yes,Churned
15683416,572,Germany,Male,51,8,"£97,750.07",3,1,1,"£193,014.26",1,46-60,0.51,1,Yes,Yes,Churned
15794187,695,France,Male,36,6,"£114,007.50",2,1,0,"£118,120.88",0,31-45,0.97,0,Yes,No,Stayed
15792989,543,France,Female,71,1,"£104,308.77",1,1,1,"£25,650.04",0,60+,4.07,0,Yes,Yes,Stayed
15613734,640,France,Female,33,6,"£84,719.13",2,1,1,"£113,048.79",0,31-45,0.75,0,Yes,Yes,Stayed
15606177,672,France,Male,39,2,£0.00,2,1,0,"£87,372.49",0,31-45,0,0,Yes,No,Stayed
15636700,701,France,Male,39,9,"£140,236.98",1,0,1,"£146,651.99",0,31-45,0.96,0,No,Yes,Stayed
15645766,634,Spain,Male,25,9,£0.00,2,1,1,"£8,227.91",0,18-30,0,0,Yes,Yes,Stayed
15671345,531,Spain,Female,42,6,"£75,302.85",2,0,0,"£57,034.35",0,31-45,1.32,0,No,No,Stayed
15652469,699,France,Male,27,1,£0.00,2,1,0,"£93,003.21",0,18-30,0,0,Yes,No,Stayed
15749638,605,France,Female,51,9,"£104,760.82",1,1,1,"£165,574.54",1,46-60,0.63,0,Yes,Yes,Churned
15728706,534,France,Female,49,7,£0.00,1,1,0,"£13,566.48",1,46-60,0,0,Yes,No,Churned
15735439,449,Spain,Female,31,1,"£113,693.00",1,0,0,"£82,796.29",0,31-45,1.37,0,No,No,Stayed
15778696,684,Spain,Female,36,5,"£174,180.39",1,1,0,"£119,830.08",0,31-45,1.45,0,Yes,No,Stayed
15624744,622,Germany,Male,42,9,"£115,766.26",1,0,0,"£72,155.85",1,31-45,1.6,0,No,No,Churned
15584338,714,France,Female,40,0,£0.00,2,1,0,"£62,762.12",0,31-45,0,0,Yes,No,Stayed
15726178,712,Spain,Female,48,8,£0.00,2,1,0,"£183,235.33",0,46-60,0,0,Yes,No,Stayed
15794939,783,France,Female,72,5,"£121,215.90",2,1,1,"£105,206.48",0,60+,1.15,0,Yes,Yes,Stayed
15788068,743,Germany,Male,45,10,"£144,677.19",3,1,0,"£22,512.44",1,31-45,6.43,1,Yes,No,Churned
15572956,683,France,Male,36,5,"£115,350.63",1,1,1,"£122,305.91",0,31-45,0.94,0,Yes,Yes,Stayed
15780386,654,Spain,Male,40,5,"£105,683.63",1,1,0,"£173,617.09",0,31-45,0.61,0,Yes,No,Stayed
15791114,700,France,Male,37,1,"£135,179.49",1,1,0,"£160,670.37",0,31-45,0.84,0,Yes,No,Stayed
15708046,744,Spain,Male,31,0,"£117,551.23",1,1,0,"£158,958.90",0,31-45,0.74,0,Yes,No,Stayed
15719779,645,Germany,Male,25,1,"£157,404.02",2,1,0,"£93,073.04",0,18-30,1.69,0,Yes,No,Stayed
15591550,525,Spain,Male,36,3,"£77,910.23",1,1,0,"£67,238.01",0,31-45,1.16,0,Yes,No,Stayed
15639368,732,France,Male,25,0,"£110,942.90",1,0,0,"£172,576.56",0,18-30,0.64,0,No,No,Stayed
15699830,721,France,Female,40,7,£0.00,2,1,1,"£122,580.48",0,31-45,0,0,Yes,Yes,Stayed
15569264,622,France,Male,32,5,"£179,305.09",1,1,1,"£149,043.78",0,31-45,1.2,0,Yes,Yes,Stayed
15595158,654,Germany,Male,31,5,"£150,593.59",2,1,1,"£105,218.45",0,31-45,1.43,0,Yes,Yes,Stayed
15599126,529,France,Female,43,0,"£123,815.86",1,1,1,"£78,463.99",1,31-45,1.58,0,Yes,Yes,Churned
15650575,720,Spain,Female,59,6,£0.00,2,1,1,"£160,849.43",1,46-60,0,0,Yes,Yes,Churned
15641490,850,Germany,Female,25,8,"£69,385.17",2,1,0,"£87,834.24",0,18-30,0.79,0,Yes,No,Stayed
15680234,667,Germany,Male,27,2,"£138,032.15",1,1,0,"£166,317.71",0,18-30,0.83,0,Yes,No,Stayed
15592230,620,France,Male,41,3,£0.00,2,1,1,"£137,309.06",0,31-45,0,0,Yes,Yes,Stayed
15626212,616,France,Male,29,9,£0.00,1,1,1,"£166,984.44",0,18-30,0,0,Yes,Yes,Stayed
15700627,637,Germany,Female,46,2,"£143,500.82",1,1,0,"£166,996.46",1,46-60,0.86,0,Yes,No,Churned
15782641,710,Spain,Female,29,3,"£119,670.18",1,1,0,"£188,022.44",0,18-30,0.64,0,Yes,No,Stayed
15784445,717,Spain,Male,33,1,"£99,106.73",1,0,0,"£194,467.23",0,31-45,0.51,0,No,No,Stayed
15813681,786,Germany,Male,24,2,"£120,135.55",2,1,1,"£125,449.47",0,18-30,0.96,0,Yes,Yes,Stayed
15596649,651,France,Female,39,8,£0.00,1,1,0,"£137,452.57",0,31-45,0,0,Yes,No,Stayed
15700460,530,France,Female,55,4,"£120,905.03",1,0,1,"£123,475.88",1,46-60,0.98,0,No,Yes,Churned
15724076,815,Spain,Female,57,5,£0.00,3,0,0,"£38,941.44",1,46-60,0,1,No,No,Churned
15784000,715,Germany,Female,34,9,"£102,277.52",1,0,0,"£177,852.57",1,31-45,0.58,0,No,No,Churned
15733966,496,Germany,Female,55,4,"£125,292.53",1,1,1,"£31,532.96",1,46-60,3.97,0,Yes,Yes,Churned
15612667,680,Spain,Male,42,0,£0.00,1,1,0,"£136,377.21",0,31-45,0,0,Yes,No,Stayed
15654025,646,France,Female,51,4,"£101,629.30",1,0,0,"£130,541.10",0,46-60,0.78,0,No,No,Stayed
15589431,807,Germany,Male,47,1,"£171,937.27",1,1,1,"£65,636.92",0,46-60,2.62,0,Yes,Yes,Stayed
15578238,727,France,Male,47,7,£0.00,2,1,0,"£193,305.35",0,46-60,0,0,Yes,No,Stayed
15566269,787,France,Male,25,5,£0.00,2,1,0,"£47,307.90",0,18-30,0,0,Yes,No,Stayed
15639217,806,France,Male,34,6,£0.00,2,0,0,"£100,809.99",0,31-45,0,0,No,No,Stayed
15688644,603,France,Male,31,1,"£129,743.75",1,1,0,"£109,145.20",0,31-45,1.19,0,Yes,No,Stayed
15662426,649,Spain,Male,32,1,£0.00,1,0,1,"£91,167.19",1,31-45,0,0,No,Yes,Churned
15720511,547,Germany,Male,41,3,"£151,191.31",1,1,0,"£175,295.89",1,31-45,0.86,0,Yes,No,Churned
15567246,684,Germany,Male,32,3,"£102,630.13",2,1,1,"£127,433.47",0,31-45,0.81,0,Yes,Yes,Stayed
15647965,477,France,Female,57,9,"£114,023.64",2,1,1,"£71,167.17",1,46-60,1.6,0,Yes,Yes,Churned
15679048,558,Germany,Male,41,2,"£124,227.14",1,1,1,"£111,184.67",0,31-45,1.12,0,Yes,Yes,Stayed
15675749,695,France,Female,23,1,£0.00,2,1,1,"£141,756.32",0,18-30,0,0,Yes,Yes,Stayed
15782181,592,Spain,Male,35,6,"£80,285.16",1,1,0,"£72,678.75",1,31-45,1.1,0,Yes,No,Churned
15795738,789,France,Male,31,4,"£175,477.15",1,1,1,"£172,832.90",0,31-45,1.02,0,Yes,Yes,Stayed
15773751,597,France,Female,29,1,"£132,144.35",1,1,0,"£158,086.33",0,18-30,0.84,0,Yes,No,Stayed
15655436,839,Germany,Male,47,2,"£136,911.07",1,1,1,"£168,184.62",1,46-60,0.81,0,Yes,Yes,Churned
15691396,405,Germany,Male,31,5,"£133,299.67",2,1,1,"£72,950.14",0,31-45,1.83,0,Yes,Yes,Stayed
15796958,658,France,Male,39,7,£0.00,2,1,0,"£48,378.40",0,31-45,0,0,Yes,No,Stayed
15801832,684,Germany,Male,42,1,"£117,691.00",1,1,1,"£23,135.65",1,31-45,5.09,0,Yes,Yes,Churned
15661349,633,France,Male,35,10,£0.00,2,1,0,"£65,675.47",0,31-45,0,0,Yes,No,Stayed
15719265,589,France,Male,46,9,£0.00,2,1,0,"£170,676.67",0,46-60,0,0,Yes,No,Stayed
15779985,750,Germany,Female,37,1,"£133,199.71",2,1,1,"£27,366.77",0,31-45,4.87,0,Yes,Yes,Stayed
15663410,771,Spain,Male,51,5,"£135,506.58",3,1,1,"£152,479.64",1,46-60,0.89,1,Yes,Yes,Churned
15704144,812,Germany,Male,33,2,"£127,154.14",2,0,1,"£105,383.49",0,31-45,1.21,0,No,Yes,Stayed
15774104,539,Spain,Male,39,2,£0.00,2,1,1,"£48,189.94",0,31-45,0,0,Yes,Yes,Stayed
15812230,670,Germany,Female,42,5,"£49,508.79",3,1,1,"£100,324.01",0,31-45,0.49,1,Yes,Yes,Stayed
15742848,673,France,Male,41,5,£0.00,1,1,1,"£65,657.29",0,31-45,0,0,Yes,Yes,Stayed
15745326,538,France,Female,62,3,"£75,051.49",1,0,0,"£17,682.02",1,60+,4.24,0,No,No,Churned
15674541,575,Spain,Male,52,8,"£123,925.23",1,0,0,"£111,342.66",1,46-60,1.11,0,No,No,Churned
15728564,682,France,Male,41,6,£0.00,2,0,1,"£134,158.09",1,31-45,0,0,No,Yes,Churned
15580701,712,France,Male,33,3,"£153,819.58",1,1,0,"£79,176.09",1,31-45,1.94,0,Yes,No,Churned
15688973,598,Spain,Female,39,5,£0.00,2,1,1,"£83,103.46",0,31-45,0,0,Yes,Yes,Stayed
15709412,776,Spain,Male,30,6,£0.00,2,0,1,"£63,908.86",0,18-30,0,0,No,Yes,Stayed
15607753,606,Spain,Female,23,10,"£70,417.79",1,0,1,"£90,896.04",0,18-30,0.77,0,No,Yes,Stayed
15705352,686,Spain,Male,38,7,"£111,484.88",1,1,1,"£76,076.20",0,31-45,1.47,0,Yes,Yes,Stayed
15602500,850,Spain,Male,38,1,"£146,343.98",1,0,1,"£103,902.11",0,31-45,1.41,0,No,Yes,Stayed
15672437,642,France,Male,72,1,"£160,541.00",2,1,1,"£142,223.94",0,60+,1.13,0,Yes,Yes,Stayed
15720968,606,Germany,Male,27,2,"£130,274.26",2,1,0,"£147,533.09",0,18-30,0.88,0,Yes,No,Stayed
15730796,627,France,Female,21,7,"£98,993.02",1,1,1,"£169,156.64",0,18-30,0.59,0,Yes,Yes,Stayed
15768219,850,Spain,Male,36,0,£0.00,2,1,0,"£141,242.57",0,31-45,0,0,Yes,No,Stayed
15663883,850,Germany,Male,32,9,"£141,827.33",2,1,1,"£149,458.73",0,31-45,0.95,0,Yes,Yes,Stayed
15589296,724,France,Female,40,6,"£110,054.45",1,1,1,"£86,950.72",0,31-45,1.27,0,Yes,Yes,Stayed
15586425,579,France,Male,28,4,£0.00,2,1,1,"£176,925.69",0,18-30,0,0,Yes,Yes,Stayed
15679813,727,Spain,Male,28,1,£0.00,1,1,0,"£40,357.39",0,18-30,0,0,Yes,No,Stayed
15681410,813,Germany,Female,36,6,"£98,088.09",1,0,1,"£26,687.22",1,31-45,3.68,0,No,Yes,Churned
15668283,642,France,Male,48,9,"£118,317.27",4,0,0,"£78,702.98",1,46-60,1.5,1,No,No,Churned
15624072,669,Spain,Male,22,10,£0.00,2,1,0,"£176,163.74",0,18-30,0,0,Yes,No,Stayed
15669664,574,Germany,Male,54,1,"£99,774.50",1,0,0,"£4,896.11",1,46-60,20.38,0,No,No,Churned
15682728,774,France,Female,32,4,£0.00,2,0,0,"£114,899.13",0,31-45,0,0,No,No,Stayed
15573851,735,France,Female,38,1,£0.00,3,0,0,"£92,220.12",1,31-45,0,1,No,No,Churned
15733661,639,Spain,Female,27,8,"£133,806.54",2,1,0,"£6,251.30",0,18-30,21.4,0,Yes,No,Stayed
15710012,738,Spain,Male,44,2,£0.00,2,1,0,"£43,018.82",1,31-45,0,0,Yes,No,Churned
15763327,835,France,Male,32,8,"£124,993.29",2,1,1,"£27,548.06",0,31-45,4.54,0,Yes,Yes,Stayed
15668853,637,Spain,Female,44,0,"£157,622.58",1,1,1,"£120,454.20",0,31-45,1.31,0,Yes,Yes,Stayed
15639303,589,Germany,Male,48,5,"£126,111.61",1,0,1,"£133,961.19",0,46-60,0.94,0,No,Yes,Stayed
15691011,591,France,Male,42,9,"£161,651.37",2,1,1,"£131,753.97",0,31-45,1.23,0,Yes,Yes,Stayed
15638513,723,France,Female,40,7,"£142,856.95",2,0,0,"£38,019.74",0,31-45,3.76,0,No,No,Stayed
15648933,831,Germany,Male,44,3,"£111,100.98",1,1,1,"£28,144.07",1,31-45,3.95,0,Yes,Yes,Churned
15628904,733,Spain,Male,35,8,"£102,918.38",1,1,1,"£45,959.86",0,31-45,2.24,0,Yes,Yes,Stayed
15644788,731,France,Female,30,5,£0.00,2,1,0,"£189,528.72",0,18-30,0,0,Yes,No,Stayed
15598161,654,France,Male,47,10,£0.00,2,1,0,"£170,481.98",0,46-60,0,0,Yes,No,Stayed
15745624,828,France,Male,37,4,£0.00,2,1,0,"£94,845.45",0,31-45,0,0,Yes,No,Stayed
15733169,590,Spain,Male,22,7,"£125,265.61",1,1,1,"£161,253.08",0,18-30,0.78,0,Yes,Yes,Stayed
15801417,657,France,Male,37,4,"£82,500.28",1,1,1,"£115,260.72",0,31-45,0.72,0,Yes,Yes,Stayed
15592707,531,Germany,Female,64,2,"£175,754.87",2,1,1,"£60,721.40",0,60+,2.89,0,Yes,Yes,Stayed
15593954,516,France,Female,47,6,"£109,387.33",1,0,0,"£121,365.45",0,46-60,0.9,0,No,No,Stayed
15714431,561,France,Male,37,1,"£100,443.36",2,0,1,"£101,693.73",0,31-45,0.99,0,No,Yes,Stayed
15638257,682,Spain,Female,54,0,"£83,102.72",2,1,1,"£54,132.93",0,46-60,1.54,0,Yes,Yes,Stayed
15690939,575,Spain,Male,28,7,£0.00,1,1,1,"£10,666.05",0,18-30,0,0,Yes,Yes,Stayed
15723613,623,France,Female,28,4,£0.00,2,1,0,"£41,227.67",0,18-30,0,0,Yes,No,Stayed
15813640,642,France,Female,40,7,£0.00,2,1,0,"£10,712.82",0,31-45,0,0,Yes,No,Stayed
15707322,779,France,Female,48,2,"£115,290.27",1,0,0,"£98,912.69",1,46-60,1.17,0,No,No,Churned
15588918,671,France,Female,42,6,£0.00,2,1,0,"£197,202.48",0,31-45,0,0,Yes,No,Stayed
15600357,495,France,Female,40,1,"£140,197.71",2,1,0,"£150,720.39",0,31-45,0.93,0,Yes,No,Stayed
15747014,850,France,Female,28,1,"£105,245.34",1,0,1,"£74,780.13",0,18-30,1.41,0,No,Yes,Stayed
15809830,630,France,Male,50,8,£0.00,2,0,1,"£79,377.45",0,46-60,0,0,No,Yes,Stayed
15662245,588,France,Male,32,1,£0.00,2,1,1,"£8,763.87",0,31-45,0,0,Yes,Yes,Stayed
15651075,562,Germany,Male,35,3,"£142,296.13",1,0,1,"£177,112.70",0,31-45,0.8,0,No,Yes,Stayed
15594456,740,Spain,Female,56,4,"£99,097.33",1,1,1,"£85,016.64",1,46-60,1.17,0,Yes,Yes,Churned
15583462,695,France,Male,28,5,"£171,069.39",2,1,1,"£88,689.40",0,18-30,1.93,0,Yes,Yes,Stayed
15757661,589,France,Female,39,7,£0.00,2,0,0,"£95,985.64",0,31-45,0,0,No,No,Stayed
15729117,607,France,Female,31,1,"£102,523.88",1,1,1,"£166,792.71",0,31-45,0.61,0,Yes,Yes,Stayed
15749671,794,France,Male,35,6,£0.00,2,1,1,"£68,730.91",0,31-45,0,0,Yes,Yes,Stayed
15566253,580,Germany,Male,44,9,"£143,391.07",1,0,0,"£146,891.07",1,31-45,0.98,0,No,No,Churned
15595153,644,Germany,Female,44,8,"£106,022.73",2,0,0,"£148,727.42",0,31-45,0.71,0,No,No,Stayed
15698572,636,Spain,Female,36,1,£0.00,1,1,0,"£43,134.58",0,31-45,0,0,Yes,No,Stayed
15674149,599,Germany,Male,36,3,"£128,960.21",2,1,1,"£40,318.33",0,31-45,3.2,0,Yes,Yes,Stayed
15623082,507,France,Female,35,2,£0.00,2,1,0,"£97,633.93",0,31-45,0,0,Yes,No,Stayed
15797905,682,France,Female,48,7,£0.00,2,1,0,"£65,069.03",0,46-60,0,0,Yes,No,Stayed
15746028,714,France,Female,24,7,£0.00,2,1,0,"£166,335.00",0,18-30,0,0,Yes,No,Stayed
15582951,696,France,Female,25,8,"£126,442.59",1,1,0,"£121,904.44",0,18-30,1.04,0,Yes,No,Stayed
15616471,599,Spain,Male,51,0,£0.00,1,1,1,"£175,235.99",0,46-60,0,0,Yes,Yes,Stayed
15641575,577,France,Male,37,2,"£127,261.35",1,1,0,"£56,185.05",0,31-45,2.27,0,Yes,No,Stayed
15638803,733,Spain,Female,32,5,£0.00,2,1,0,"£131,625.14",0,31-45,0,0,Yes,No,Stayed
15808283,647,France,Female,33,4,£0.00,1,1,0,"£152,323.04",0,31-45,0,0,Yes,No,Stayed
15811200,831,France,Female,34,2,£0.00,2,0,0,"£165,840.94",0,31-45,0,0,No,No,Stayed
15733476,543,Germany,Male,30,6,"£73,481.05",1,1,1,"£176,692.65",0,18-30,0.42,0,Yes,Yes,Stayed
15633274,679,France,Male,34,7,"£160,515.37",1,1,0,"£121,904.14",0,31-45,1.32,0,Yes,No,Stayed
15582168,713,Germany,Female,61,4,"£149,525.34",2,1,0,"£123,663.63",0,60+,1.21,0,Yes,No,Stayed
15807269,690,Germany,Male,43,2,"£166,522.78",1,0,0,"£119,644.59",1,31-45,1.39,0,No,No,Churned
15602979,751,France,Male,29,1,"£135,536.50",1,1,0,"£66,825.33",0,18-30,2.03,0,Yes,No,Stayed
15660417,613,Germany,Female,43,10,"£120,481.69",1,0,0,"£94,875.03",1,31-45,1.27,0,No,No,Churned
15590199,701,Spain,Male,28,1,"£103,421.32",1,0,1,"£76,304.73",0,18-30,1.36,0,No,Yes,Stayed
15641794,698,France,Male,33,5,"£135,658.73",2,0,1,"£39,755.00",0,31-45,3.41,0,No,Yes,Stayed
15779174,451,France,Female,36,2,£0.00,2,1,1,"£180,142.42",0,31-45,0,0,Yes,Yes,Stayed
15785547,665,France,Male,28,8,"£191,402.82",2,1,0,"£83,238.40",0,18-30,2.3,0,Yes,No,Stayed
15795124,726,Germany,Male,50,9,"£94,504.35",1,0,1,"£5,078.90",0,46-60,18.61,0,No,Yes,Stayed
15718912,608,Germany,Female,44,5,"£126,147.84",1,0,1,"£132,424.69",1,31-45,0.95,0,No,Yes,Churned
15592028,549,France,Female,46,7,£0.00,1,1,1,"£109,057.56",0,46-60,0,0,Yes,Yes,Stayed
15580227,803,France,Male,33,6,£0.00,2,1,0,"£115,676.61",0,31-45,0,0,Yes,No,Stayed
15657830,663,France,Male,43,4,"£87,624.03",2,1,0,"£149,401.33",0,31-45,0.59,0,Yes,No,Stayed
15798256,558,France,Female,45,1,"£153,697.53",2,0,0,"£89,891.40",1,31-45,1.71,0,No,No,Churned
15643819,714,France,Female,25,4,£0.00,2,0,0,"£82,500.84",0,18-30,0,0,No,No,Stayed
15754301,704,France,Male,39,5,£0.00,1,1,0,"£6,416.92",0,31-45,0,0,Yes,No,Stayed
15726855,805,Germany,Female,45,9,"£116,585.97",1,1,0,"£189,428.75",1,31-45,0.62,0,Yes,No,Churned
15755225,659,Germany,Male,34,9,"£134,464.58",2,1,0,"£178,833.34",0,31-45,0.75,0,Yes,No,Stayed
15725221,738,Germany,Male,62,10,"£83,008.31",1,1,1,"£42,766.03",0,60+,1.94,0,Yes,Yes,Stayed
15789055,635,Spain,Male,35,2,"£113,635.16",1,1,0,"£90,883.12",0,31-45,1.25,0,Yes,No,Stayed
15617507,530,Spain,Female,36,7,£0.00,2,1,0,"£80,619.09",0,31-45,0,0,Yes,No,Stayed
15668894,661,Germany,Male,41,5,"£122,552.48",2,0,1,"£120,646.40",0,31-45,1.02,0,No,Yes,Stayed
15589563,531,Spain,Male,31,2,"£118,899.45",2,0,0,"£41,409.36",0,31-45,2.87,0,No,No,Stayed
15693162,694,France,Female,29,5,"£99,713.87",1,0,0,"£112,317.89",0,18-30,0.89,0,No,No,Stayed
15750099,731,France,Female,36,6,£0.00,1,0,0,"£152,128.36",0,31-45,0,0,No,No,Stayed
15795540,556,France,Female,36,2,"£134,208.22",1,0,1,"£177,670.57",0,31-45,0.76,0,No,Yes,Stayed
15794941,647,Germany,Female,41,1,"£85,906.65",3,1,0,"£189,159.97",0,31-45,0.45,1,Yes,No,Stayed
15611848,850,Germany,Male,32,3,"£137,714.25",1,0,1,"£159,403.68",0,31-45,0.86,0,No,Yes,Stayed
15581237,573,Spain,Male,33,1,"£160,777.90",1,1,1,"£149,536.15",0,31-45,1.08,0,Yes,Yes,Stayed
15738150,591,France,Male,45,5,£0.00,2,1,1,"£155,492.87",0,31-45,0,0,Yes,Yes,Stayed
15678571,723,France,Male,21,4,£0.00,2,0,0,"£24,847.02",0,18-30,0,0,No,No,Stayed
15736124,617,France,Male,25,1,"£102,585.88",2,1,1,"£115,387.40",0,18-30,0.89,0,Yes,Yes,Stayed
15623202,704,Germany,Female,39,10,"£102,556.18",2,1,0,"£171,971.25",1,31-45,0.6,0,Yes,No,Churned
15804201,457,Germany,Male,42,4,"£126,772.57",1,0,1,"£126,106.40",0,31-45,1.01,0,No,Yes,Stayed
15596863,787,Germany,Female,38,3,"£158,373.23",1,1,1,"£28,228.35",0,31-45,5.61,0,Yes,Yes,Stayed
15696277,651,France,Female,34,9,£0.00,2,1,0,"£138,113.71",0,31-45,0,0,Yes,No,Stayed
15748608,612,Germany,Male,42,5,"£141,927.10",1,1,1,"£43,018.98",0,31-45,3.3,0,Yes,Yes,Stayed
15723864,828,Spain,Male,47,1,"£109,876.82",2,1,0,"£83,611.45",1,46-60,1.31,0,Yes,No,Churned
15802390,724,France,Female,34,2,£0.00,2,1,1,"£118,863.38",0,31-45,0,0,Yes,Yes,Stayed
15774336,648,Germany,Male,44,9,"£111,369.79",2,1,1,"£91,947.74",0,31-45,1.21,0,Yes,Yes,Stayed
15648766,569,Spain,Male,35,3,"£116,969.35",1,0,0,"£94,488.82",0,31-45,1.24,0,No,No,Stayed
15659094,765,Germany,Female,34,8,"£136,729.51",2,0,0,"£47,058.21",0,31-45,2.91,0,No,No,Stayed
15606397,577,Germany,Female,44,1,"£152,086.15",1,0,1,"£44,719.50",1,31-45,3.4,0,No,Yes,Churned
15642619,603,Spain,Male,46,2,£0.00,2,1,0,"£174,478.54",0,46-60,0,0,Yes,No,Stayed
15666032,568,Spain,Male,28,1,"£127,289.28",1,0,0,"£45,611.51",0,18-30,2.79,0,No,No,Stayed
15595842,748,Germany,Male,45,2,"£119,852.01",1,0,0,"£73,853.94",1,31-45,1.62,0,No,No,Churned
15753837,573,Spain,Male,38,4,£0.00,2,1,1,"£196,517.43",0,31-45,0,0,Yes,Yes,Stayed
15783882,771,Spain,Female,41,5,£0.00,2,0,1,"£92,914.67",0,31-45,0,0,No,Yes,Stayed
15799790,763,France,Male,35,9,£0.00,1,1,1,"£31,372.91",0,31-45,0,0,Yes,Yes,Stayed
15628155,410,France,Female,35,7,"£117,183.74",1,1,1,"£109,733.73",0,31-45,1.07,0,Yes,Yes,Stayed
15703778,728,France,Male,33,8,"£129,907.63",1,0,1,"£36,083.96",0,31-45,3.6,0,No,Yes,Stayed
15722322,655,Spain,Female,78,2,£0.00,2,0,1,"£188,435.38",0,60+,0,0,No,Yes,Stayed
15639278,580,Germany,Female,36,6,"£145,387.32",2,1,1,"£169,963.20",1,31-45,0.86,0,Yes,Yes,Churned
15568487,712,France,Male,35,7,"£124,616.23",1,1,1,"£69,320.97",0,31-45,1.8,0,Yes,Yes,Stayed
15682084,680,France,Male,31,9,£0.00,2,1,0,"£36,145.53",0,31-45,0,0,Yes,No,Stayed
15642821,383,Spain,Female,48,8,"£95,808.19",1,0,0,"£137,702.01",1,46-60,0.7,0,No,No,Churned
15601387,721,France,Male,35,10,£0.00,2,1,0,"£71,594.26",0,31-45,0,0,Yes,No,Stayed
15642515,620,France,Female,42,1,£0.00,2,0,1,"£65,565.92",0,31-45,0,0,No,Yes,Stayed
15710421,774,Spain,Female,36,8,"£117,152.30",1,0,0,"£101,828.39",0,31-45,1.15,0,No,No,Stayed
15726774,563,France,Male,35,3,"£106,250.72",1,0,0,"£39,546.32",0,31-45,2.69,0,No,No,Stayed
15649078,850,Germany,Female,27,8,"£111,837.78",2,1,1,"£110,805.79",0,18-30,1.01,0,Yes,Yes,Stayed
15641877,681,France,Male,47,9,"£97,023.21",1,1,1,"£2,168.13",0,46-60,44.75,0,Yes,Yes,Stayed
15796496,631,France,Female,31,8,"£137,687.72",1,1,0,"£190,067.12",0,31-45,0.72,0,Yes,No,Stayed
15815690,614,Spain,Female,40,3,"£113,348.50",1,1,1,"£77,789.01",0,31-45,1.46,0,Yes,Yes,Stayed
15631739,704,Spain,Male,24,10,"£122,109.78",1,1,1,"£127,654.37",0,18-30,0.96,0,Yes,Yes,Stayed
15625584,786,France,Male,32,2,"£120,452.40",2,0,0,"£79,602.86",0,31-45,1.51,0,No,No,Stayed
15802466,534,France,Female,53,7,£0.00,2,1,1,"£80,619.17",0,46-60,0,0,Yes,Yes,Stayed
15697028,590,Spain,Male,34,0,"£65,812.35",2,0,1,"£160,346.30",0,31-45,0.41,0,No,Yes,Stayed
15575759,583,Spain,Female,40,3,"£54,428.37",1,1,0,"£109,638.78",1,31-45,0.5,0,Yes,No,Churned
15567442,656,France,Female,75,3,£0.00,2,1,1,"£1,276.87",0,60+,0,0,Yes,Yes,Stayed
15746805,597,France,Male,33,9,£0.00,2,1,0,"£49,374.82",0,31-45,0,0,Yes,No,Stayed
15636330,588,Germany,Female,48,1,"£143,279.58",2,1,0,"£31,580.80",1,46-60,4.54,0,Yes,No,Churned
15714970,667,Germany,Male,32,0,"£103,846.65",1,1,0,"£20,560.69",0,31-45,5.05,0,Yes,No,Stayed
15653784,627,France,Male,37,2,"£125,190.86",1,0,1,"£84,584.69",0,31-45,1.48,0,No,Yes,Stayed
15693543,708,France,Female,33,8,£0.00,2,0,1,"£15,246.83",0,31-45,0,0,No,Yes,Stayed
15773283,641,France,Male,65,6,"£38,340.02",1,1,0,"£32,607.77",1,60+,1.18,0,Yes,No,Churned
15742534,527,Germany,Female,28,2,"£123,802.98",2,1,1,"£155,846.69",0,18-30,0.79,0,Yes,Yes,Stayed
15569878,592,France,Male,37,3,"£96,651.03",1,1,1,"£3,232.82",0,31-45,29.9,0,Yes,Yes,Stayed
15729454,465,France,Male,33,8,£0.00,2,1,0,"£177,668.55",0,31-45,0,0,Yes,No,Stayed
15578375,628,France,Male,39,6,£0.00,2,0,0,"£134,441.60",0,31-45,0,0,No,No,Stayed
15785559,678,France,Male,43,1,"£133,237.21",1,1,0,"£111,032.79",1,31-45,1.2,0,Yes,No,Churned
15649414,570,France,Female,61,6,"£142,105.35",1,1,1,"£45,214.04",0,60+,3.14,0,Yes,Yes,Stayed
15701605,815,France,Male,37,1,"£166,115.42",1,1,0,"£67,208.30",0,31-45,2.47,0,Yes,No,Stayed
15686696,817,France,Female,37,6,"£81,070.34",2,1,0,"£80,985.88",0,31-45,1,0,Yes,No,Stayed
15625586,717,France,Male,35,4,£0.00,1,1,1,"£167,573.06",0,31-45,0,0,Yes,Yes,Stayed
15654975,641,France,Female,53,0,"£123,835.52",2,0,1,"£160,110.65",0,46-60,0.77,0,No,Yes,Stayed
15782993,624,France,Male,51,10,"£123,401.43",2,1,1,"£127,825.25",0,46-60,0.97,0,Yes,Yes,Stayed
15774382,579,Germany,Male,49,4,"£169,377.31",1,1,1,"£123,535.05",0,46-60,1.37,0,Yes,Yes,Stayed
15689602,698,France,Male,38,2,"£130,015.24",1,1,1,"£41,595.30",0,31-45,3.13,0,Yes,Yes,Stayed
15756155,645,France,Male,32,4,£0.00,2,0,1,"£97,628.08",0,31-45,0,0,No,Yes,Stayed
15812647,691,France,Male,34,8,"£133,936.04",2,1,0,"£91,359.79",0,31-45,1.47,0,Yes,No,Stayed
15736043,638,France,Male,34,6,"£114,543.27",1,1,1,"£97,755.29",0,31-45,1.17,0,Yes,Yes,Stayed
15696744,705,France,Female,31,3,"£119,794.67",1,0,0,"£182,528.44",0,31-45,0.66,0,No,No,Stayed
15602572,720,France,Male,33,9,£0.00,2,1,1,"£142,956.48",0,31-45,0,0,Yes,Yes,Stayed
15674765,553,Spain,Male,44,4,£0.00,1,1,0,"£10,789.30",0,31-45,0,0,Yes,No,Stayed
15678725,658,France,Female,29,8,£0.00,2,0,1,"£130,461.09",0,18-30,0,0,No,Yes,Stayed
15694444,648,Germany,Female,32,8,"£157,138.99",3,1,0,"£190,994.48",1,31-45,0.82,1,Yes,No,Churned
15795878,636,Spain,Male,45,3,£0.00,2,1,1,"£159,463.80",0,31-45,0,0,Yes,Yes,Stayed
15735346,527,Germany,Female,41,10,"£136,733.24",1,1,1,"£57,589.29",0,31-45,2.37,0,Yes,Yes,Stayed
15687094,717,Germany,Female,28,9,"£82,498.14",2,0,0,"£40,437.67",0,18-30,2.04,0,No,No,Stayed
15790067,614,Spain,Male,39,3,"£151,914.93",1,0,0,"£56,459.45",0,31-45,2.69,0,No,No,Stayed
15605742,737,France,Male,43,0,"£80,090.93",1,1,0,"£39,920.00",1,31-45,2.01,0,Yes,No,Churned
15566740,587,Spain,Male,51,3,"£83,739.32",1,0,1,"£148,798.45",0,46-60,0.56,0,No,Yes,Stayed
15664897,682,France,Female,35,2,"£181,166.44",1,1,1,"£63,737.19",1,31-45,2.84,0,Yes,Yes,Churned
15585777,710,France,Male,38,3,"£130,588.82",1,1,1,"£154,997.64",0,31-45,0.84,0,Yes,Yes,Stayed
15650864,507,France,Male,42,6,£0.00,2,1,0,"£34,777.23",0,31-45,0,0,Yes,No,Stayed
15806709,609,Germany,Male,33,6,"£94,126.67",1,0,0,"£93,718.16",0,31-45,1,0,No,No,Stayed
15633818,786,France,Male,32,9,£0.00,2,1,0,"£133,112.41",0,31-45,0,0,Yes,No,Stayed
15713845,688,France,Male,38,7,"£148,045.68",1,1,0,"£175,479.92",1,31-45,0.84,0,Yes,No,Churned
15639662,710,France,Male,38,2,£0.00,2,1,0,£96.27,0,31-45,0,0,Yes,No,Stayed
15567013,779,Spain,Male,33,3,£0.00,2,1,0,"£30,804.68",0,31-45,0,0,Yes,No,Stayed
15777784,733,France,Female,44,6,"£168,165.84",1,0,1,"£197,193.49",0,31-45,0.85,0,No,Yes,Stayed
15800251,583,Germany,Female,26,10,"£72,835.56",2,1,0,"£96,792.15",0,18-30,0.75,0,Yes,No,Stayed
15651315,627,France,Male,41,3,£0.00,2,1,0,"£132,719.80",0,31-45,0,0,Yes,No,Stayed
15651450,666,Germany,Male,31,3,"£123,212.08",2,1,1,"£112,157.31",0,31-45,1.1,0,Yes,Yes,Stayed
15784218,620,Spain,Male,38,0,£0.00,2,1,1,"£38,015.34",0,31-45,0,0,Yes,Yes,Stayed
15572398,614,Spain,Female,39,6,£0.00,2,1,1,"£164,018.98",0,31-45,0,0,Yes,Yes,Stayed
15707962,606,France,Male,40,6,"£119,501.88",2,1,0,"£46,774.94",0,31-45,2.55,0,Yes,No,Stayed
15705663,700,Germany,Female,39,5,"£144,550.83",2,1,1,"£189,664.43",0,31-45,0.76,0,Yes,Yes,Stayed
15645355,677,Germany,Male,34,3,"£126,729.41",1,1,1,"£26,106.39",1,31-45,4.85,0,Yes,Yes,Churned
15729557,850,Germany,Male,36,5,"£119,984.07",1,1,0,"£191,535.11",1,31-45,0.63,0,Yes,No,Churned
15631436,564,France,Male,35,4,£0.00,1,1,0,"£158,937.55",0,31-45,0,0,Yes,No,Stayed
15583073,771,Spain,Female,56,2,£0.00,1,1,1,"£25,222.60",1,46-60,0,0,Yes,Yes,Churned
15614361,620,Spain,Male,42,9,"£121,490.05",1,1,1,"£29,296.74",0,31-45,4.15,0,Yes,Yes,Stayed
15724684,610,Spain,Male,46,5,"£91,897.80",1,1,0,"£54,394.28",0,46-60,1.69,0,Yes,No,Stayed
15700083,609,Spain,Male,39,2,"£139,443.75",2,1,0,"£9,234.06",0,31-45,15.1,0,Yes,No,Stayed
15636541,683,Germany,Male,35,5,"£144,961.97",1,0,1,"£26,796.73",0,31-45,5.41,0,No,Yes,Stayed
15796015,633,Germany,Male,42,3,"£126,041.02",1,0,1,"£11,796.89",0,31-45,10.68,0,No,Yes,Stayed
15787222,676,Germany,Male,28,1,"£69,459.05",2,1,1,"£128,461.29",0,18-30,0.54,0,Yes,Yes,Stayed
15594270,693,France,Male,38,7,"£198,338.77",2,1,1,"£14,278.18",0,31-45,13.89,0,Yes,Yes,Stayed
15701524,709,France,Male,36,0,£0.00,2,1,0,"£46,811.77",0,31-45,0,0,Yes,No,Stayed
15645847,569,Germany,Male,35,2,"£109,196.66",3,1,0,"£109,393.19",1,31-45,1,1,Yes,No,Churned
15708867,684,Spain,Female,38,3,"£134,168.50",3,1,0,"£3,966.50",1,31-45,33.83,1,Yes,No,Churned
15613140,565,France,Male,34,6,£0.00,1,1,1,"£63,173.64",0,31-45,0,0,Yes,Yes,Stayed
15628893,681,France,Male,29,8,£0.00,1,1,0,"£66,367.33",0,18-30,0,0,Yes,No,Stayed
15764073,503,Spain,Female,36,9,£0.00,2,1,1,"£16,274.67",0,31-45,0,0,Yes,Yes,Stayed
15782879,656,France,Male,40,2,£0.00,2,1,1,"£180,553.48",0,31-45,0,0,Yes,Yes,Stayed
15635964,566,Germany,Male,65,4,"£120,100.41",1,1,0,"£107,563.16",1,60+,1.12,0,Yes,No,Churned
15726087,592,France,Female,62,5,£0.00,1,1,1,"£100,941.57",0,60+,0,0,Yes,Yes,Stayed
15726313,687,Spain,Female,50,5,£0.00,2,1,0,"£110,230.40",0,46-60,0,0,Yes,No,Stayed
15578073,686,Spain,Male,22,8,£0.00,2,0,0,"£142,331.85",0,18-30,0,0,No,No,Stayed
15786249,616,Spain,Male,30,2,£0.00,2,1,0,"£199,099.51",0,18-30,0,0,Yes,No,Stayed
15812850,494,Spain,Male,67,5,£0.00,2,1,1,"£85,890.16",0,60+,0,0,Yes,Yes,Stayed
15596972,534,France,Male,38,3,£0.00,1,0,0,"£143,938.27",0,31-45,0,0,No,No,Stayed
15620579,695,Spain,Female,31,8,£0.00,2,0,1,"£131,644.41",0,31-45,0,0,No,Yes,Stayed
15768270,579,Spain,Female,31,9,£0.00,2,1,0,"£112,395.98",0,31-45,0,0,Yes,No,Stayed
15656597,432,Germany,Male,38,2,"£135,559.80",2,1,1,"£71,856.30",0,31-45,1.89,0,Yes,Yes,Stayed
15699446,816,Germany,Female,25,2,"£150,355.35",2,1,1,"£35,770.84",0,18-30,4.2,0,Yes,Yes,Stayed
15615004,730,France,Female,37,1,£0.00,2,1,1,"£124,364.63",0,31-45,0,0,Yes,Yes,Stayed
15704771,593,France,Female,35,6,"£133,489.12",2,1,1,"£78,101.29",0,31-45,1.71,0,Yes,Yes,Stayed
15588372,715,Germany,Female,37,9,"£105,489.31",1,0,0,"£143,096.49",1,31-45,0.74,0,No,No,Churned
15681439,775,Germany,Male,25,10,"£60,205.20",2,1,0,"£14,073.11",0,18-30,4.28,0,Yes,No,Stayed
15607509,539,France,Male,38,5,£0.00,2,1,0,"£47,388.41",0,31-45,0,0,Yes,No,Stayed
15670343,576,Spain,Male,19,6,£0.00,2,0,0,"£72,306.07",0,18-30,0,0,No,No,Stayed
15597968,617,Spain,Male,50,7,£0.00,1,1,0,"£184,839.70",1,46-60,0,0,Yes,No,Churned
15658432,688,France,Male,40,6,£0.00,1,1,1,"£47,886.44",0,31-45,0,0,Yes,Yes,Stayed
15616431,608,France,Male,33,4,£0.00,1,0,1,"£130,474.03",0,31-45,0,0,No,Yes,Stayed
15796957,597,Spain,Male,35,9,£0.00,3,0,1,"£73,181.39",1,31-45,0,1,No,Yes,Churned
15815552,670,France,Female,42,6,"£112,333.63",1,1,1,"£65,706.86",0,31-45,1.71,0,Yes,Yes,Stayed
15631871,616,Germany,Female,57,7,"£116,936.81",1,1,1,"£104,379.36",0,46-60,1.12,0,Yes,Yes,Stayed
15635870,579,Germany,Female,50,5,"£117,721.02",1,0,1,"£192,146.63",1,46-60,0.61,0,No,Yes,Churned
15596713,786,France,Male,37,7,"£165,896.22",2,1,1,"£66,977.68",0,31-45,2.48,0,Yes,Yes,Stayed
15684211,704,Spain,Female,44,9,"£153,656.85",1,1,0,"£158,742.81",0,31-45,0.97,0,Yes,No,Stayed
15760521,796,France,Female,50,1,"£94,164.00",1,1,1,"£189,414.74",0,46-60,0.5,0,Yes,Yes,Stayed
15608408,598,Spain,Male,39,1,£0.00,2,1,0,"£159,130.32",0,31-45,0,0,Yes,No,Stayed
15804721,602,France,Male,49,0,"£191,808.73",1,0,0,"£97,640.20",0,46-60,1.96,0,No,No,Stayed
15730272,619,France,Male,58,5,"£152,199.33",1,1,1,"£86,022.09",0,46-60,1.77,0,Yes,Yes,Stayed
15741988,492,Germany,Female,52,8,"£125,396.24",1,1,0,"£10,014.72",1,46-60,12.52,0,Yes,No,Churned
15771728,641,Germany,Male,41,7,"£104,405.54",3,1,0,"£17,384.21",0,31-45,6.01,1,Yes,No,Stayed
15605113,518,France,Female,27,1,"£133,801.49",1,1,1,"£143,315.57",0,18-30,0.93,0,Yes,Yes,Stayed
15661945,623,Spain,Female,40,4,£0.00,3,1,0,"£31,669.18",0,31-45,0,1,Yes,No,Stayed
15783816,733,France,Female,28,5,£0.00,2,0,0,"£12,761.16",0,18-30,0,0,No,No,Stayed
15721207,625,Germany,Male,42,6,"£100,047.33",1,1,0,"£93,429.95",0,31-45,1.07,0,Yes,No,Stayed
15764072,759,France,Female,31,1,"£109,848.60",1,1,1,"£42,012.55",0,31-45,2.61,0,Yes,Yes,Stayed
15689412,604,France,Female,32,7,"£127,849.38",1,1,0,"£15,798.70",0,31-45,8.09,0,Yes,No,Stayed
15798385,512,Spain,Female,46,3,£0.00,2,1,1,"£56,408.14",0,46-60,0,0,Yes,Yes,Stayed
15775339,520,France,Female,29,8,"£95,947.76",1,1,0,"£4,696.44",0,18-30,20.43,0,Yes,No,Stayed
15585256,805,Spain,Male,26,2,£0.00,2,1,1,"£25,042.10",0,18-30,0,0,Yes,Yes,Stayed
15797329,626,France,Male,43,4,"£137,638.69",1,1,0,"£130,442.08",1,31-45,1.06,0,Yes,No,Churned
15780220,656,France,Male,38,10,£0.00,1,1,1,"£136,521.82",0,31-45,0,0,Yes,Yes,Stayed
15648951,785,Spain,Male,41,7,£0.00,2,1,1,"£199,108.88",0,31-45,0,0,Yes,Yes,Stayed
15752409,553,France,Male,31,6,£0.00,2,0,0,"£124,596.63",0,31-45,0,0,No,No,Stayed
15807524,569,France,Female,44,4,£0.00,2,0,0,"£134,394.78",0,31-45,0,0,No,No,Stayed
15766649,670,France,Male,38,10,"£89,416.99",1,0,0,"£144,275.39",0,31-45,0.62,0,No,No,Stayed
15696812,586,Spain,Male,42,6,£0.00,2,1,1,"£123,410.23",0,31-45,0,0,Yes,Yes,Stayed
15581295,617,Spain,Female,45,1,£0.00,1,1,0,"£143,298.06",0,31-45,0,0,Yes,No,Stayed
15663234,508,France,Female,60,7,"£143,262.04",1,1,1,"£129,562.74",0,46-60,1.11,0,Yes,Yes,Stayed
15741417,624,Spain,Female,35,7,"£119,656.45",2,1,1,"£4,595.05",0,31-45,26.04,0,Yes,Yes,Stayed
15695174,654,France,Male,29,4,"£132,954.64",1,1,1,"£146,715.07",0,18-30,0.91,0,Yes,Yes,Stayed
15665168,681,Germany,Female,44,3,"£105,206.70",2,1,1,"£163,558.36",0,31-45,0.64,0,Yes,Yes,Stayed
15601503,578,Spain,Male,28,4,£0.00,2,0,0,"£6,947.09",0,18-30,0,0,No,No,Stayed
15706131,621,Spain,Female,37,9,"£83,061.26",2,1,0,"£9,170.54",0,31-45,9.06,0,Yes,No,Stayed
15782758,632,France,Male,40,5,"£147,650.68",1,1,1,"£199,674.83",0,31-45,0.74,0,Yes,Yes,Stayed
15591091,644,France,Male,44,5,"£73,348.56",1,1,0,"£157,166.79",1,31-45,0.47,0,Yes,No,Churned
15715877,821,France,Male,28,2,£0.00,2,1,0,"£46,072.52",0,18-30,0,0,Yes,No,Stayed
15756918,754,France,Female,38,2,£0.00,2,0,0,"£3,524.69",0,31-45,0,0,No,No,Stayed
15746662,568,Spain,Female,27,1,"£116,320.68",1,0,1,"£45,563.94",0,18-30,2.55,0,No,Yes,Stayed
15626679,584,France,Male,33,3,£0.00,2,0,1,"£59,103.13",0,31-45,0,0,No,Yes,Stayed
15793343,549,France,Female,29,8,£0.00,2,1,1,"£189,558.44",0,18-30,0,0,Yes,Yes,Stayed
15576774,729,France,Female,38,7,£0.00,2,0,0,"£45,779.90",0,31-45,0,0,No,No,Stayed
15801316,523,France,Male,61,8,"£66,250.71",1,1,1,"£21,859.06",0,60+,3.03,0,Yes,Yes,Stayed
15800514,477,Germany,Female,24,2,"£95,675.62",2,0,0,"£162,699.70",1,18-30,0.59,0,No,No,Churned
15662232,675,Germany,Male,42,2,"£92,616.64",2,1,0,"£8,567.18",0,31-45,10.81,0,Yes,No,Stayed
15737778,782,Spain,Female,41,4,£0.00,1,1,0,"£132,943.88",0,31-45,0,0,Yes,No,Stayed
15782096,616,Spain,Female,36,6,£0.00,1,1,1,"£12,916.32",1,31-45,0,0,Yes,Yes,Churned
15783522,738,Spain,Female,37,8,"£100,565.94",1,1,1,"£128,799.86",0,31-45,0.78,0,Yes,Yes,Stayed
15785373,717,Spain,Female,42,5,"£190,305.78",1,1,0,"£99,347.80",1,31-45,1.92,0,Yes,No,Churned
15756272,526,Germany,Female,35,9,"£118,536.40",1,1,0,"£40,980.87",1,31-45,2.89,0,Yes,No,Churned
15615245,660,France,Male,19,5,"£127,649.64",1,1,1,"£40,368.65",0,18-30,3.16,0,Yes,Yes,Stayed
15600174,525,France,Male,35,7,"£165,358.77",1,0,1,"£94,738.54",0,31-45,1.75,0,No,Yes,Stayed
15752956,629,Spain,Male,29,6,£0.00,2,1,1,"£88,842.80",0,18-30,0,0,Yes,Yes,Stayed
15644882,616,Germany,Female,36,10,"£78,249.53",1,1,0,"£136,934.91",0,31-45,0.57,0,Yes,No,Stayed
15766272,521,Germany,Female,61,0,"£125,193.96",1,1,1,"£109,356.53",0,60+,1.14,0,Yes,Yes,Stayed
15800620,691,France,Female,29,9,£0.00,2,0,0,"£199,635.93",0,18-30,0,0,No,No,Stayed
15569764,687,Germany,Female,41,2,"£154,007.21",1,1,0,"£158,408.23",0,31-45,0.97,0,Yes,No,Stayed
15747458,677,Spain,Female,43,3,"£133,214.88",2,1,1,"£95,936.84",0,31-45,1.39,0,Yes,Yes,Stayed
15573171,695,Spain,Male,63,1,"£146,202.93",1,1,1,"£126,688.83",1,60+,1.15,0,Yes,Yes,Churned
15736769,663,France,Female,27,9,£0.00,2,1,0,"£150,850.29",0,18-30,0,0,Yes,No,Stayed
15763381,496,France,Male,30,0,"£90,963.49",1,0,1,"£27,802.00",0,18-30,3.27,0,No,Yes,Stayed
15814430,747,Spain,Male,41,9,£0.00,1,1,0,"£32,430.94",1,31-45,0,0,Yes,No,Churned
15638607,546,France,Female,52,2,£0.00,1,1,0,"£137,332.37",1,46-60,0,0,Yes,No,Churned
15737133,706,Spain,Male,68,4,"£114,386.85",1,1,1,"£28,601.68",0,60+,4,0,Yes,Yes,Stayed
15613945,472,France,Female,26,5,£0.00,2,1,0,"£108,411.66",0,18-30,0,0,Yes,No,Stayed
15659937,703,France,Female,40,7,£0.00,2,0,1,"£122,518.50",0,31-45,0,0,No,Yes,Stayed
15765287,850,France,Female,38,2,£0.00,2,1,0,"£9,015.07",0,31-45,0,0,Yes,No,Stayed
15661723,667,Spain,Male,71,4,"£137,260.78",1,0,1,"£94,433.08",1,60+,1.45,0,No,Yes,Churned
15766064,559,France,Male,33,9,"£111,060.05",2,1,0,"£110,371.84",0,31-45,1.01,0,Yes,No,Stayed
15649616,636,Spain,Male,60,7,"£124,447.73",1,1,1,"£141,364.62",1,46-60,0.88,0,Yes,Yes,Churned
15719017,672,France,Female,34,8,£0.00,2,1,1,"£16,245.25",0,31-45,0,0,Yes,Yes,Stayed
15720919,667,France,Male,42,7,£0.00,1,0,1,"£108,348.94",1,31-45,0,0,No,Yes,Churned
15706706,648,Germany,Male,33,7,"£135,310.41",2,0,1,"£171,668.20",0,31-45,0.79,0,No,Yes,Stayed
15709653,497,France,Male,32,8,£0.00,2,1,0,"£67,364.42",0,31-45,0,0,Yes,No,Stayed
15805104,743,France,Female,73,6,£0.00,2,0,1,"£107,867.38",0,60+,0,0,No,Yes,Stayed
15622442,619,France,Male,29,5,£0.00,2,1,0,"£194,310.10",0,18-30,0,0,Yes,No,Stayed
15572801,639,Spain,Male,34,5,"£139,393.19",2,0,0,"£33,950.08",0,31-45,4.11,0,No,No,Stayed
15767598,540,Spain,Male,28,8,£0.00,2,0,0,"£197,588.32",0,18-30,0,0,No,No,Stayed
15757897,766,France,Female,26,3,"£104,258.80",1,1,1,£428.23,0,18-30,243.46,0,Yes,Yes,Stayed
15568104,749,France,Female,26,6,£0.00,2,0,1,"£34,948.77",0,18-30,0,0,No,Yes,Stayed
15763414,655,Germany,Male,32,9,"£113,447.01",1,1,0,"£82,084.30",0,31-45,1.38,0,Yes,No,Stayed
15732265,630,France,Male,33,9,£0.00,2,1,0,"£64,804.59",0,31-45,0,0,Yes,No,Stayed
15621974,778,Germany,Female,33,4,"£111,063.73",2,1,0,"£83,556.65",0,31-45,1.33,0,Yes,No,Stayed
15803947,757,Germany,Female,30,6,"£161,378.02",1,0,0,"£71,926.28",1,18-30,2.24,0,No,No,Churned
15720706,529,Spain,Female,39,2,"£82,766.43",1,1,1,"£122,925.44",0,31-45,0.67,0,Yes,Yes,Stayed
15759290,620,Spain,Male,29,9,£0.00,2,1,0,"£13,133.88",0,18-30,0,0,Yes,No,Stayed
15651664,615,France,Female,61,1,"£104,267.70",1,1,0,"£62,845.64",1,60+,1.66,0,Yes,No,Churned
15795132,735,France,Female,25,3,"£91,718.80",1,0,0,"£28,411.23",0,18-30,3.23,0,No,No,Stayed
15811565,705,Spain,Female,47,3,"£63,488.70",1,0,1,"£28,640.92",1,46-60,2.22,0,No,Yes,Churned
15713774,644,Spain,Female,46,6,"£12,459.19",1,0,0,"£156,787.34",1,46-60,0.08,0,No,No,Churned
15691840,505,Germany,Female,37,6,"£159,863.90",2,0,1,"£125,307.87",0,31-45,1.28,0,No,Yes,Stayed
15682021,471,Germany,Male,23,6,"£104,592.55",2,1,0,"£131,736.23",0,18-30,0.79,0,Yes,No,Stayed
15612931,722,Spain,Female,50,4,"£132,088.59",1,1,1,"£128,262.14",0,46-60,1.03,0,Yes,Yes,Stayed
15676707,577,Spain,Female,39,4,£0.00,2,1,0,"£91,366.42",0,31-45,0,0,Yes,No,Stayed
15601383,744,Spain,Male,44,5,"£120,654.68",1,1,0,"£82,290.81",0,31-45,1.47,0,Yes,No,Stayed
15662662,573,France,Female,30,6,£0.00,2,1,0,"£66,190.21",0,18-30,0,0,Yes,No,Stayed
15752694,653,France,Female,32,4,"£83,772.95",1,0,1,"£23,920.65",0,31-45,3.5,0,No,Yes,Stayed
15590683,660,France,Female,31,6,"£172,325.67",1,0,1,"£45,438.38",0,31-45,3.79,0,No,Yes,Stayed
15773591,787,France,Male,46,7,"£117,685.31",2,1,1,"£93,360.35",0,46-60,1.26,0,Yes,Yes,Stayed
15723620,617,France,Male,41,7,£0.00,2,0,1,"£14,496.67",0,31-45,0,0,No,Yes,Stayed
15671779,567,France,Male,39,5,£0.00,2,0,0,"£168,521.72",0,31-45,0,0,No,No,Stayed
15672966,682,Spain,Female,64,9,£0.00,2,1,1,"£103,318.44",0,60+,0,0,Yes,Yes,Stayed
15624667,684,France,Male,35,6,"£135,871.50",1,1,1,"£87,219.41",0,31-45,1.56,0,Yes,Yes,Stayed
15812888,447,France,Male,41,3,£0.00,4,1,1,"£197,490.39",1,31-45,0,1,Yes,Yes,Churned
15724154,625,Germany,Female,49,4,"£128,504.76",1,1,0,"£126,812.63",1,46-60,1.01,0,Yes,No,Churned
15749540,585,France,Male,36,7,£0.00,2,1,0,"£94,283.09",0,31-45,0,0,Yes,No,Stayed
15621063,516,France,Female,42,8,"£56,228.25",1,1,0,"£46,857.52",0,31-45,1.2,0,Yes,No,Stayed
15661626,732,Germany,Female,45,6,"£98,792.40",1,1,0,"£81,491.70",1,31-45,1.21,0,Yes,No,Churned
15698703,628,Germany,Male,40,5,"£181,768.32",2,1,1,"£129,107.97",0,31-45,1.41,0,Yes,Yes,Stayed
15801431,682,Spain,Female,48,9,"£101,198.01",1,1,1,"£49,732.90",0,46-60,2.03,0,Yes,Yes,Stayed
15649451,746,France,Male,25,9,£0.00,2,0,1,"£88,728.47",0,18-30,0,0,No,Yes,Stayed
15626156,655,France,Female,60,3,£0.00,2,1,1,"£86,981.45",0,46-60,0,0,Yes,Yes,Stayed
15606158,644,France,Female,39,9,£0.00,1,1,0,"£3,740.93",0,31-45,0,0,Yes,No,Stayed
15589496,778,France,Male,34,5,"£139,064.06",2,0,0,"£67,949.32",0,31-45,2.05,0,No,No,Stayed
15730345,617,France,Female,35,2,"£104,508.10",1,1,1,"£147,636.46",0,31-45,0.71,0,Yes,Yes,Stayed
15572038,660,Germany,Male,35,9,"£113,948.58",1,1,0,"£188,891.96",1,31-45,0.6,0,Yes,No,Churned
15643439,537,France,Male,47,10,£0.00,2,0,1,"£25,482.62",0,46-60,0,0,No,Yes,Stayed
15604158,554,France,Female,39,10,£0.00,2,1,1,"£18,391.93",0,31-45,0,0,Yes,Yes,Stayed
15657396,806,France,Male,31,9,£0.00,2,0,1,"£140,168.36",0,31-45,0,0,No,Yes,Stayed
15709478,611,Germany,Male,37,1,"£117,524.72",2,0,1,"£161,064.29",0,31-45,0.73,0,No,Yes,Stayed
15628824,665,France,Female,37,5,"£160,389.82",1,0,1,"£183,542.08",0,31-45,0.87,0,No,Yes,Stayed
15814519,648,France,Female,37,7,£0.00,2,1,0,"£194,238.92",0,31-45,0,0,Yes,No,Stayed
15636520,692,France,Male,27,1,"£125,547.53",1,0,0,"£7,900.46",0,18-30,15.89,0,No,No,Stayed
15794414,507,Spain,Male,46,6,"£92,783.68",1,1,1,"£51,424.29",0,46-60,1.8,0,Yes,Yes,Stayed
15643671,696,Germany,Male,49,5,"£97,036.22",2,1,0,"£152,450.84",1,46-60,0.64,0,Yes,No,Churned
15700650,681,France,Male,34,3,£0.00,2,0,0,"£55,816.20",0,31-45,0,0,No,No,Stayed
15680224,687,France,Female,26,6,£0.00,2,1,1,"£32,909.13",0,18-30,0,0,Yes,Yes,Stayed
15784286,641,Spain,Male,40,5,"£102,145.13",1,1,1,"£100,637.07",0,31-45,1.01,0,Yes,Yes,Stayed
15693996,507,France,Female,33,1,"£113,452.66",1,0,0,"£142,911.99",0,31-45,0.79,0,No,No,Stayed
15764343,688,Spain,Female,46,8,"£155,681.72",1,1,0,"£26,287.21",0,46-60,5.92,0,Yes,No,Stayed
15704168,535,Germany,Male,38,8,"£127,475.24",1,0,0,"£60,775.76",1,31-45,2.1,0,No,No,Churned
15680197,701,France,Male,41,10,£0.00,2,1,1,"£146,257.77",0,31-45,0,0,Yes,Yes,Stayed
15633729,488,France,Male,43,10,"£112,751.13",1,1,1,"£28,332.00",0,31-45,3.98,0,Yes,Yes,Stayed
15577683,539,France,Female,29,4,£0.00,2,1,1,"£100,919.19",0,18-30,0,0,Yes,Yes,Stayed
15800746,674,France,Male,45,7,"£144,889.18",1,1,1,"£102,591.90",1,31-45,1.41,0,Yes,Yes,Churned
15788686,538,Spain,Male,40,8,£0.00,2,1,1,"£25,554.40",0,31-45,0,0,Yes,Yes,Stayed
15742798,829,France,Female,22,7,"£150,126.44",1,1,0,"£152,107.93",1,18-30,0.99,0,Yes,No,Churned
15596647,768,France,Male,54,8,"£69,712.74",1,1,1,"£69,381.05",0,46-60,1,0,Yes,Yes,Stayed
15756070,585,Spain,Female,44,4,£0.00,2,0,1,"£101,728.46",0,31-45,0,0,No,Yes,Stayed
15775116,581,France,Male,31,3,£0.00,2,0,0,"£89,040.61",0,31-45,0,0,No,No,Stayed
15575428,682,Germany,Female,35,2,"£117,438.92",2,1,1,"£16,910.98",0,31-45,6.94,0,Yes,Yes,Stayed
15654074,653,France,Male,38,8,"£119,315.75",1,1,0,"£150,468.35",0,31-45,0.79,0,Yes,No,Stayed
15695872,712,France,Female,30,1,"£89,571.59",1,1,1,"£177,613.19",0,18-30,0.5,0,Yes,Yes,Stayed
15568885,620,Germany,Female,34,8,"£102,251.57",1,1,0,"£120,672.09",0,31-45,0.85,0,Yes,No,Stayed
15725036,709,France,Male,42,9,"£118,546.71",1,0,1,"£77,142.85",0,31-45,1.54,0,No,Yes,Stayed
15632665,832,France,Male,61,2,£0.00,1,0,1,"£127,804.66",1,60+,0,0,No,Yes,Churned
15571476,635,Spain,Male,38,0,"£103,257.14",1,0,0,"£158,344.63",0,31-45,0.65,0,No,No,Stayed
15776850,749,Spain,Female,43,1,"£124,209.02",1,1,1,"£167,179.48",0,31-45,0.74,0,Yes,Yes,Stayed
15623649,629,Spain,Male,32,3,£0.00,2,1,1,"£15,404.64",0,31-45,0,0,Yes,Yes,Stayed
15751131,836,Spain,Female,41,7,"£150,302.84",1,1,1,"£156,036.19",0,31-45,0.96,0,Yes,Yes,Stayed
15688128,542,Spain,Male,34,8,"£108,653.93",1,0,1,"£144,725.14",0,31-45,0.75,0,No,Yes,Stayed
15678412,645,France,Female,45,8,"£85,325.93",1,0,0,"£22,558.74",0,31-45,3.78,0,No,No,Stayed
15770291,844,France,Female,29,8,£0.00,2,0,0,"£147,342.03",0,18-30,0,0,No,No,Stayed
15583392,747,Germany,Male,37,9,"£135,776.36",3,1,0,"£85,470.45",1,31-45,1.59,1,Yes,No,Churned
15690731,645,France,Male,40,6,"£131,411.24",1,1,1,"£194,656.11",0,31-45,0.68,0,Yes,Yes,Stayed
15697948,752,Spain,Female,36,3,£0.00,2,1,1,"£48,505.10",0,31-45,0,0,Yes,Yes,Stayed
15608328,760,Spain,Female,41,6,£0.00,2,0,0,"£101,491.23",0,31-45,0,0,No,No,Stayed
15766378,714,Germany,Female,45,9,"£106,431.97",2,1,1,"£164,117.69",0,31-45,0.65,0,Yes,Yes,Stayed
15600813,717,France,Male,50,9,"£90,305.76",1,1,1,"£124,626.57",0,46-60,0.72,0,Yes,Yes,Stayed
15706217,645,Germany,Male,28,7,"£117,466.03",2,1,1,"£34,490.06",0,18-30,3.41,0,Yes,Yes,Stayed
15601417,681,France,Male,32,3,"£148,884.47",2,1,1,"£90,967.37",0,31-45,1.64,0,Yes,Yes,Stayed
15610972,681,Germany,Female,44,4,"£91,115.76",2,0,0,"£24,208.84",1,31-45,3.76,0,No,No,Churned
15674620,679,Germany,Female,37,8,"£77,373.87",2,0,1,"£174,873.09",0,31-45,0.44,0,No,Yes,Stayed
15785350,528,Spain,Male,23,7,"£104,744.89",1,1,0,"£170,262.97",0,18-30,0.62,0,Yes,No,Stayed
15749119,710,France,Female,31,3,£0.00,2,1,1,"£112,289.06",0,31-45,0,0,Yes,Yes,Stayed
15756535,733,Germany,Male,39,5,"£91,538.51",1,1,1,"£93,783.00",0,31-45,0.98,0,Yes,Yes,Stayed
15700965,724,France,Female,32,6,£0.00,2,1,1,"£150,026.79",0,31-45,0,0,Yes,Yes,Stayed
15791851,726,France,Female,34,0,"£185,734.75",1,1,1,"£102,036.82",0,31-45,1.82,0,Yes,Yes,Stayed
15717156,520,France,Male,30,3,"£143,396.54",2,1,1,£898.51,0,18-30,159.59,0,Yes,Yes,Stayed
15740846,556,France,Male,40,5,"£125,909.85",1,1,1,"£95,124.40",0,31-45,1.32,0,Yes,Yes,Stayed
15573284,579,France,Female,45,2,£0.00,2,0,0,"£11,514.39",0,31-45,0,0,No,No,Stayed
15729083,674,France,Male,36,2,"£154,525.70",1,0,1,"£27,468.72",0,31-45,5.63,0,No,Yes,Stayed
15611612,570,France,Female,29,0,£0.00,1,1,0,"£37,092.43",0,18-30,0,0,Yes,No,Stayed
15694381,631,France,Male,51,8,"£100,654.80",1,1,0,"£171,587.90",0,46-60,0.59,0,Yes,No,Stayed
15651737,623,Spain,Male,44,1,"£83,325.77",1,0,1,"£80,828.78",0,31-45,1.03,0,No,Yes,Stayed
15663168,665,France,Male,35,8,"£110,934.54",1,1,0,"£169,287.99",0,31-45,0.66,0,Yes,No,Stayed
15643426,523,Spain,Female,36,8,"£113,680.54",1,0,0,"£13,197.44",0,31-45,8.61,0,No,No,Stayed
15618245,706,Germany,Male,31,1,"£117,020.08",2,1,0,"£54,439.53",0,31-45,2.15,0,Yes,No,Stayed
15717527,619,France,Female,49,9,"£145,359.99",1,1,0,"£38,186.85",0,46-60,3.81,0,Yes,No,Stayed
15793478,593,Germany,Female,39,8,"£151,391.68",1,1,0,"£27,274.60",1,31-45,5.55,0,Yes,No,Churned
15642248,608,Spain,Male,66,8,"£123,935.35",1,1,1,"£65,758.19",0,60+,1.88,0,Yes,Yes,Stayed
15640377,526,France,Female,36,0,£0.00,2,1,0,"£97,767.63",0,31-45,0,0,Yes,No,Stayed
15723950,684,Spain,Male,40,2,"£70,291.02",1,1,1,"£115,468.84",1,31-45,0.61,0,Yes,Yes,Churned
15590327,604,Germany,Female,42,10,"£166,031.45",1,1,0,"£98,293.14",0,31-45,1.69,0,Yes,No,Stayed
15706199,636,Germany,Male,36,6,"£96,643.32",1,0,0,"£182,059.28",0,31-45,0.53,0,No,No,Stayed
15671514,669,Spain,Female,33,8,£0.00,2,0,1,"£128,538.05",0,31-45,0,0,No,Yes,Stayed
15727041,624,France,Male,71,7,£0.00,2,1,1,"£108,841.83",0,60+,0,0,Yes,Yes,Stayed
15738063,631,France,Male,29,2,£0.00,2,1,1,"£18,581.84",0,18-30,0,0,Yes,Yes,Stayed
15711733,753,France,Male,48,4,£0.00,2,0,1,"£146,821.42",0,46-60,0,0,No,Yes,Stayed
15652320,588,France,Male,40,5,£0.00,2,0,0,"£100,727.68",0,31-45,0,0,No,No,Stayed
15634180,729,Germany,Male,26,4,"£97,268.10",2,1,0,"£39,356.38",0,18-30,2.47,0,Yes,No,Stayed
15694566,602,France,Female,42,10,£0.00,2,0,0,"£169,921.11",1,31-45,0,0,No,No,Churned
15726103,689,Germany,Female,55,1,"£76,296.81",1,1,0,"£42,364.75",1,46-60,1.8,0,Yes,No,Churned
15646351,486,Spain,Male,27,7,£0.00,2,1,0,"£28,823.04",0,18-30,0,0,Yes,No,Stayed
15730044,809,Germany,Female,42,6,"£64,497.94",3,0,1,"£182,436.81",1,31-45,0.35,1,No,Yes,Churned
15795186,562,France,Male,38,5,£0.00,1,1,0,"£115,700.20",0,31-45,0,0,Yes,No,Stayed
15784890,763,Spain,Female,32,8,£0.00,2,1,0,"£16,725.53",0,31-45,0,0,Yes,No,Stayed
15694125,669,France,Male,57,5,£0.00,2,1,1,"£56,875.76",0,46-60,0,0,Yes,Yes,Stayed
15565891,709,France,Male,39,8,£0.00,2,1,0,"£56,214.09",0,31-45,0,0,Yes,No,Stayed
15674254,554,Spain,Female,45,4,£0.00,2,1,1,"£193,412.05",0,31-45,0,0,Yes,Yes,Stayed
15775206,699,France,Male,37,10,£0.00,2,0,0,"£83,263.04",0,31-45,0,0,No,No,Stayed
15797627,732,Spain,Male,54,0,"£134,249.70",1,0,1,"£13,404.40",0,46-60,10.02,0,No,Yes,Stayed
15649853,625,France,Female,45,3,£0.00,1,1,1,"£184,474.15",1,31-45,0,0,Yes,Yes,Churned
15610379,599,France,Male,30,9,"£105,443.68",1,1,1,"£121,124.53",0,18-30,0.87,0,Yes,Yes,Stayed
15659800,584,Spain,Female,50,1,£0.00,1,0,1,"£152,567.75",1,46-60,0,0,No,Yes,Churned
15716236,499,France,Male,35,10,£0.00,2,1,0,"£10,722.54",0,31-45,0,0,Yes,No,Stayed
15672053,526,Spain,Male,38,2,£0.00,2,0,0,"£58,010.98",0,31-45,0,0,No,No,Stayed
15663933,625,Germany,Female,35,5,"£86,147.46",2,1,0,"£163,440.80",1,31-45,0.53,0,Yes,No,Churned
15814236,537,Spain,Female,38,1,"£96,939.06",1,1,1,"£102,606.92",0,31-45,0.94,0,Yes,Yes,Stayed
15583597,696,Spain,Male,47,1,"£106,758.60",1,1,1,"£80,591.18",0,46-60,1.32,0,Yes,Yes,Stayed
15607395,679,France,Female,33,9,"£112,528.65",2,1,0,"£177,362.45",0,31-45,0.63,0,Yes,No,Stayed
15694556,684,France,Male,60,2,"£116,563.58",1,1,0,"£120,257.70",1,46-60,0.97,0,Yes,No,Churned
15744109,850,France,Male,32,4,£0.00,1,1,1,"£180,622.02",0,31-45,0,0,Yes,Yes,Stayed
15800688,495,Spain,Female,42,7,£0.00,2,0,0,"£130,404.53",0,31-45,0,0,No,No,Stayed
15810878,537,Spain,Female,38,6,"£141,786.78",1,0,1,"£147,797.54",0,31-45,0.96,0,No,Yes,Stayed
15587835,850,France,Male,41,3,"£136,416.82",1,0,1,"£57,844.26",0,31-45,2.36,0,No,Yes,Stayed
15763515,513,France,Male,30,5,£0.00,2,1,0,"£162,523.66",0,18-30,0,0,Yes,No,Stayed
15725882,618,Germany,Female,40,1,"£133,245.52",2,1,1,"£54,495.82",0,31-45,2.45,0,Yes,Yes,Stayed
15788022,802,Germany,Female,41,4,"£90,757.64",2,0,1,"£169,183.66",0,31-45,0.54,0,No,Yes,Stayed
15663917,547,France,Male,43,1,"£92,350.36",1,0,1,"£80,262.91",0,31-45,1.15,0,No,Yes,Stayed
15656865,613,Germany,Male,69,9,"£78,778.49",1,0,1,"£8,751.59",0,60+,9,0,No,Yes,Stayed
15667971,592,Germany,Female,34,6,"£102,143.93",2,1,1,"£102,628.98",0,31-45,1,0,Yes,Yes,Stayed
15800366,546,France,Male,29,5,£0.00,1,1,1,"£94,823.95",0,18-30,0,0,Yes,Yes,Stayed
15717231,721,Germany,Male,37,4,"£98,459.60",1,0,0,"£90,821.66",0,31-45,1.08,0,No,No,Stayed
15643188,671,Germany,Female,47,7,"£114,603.76",2,1,0,"£153,194.32",1,46-60,0.75,0,Yes,No,Churned
15671351,624,Spain,Male,35,2,£0.00,2,1,0,"£87,310.59",0,31-45,0,0,Yes,No,Stayed
15573628,751,Germany,Female,51,7,"£148,074.79",1,1,0,"£146,411.41",1,46-60,1.01,0,Yes,No,Churned
15698953,636,Spain,Male,36,1,£0.00,3,1,1,"£74,048.10",1,31-45,0,1,Yes,Yes,Churned
15753888,607,Spain,Female,62,8,"£108,004.64",1,1,1,"£23,386.77",1,60+,4.62,0,Yes,Yes,Churned
15737961,509,Germany,Female,29,0,"£107,712.57",2,1,1,"£92,898.17",0,18-30,1.16,0,Yes,Yes,Stayed
15801701,653,Spain,Male,35,9,£0.00,2,1,1,"£45,956.05",0,31-45,0,0,Yes,Yes,Stayed
15684419,709,Spain,Female,37,8,£0.00,3,1,0,"£71,738.56",0,31-45,0,1,Yes,No,Stayed
15794266,559,France,Male,32,9,"£145,303.52",1,1,0,"£103,560.98",0,31-45,1.4,0,Yes,No,Stayed
15810711,684,Germany,Male,37,4,"£138,476.41",2,1,1,"£52,367.29",0,31-45,2.64,0,Yes,Yes,Stayed
15771270,635,France,Female,27,8,"£127,471.56",1,1,1,"£152,916.05",1,18-30,0.83,0,Yes,Yes,Churned
15607786,709,France,Male,26,6,"£156,551.63",1,0,1,"£4,410.77",0,18-30,35.49,0,No,Yes,Stayed
15624519,656,Germany,Female,49,9,"£97,092.87",1,1,0,"£74,771.22",1,46-60,1.3,0,Yes,No,Churned
15799910,793,France,Male,32,2,£0.00,2,1,0,"£193,817.63",1,31-45,0,0,Yes,No,Churned
15602479,609,Spain,Male,37,5,"£129,312.79",1,1,1,"£26,793.82",0,31-45,4.83,0,Yes,Yes,Stayed
15617419,618,Germany,Female,29,10,"£100,315.10",2,1,1,"£32,526.64",0,18-30,3.08,0,Yes,Yes,Stayed
15657603,850,France,Female,35,6,"£81,684.97",1,1,0,£824.00,0,31-45,99.13,0,Yes,No,Stayed
15570379,669,Spain,Male,51,3,"£88,827.53",1,0,0,"£85,250.77",1,46-60,1.04,0,No,No,Churned
15772996,594,Germany,Male,40,0,"£152,092.44",2,1,1,"£83,508.93",0,31-45,1.82,0,Yes,Yes,Stayed
15729574,616,Spain,Male,71,4,£0.00,2,1,1,"£173,599.38",0,60+,0,0,Yes,Yes,Stayed
15737267,676,France,Female,49,1,£0.00,1,1,0,"£79,342.31",1,46-60,0,0,Yes,No,Churned
15799128,608,Spain,Female,38,9,"£102,406.76",1,0,1,"£57,600.66",0,31-45,1.78,0,No,Yes,Stayed
15813327,710,France,Male,21,4,"£109,130.96",2,1,1,"£56,191.99",0,18-30,1.94,0,Yes,Yes,Stayed
15711921,695,France,Male,29,5,£0.00,2,1,1,"£6,770.44",0,18-30,0,0,Yes,Yes,Stayed
15654300,530,Germany,Male,33,9,"£75,242.28",1,0,1,"£101,694.67",0,31-45,0.74,0,No,Yes,Stayed
15569945,509,Spain,Male,29,1,£0.00,2,1,0,"£69,113.14",0,18-30,0,0,Yes,No,Stayed
15569666,517,France,Female,45,4,£0.00,1,0,0,"£172,674.36",1,31-45,0,0,No,No,Churned
15681887,758,Germany,Male,33,0,"£129,142.54",2,1,1,"£26,606.28",0,31-45,4.85,0,Yes,Yes,Stayed
15608873,665,France,Male,51,2,£0.00,1,0,0,"£53,353.36",0,46-60,0,0,No,No,Stayed
15762091,631,Germany,Female,22,6,"£139,129.92",1,1,1,"£63,747.51",0,18-30,2.18,0,Yes,Yes,Stayed
15722053,576,Spain,Male,33,3,£0.00,2,0,1,"£190,112.05",0,31-45,0,0,No,Yes,Stayed
15782100,544,Spain,Male,22,3,"£66,483.32",1,0,1,"£110,317.39",0,18-30,0.6,0,No,Yes,Stayed
15765300,596,Germany,Male,40,5,"£62,389.03",3,1,0,"£148,623.43",1,31-45,0.42,1,Yes,No,Churned
15743570,481,France,Female,34,5,£0.00,2,1,1,"£125,253.46",0,31-45,0,0,Yes,Yes,Stayed
15608541,498,France,Male,46,1,"£91,857.66",1,1,0,"£101,954.78",1,46-60,0.9,0,Yes,No,Churned
15750671,512,Spain,Male,31,6,£0.00,2,1,0,"£168,462.26",0,31-45,0,0,Yes,No,Stayed
15813659,594,France,Female,56,7,£0.00,1,1,0,"£26,215.85",1,46-60,0,0,Yes,No,Churned
15757867,570,France,Female,30,10,"£176,173.52",1,1,0,"£97,045.32",1,18-30,1.82,0,Yes,No,Churned
15652914,721,Spain,Male,38,7,£0.00,1,0,1,"£53,534.80",0,31-45,0,0,No,Yes,Stayed
15723818,453,France,Female,37,4,"£131,834.76",2,1,0,"£8,949.20",0,31-45,14.73,0,Yes,No,Stayed
15713819,562,France,Male,48,3,"£92,347.96",1,1,1,"£163,116.75",0,46-60,0.57,0,Yes,Yes,Stayed
15656484,682,France,Male,40,4,£0.00,2,1,1,"£140,745.91",0,31-45,0,0,Yes,Yes,Stayed
15778515,748,France,Male,40,3,"£95,297.11",1,0,0,"£171,515.84",0,31-45,0.56,0,No,No,Stayed
15803840,729,France,Female,32,9,£0.00,2,0,0,"£150,803.44",0,31-45,0,0,No,No,Stayed
15735339,663,France,Male,39,4,£0.00,1,1,0,"£76,884.05",0,31-45,0,0,Yes,No,Stayed
15600392,735,France,Female,53,8,"£123,845.36",2,0,1,"£170,454.93",1,46-60,0.73,0,No,Yes,Churned
15625740,627,Germany,Male,62,3,"£143,426.34",2,1,1,"£143,104.30",0,60+,1,0,Yes,Yes,Stayed
15663817,713,France,Male,46,5,£0.00,1,1,1,"£55,701.62",0,46-60,0,0,Yes,Yes,Stayed
15734461,562,Germany,Male,31,2,"£112,708.20",1,0,1,"£186,370.30",0,31-45,0.6,0,No,Yes,Stayed
15780142,632,France,Male,43,2,"£100,013.51",1,1,0,"£24,275.32",0,31-45,4.12,0,Yes,No,Stayed
15709920,479,France,Female,33,2,"£208,165.53",1,0,0,"£50,774.81",1,31-45,4.1,0,No,No,Churned
15684248,658,Spain,Male,21,7,£0.00,2,0,1,"£154,279.87",0,18-30,0,0,No,Yes,Stayed
15643158,598,France,Female,40,9,£0.00,1,1,0,"£68,462.59",1,31-45,0,0,Yes,No,Churned
15693902,597,France,Male,19,2,£0.00,2,1,1,"£91,036.74",0,18-30,0,0,Yes,Yes,Stayed
15578307,512,France,Female,33,6,"£121,685.31",2,1,1,"£83,681.97",0,31-45,1.45,0,Yes,Yes,Stayed
15585379,704,France,Male,39,2,"£111,525.02",1,1,0,"£199,484.96",0,31-45,0.56,0,Yes,No,Stayed
15758510,474,France,Male,26,6,£0.00,2,0,0,"£152,491.22",0,18-30,0,0,No,No,Stayed
15692918,604,Germany,Male,36,10,"£113,546.30",1,1,1,"£134,875.37",0,31-45,0.84,0,Yes,Yes,Stayed
15705301,683,France,Male,41,6,"£95,696.52",2,1,1,"£184,366.14",0,31-45,0.52,0,Yes,Yes,Stayed
15718231,537,France,Male,28,0,"£88,963.31",2,1,1,"£189,839.93",0,18-30,0.47,0,Yes,Yes,Stayed
15567991,794,Spain,Male,31,0,"£144,880.34",2,0,1,"£175,643.44",0,31-45,0.82,0,No,Yes,Stayed
15772650,732,France,Male,55,9,"£136,576.02",1,0,1,"£3,268.17",1,46-60,41.79,0,No,Yes,Churned
15574795,495,France,Female,38,2,"£63,093.01",1,1,1,"£47,089.72",0,31-45,1.34,0,Yes,Yes,Stayed
15706036,552,Germany,Male,38,10,"£132,271.12",2,1,1,"£46,562.02",0,31-45,2.84,0,Yes,Yes,Stayed
15723856,602,France,Female,29,3,"£88,814.40",2,1,1,"£62,487.97",0,18-30,1.42,0,Yes,Yes,Stayed
15812920,607,Germany,Male,40,5,"£90,594.55",1,0,1,"£181,598.25",0,31-45,0.5,0,No,Yes,Stayed
15691287,675,Germany,Female,33,0,"£141,816.25",1,1,0,"£64,815.05",1,31-45,2.19,0,Yes,No,Churned
15804797,443,France,Female,54,3,"£138,547.97",1,1,1,"£70,196.23",1,46-60,1.97,0,Yes,Yes,Churned
15708650,727,France,Female,31,2,"£52,192.08",2,0,1,"£160,383.47",0,31-45,0.33,0,No,Yes,Stayed
15712777,482,France,Male,38,4,"£124,976.19",1,1,0,"£35,848.12",0,31-45,3.49,0,Yes,No,Stayed
15786469,686,France,Female,34,1,£0.00,2,1,0,"£87,278.48",0,31-45,0,0,Yes,No,Stayed
15669219,588,Germany,Male,35,3,"£104,356.38",1,1,0,"£94,498.82",0,31-45,1.1,0,Yes,No,Stayed
15641004,605,Spain,Female,48,10,"£150,315.92",1,0,1,"£133,486.36",0,46-60,1.13,0,No,Yes,Stayed
15648067,583,France,Male,39,1,"£129,299.28",2,1,0,"£73,107.60",0,31-45,1.77,0,Yes,No,Stayed
15704014,738,Germany,Male,37,7,"£140,950.92",2,1,0,"£195,333.98",0,31-45,0.72,0,Yes,No,Stayed
15645136,744,Spain,Male,30,1,"£128,065.12",1,1,0,"£121,525.48",0,18-30,1.05,0,Yes,No,Stayed
15709604,781,France,Male,23,2,"£107,433.48",1,1,0,"£173,843.21",0,18-30,0.62,0,Yes,No,Stayed
15713637,699,France,Male,34,2,"£117,468.67",1,1,0,"£185,227.42",0,31-45,0.63,0,Yes,No,Stayed
15793901,639,France,Female,27,2,£0.00,2,0,0,"£125,244.18",0,18-30,0,0,No,No,Stayed
15569759,583,France,Female,27,4,£0.00,3,1,0,"£163,113.41",0,18-30,0,1,Yes,No,Stayed
15712930,587,France,Male,42,1,£0.00,1,0,0,"£123,006.91",0,31-45,0,0,No,No,Stayed
15586504,694,France,Male,40,9,£0.00,2,1,0,"£40,463.03",0,31-45,0,0,Yes,No,Stayed
15677317,570,France,Female,29,4,"£153,040.03",1,1,1,"£131,363.57",1,18-30,1.17,0,Yes,Yes,Churned
15664270,692,Germany,Male,45,6,"£142,084.04",4,1,0,"£188,305.85",1,31-45,0.75,1,Yes,No,Churned
15731519,511,France,Female,30,5,£0.00,2,1,0,"£143,994.86",0,18-30,0,0,Yes,No,Stayed
15745623,788,France,Male,32,4,"£112,079.58",1,0,0,"£89,368.59",0,31-45,1.25,0,No,No,Stayed
15813862,526,Spain,Male,66,7,"£132,044.60",2,1,1,"£158,365.89",0,60+,0.83,0,Yes,Yes,Stayed
15641934,749,Spain,Female,46,9,"£66,582.81",1,1,0,"£78,753.12",1,46-60,0.85,0,Yes,No,Churned
15713043,691,France,Female,33,6,£0.00,2,1,1,"£100,408.31",0,31-45,0,0,Yes,Yes,Stayed
15700749,481,France,Female,39,6,£0.00,1,1,1,"£24,677.54",0,31-45,0,0,Yes,Yes,Stayed
15697567,752,France,Male,33,4,£0.00,2,1,1,"£39,570.78",0,31-45,0,0,Yes,Yes,Stayed
15715414,658,France,Female,38,6,"£102,895.10",1,0,0,"£155,665.76",0,31-45,0.66,0,No,No,Stayed
15639530,679,Spain,Male,42,2,£0.00,1,1,1,"£168,294.27",0,31-45,0,0,Yes,Yes,Stayed
15726058,754,Germany,Male,27,7,"£117,578.35",2,0,1,"£87,908.01",0,18-30,1.34,0,No,Yes,Stayed
15725665,679,France,Male,47,10,"£198,546.10",2,1,0,"£191,198.92",1,46-60,1.04,0,Yes,No,Churned
15698872,633,Spain,Female,39,2,£0.00,2,0,0,"£191,207.03",0,31-45,0,0,No,No,Stayed
15812184,674,France,Female,31,1,£0.00,1,1,0,"£128,954.05",0,31-45,0,0,Yes,No,Stayed
15742609,600,Germany,Male,28,2,"£116,623.31",1,0,1,"£59,905.29",0,18-30,1.95,0,No,Yes,Stayed
15815043,645,Spain,Male,49,8,£0.00,2,1,0,"£162,012.60",0,46-60,0,0,Yes,No,Stayed
15640648,698,France,Male,36,6,£0.00,2,0,1,"£19,231.98",0,31-45,0,0,No,Yes,Stayed
15627203,508,Spain,Male,54,10,£0.00,1,1,1,"£175,749.36",0,46-60,0,0,Yes,Yes,Stayed
15786196,555,France,Female,44,3,"£105,770.70",3,1,0,"£60,533.96",1,31-45,1.75,1,Yes,No,Churned
15612095,751,France,Female,48,9,£0.00,1,1,0,"£137,508.42",1,46-60,0,0,Yes,No,Churned
15674368,738,France,Female,39,1,"£94,435.45",2,0,1,"£189,430.86",0,31-45,0.5,0,No,Yes,Stayed
15783477,706,Germany,Female,39,8,"£112,889.91",1,0,1,"£6,723.66",0,31-45,16.79,0,No,Yes,Stayed
15757559,595,France,Female,53,7,£0.00,2,1,0,"£41,371.68",1,46-60,0,0,Yes,No,Churned
15591036,577,Germany,Female,43,3,"£127,940.47",1,0,0,"£125,140.72",1,31-45,1.02,0,No,No,Churned
15761241,578,Germany,Female,36,8,"£129,745.10",1,1,1,"£143,683.75",0,31-45,0.9,0,Yes,Yes,Stayed
15695078,699,France,Male,32,3,£0.00,2,1,1,"£170,770.44",0,31-45,0,0,Yes,Yes,Stayed
15645744,826,France,Female,30,5,£0.00,2,0,1,"£157,397.57",0,18-30,0,0,No,Yes,Stayed
15566988,656,Germany,Female,46,7,"£141,535.52",1,1,0,"£50,595.15",1,46-60,2.8,0,Yes,No,Churned
15749300,556,France,Female,47,2,"£139,914.27",1,1,1,"£50,390.98",0,46-60,2.78,0,Yes,Yes,Stayed
15594340,569,France,Male,41,4,"£120,243.49",1,1,0,"£163,150.03",1,31-45,0.74,0,Yes,No,Churned
15607065,765,France,Male,34,9,"£91,835.16",1,0,0,"£138,280.17",0,31-45,0.66,0,No,No,Stayed
15778089,544,Spain,Male,37,2,£0.00,2,0,0,"£135,067.02",0,31-45,0,0,No,No,Stayed
15773723,588,Spain,Female,22,9,"£67,178.19",1,1,1,"£163,534.75",1,18-30,0.41,0,Yes,Yes,Churned
15697035,740,Spain,Female,31,8,£0.00,2,0,0,"£86,657.48",0,31-45,0,0,No,No,Stayed
15679668,850,Spain,Male,38,7,"£115,378.94",1,0,1,"£162,087.82",0,31-45,0.71,0,No,Yes,Stayed
15709861,766,Germany,Male,30,4,"£127,786.28",2,1,1,"£28,879.30",0,18-30,4.42,0,Yes,Yes,Stayed
15791958,849,France,Female,41,6,£0.00,2,1,1,"£169,203.51",1,31-45,0,0,Yes,Yes,Churned
15791030,612,France,Female,33,0,"£64,900.32",2,1,0,"£102,426.12",0,31-45,0.63,0,Yes,No,Stayed
15695339,517,Germany,Male,53,0,"£109,172.88",1,1,0,"£54,676.10",1,46-60,2,0,Yes,No,Churned
15658813,645,France,Female,55,7,£0.00,2,1,1,"£18,369.33",0,46-60,0,0,Yes,Yes,Stayed
15715709,696,Germany,Male,43,4,"£114,091.38",1,0,1,"£159,888.10",0,31-45,0.71,0,No,Yes,Stayed
15722533,716,France,Female,40,3,£0.00,2,0,1,"£167,636.15",0,31-45,0,0,No,Yes,Stayed
15683118,590,France,Male,32,9,£0.00,2,1,0,"£138,889.15",0,31-45,0,0,Yes,No,Stayed
15672798,656,France,Female,45,7,"£145,933.27",1,1,1,"£199,392.14",0,31-45,0.73,0,Yes,Yes,Stayed
15680112,473,Germany,Female,35,7,"£131,504.73",1,1,0,"£189,560.43",0,31-45,0.69,0,Yes,No,Stayed
15714575,742,Germany,Female,44,8,"£107,926.02",1,0,1,"£17,375.27",1,31-45,6.21,0,No,Yes,Churned
15806808,834,Germany,Female,57,8,"£112,281.60",3,1,0,"£140,225.14",1,46-60,0.8,1,Yes,No,Churned
15590637,721,France,Male,41,7,£0.00,2,0,1,"£61,018.85",0,31-45,0,0,No,Yes,Stayed
15657535,590,Spain,Male,29,10,£0.00,1,1,1,"£51,907.72",1,18-30,0,0,Yes,Yes,Churned
15696141,516,Spain,Female,31,7,£0.00,1,1,0,"£47,018.75",0,31-45,0,0,Yes,No,Stayed
15811947,850,France,Male,33,0,"£124,781.67",1,0,1,"£33,700.52",0,31-45,3.7,0,No,Yes,Stayed
15649024,748,France,Female,39,9,"£132,865.56",1,1,1,"£59,636.43",1,31-45,2.23,0,Yes,Yes,Churned
15594928,798,Germany,Female,38,4,"£129,055.13",1,1,0,"£157,147.59",0,31-45,0.82,0,Yes,No,Stayed
15765532,612,Germany,Male,76,6,"£96,166.88",1,1,1,"£191,393.26",0,60+,0.5,0,Yes,Yes,Stayed
15741719,540,France,Female,40,3,"£165,298.12",1,0,1,"£199,862.75",0,31-45,0.83,0,No,Yes,Stayed
15665629,719,Spain,Female,33,7,£0.00,2,1,0,"£20,016.59",0,31-45,0,0,Yes,No,Stayed
15728917,598,France,Male,48,6,"£120,682.53",1,1,0,"£30,635.52",1,46-60,3.94,0,Yes,No,Churned
15762993,796,Spain,Male,32,5,"£102,773.15",2,0,1,"£117,832.88",0,31-45,0.87,0,No,Yes,Stayed
15571193,579,Germany,Male,42,0,"£144,386.32",1,1,1,"£22,497.10",1,31-45,6.42,0,Yes,Yes,Churned
15653521,850,Germany,Female,40,7,"£104,449.80",1,1,1,£747.88,0,31-45,139.66,0,Yes,Yes,Stayed
15802220,599,Spain,Male,35,6,"£137,102.65",1,0,0,"£76,870.81",0,31-45,1.78,0,No,No,Stayed
15644132,724,France,Female,30,9,"£142,475.87",1,1,1,"£107,848.24",0,18-30,1.32,0,Yes,Yes,Stayed
15600832,508,France,Female,43,9,£0.00,1,1,0,"£103,726.71",0,31-45,0,0,Yes,No,Stayed
15797919,773,Spain,Male,37,2,"£103,195.20",2,1,0,"£178,268.36",0,31-45,0.58,0,Yes,No,Stayed
15603743,526,France,Male,28,1,"£112,070.44",1,0,1,"£126,281.83",0,18-30,0.89,0,No,Yes,Stayed
15579714,542,France,Female,29,7,£0.00,2,0,1,"£196,651.72",0,18-30,0,0,No,Yes,Stayed
15634295,470,France,Male,35,1,"£96,473.59",1,0,0,"£5,962.30",0,31-45,16.18,0,No,No,Stayed
15786680,805,Spain,Male,37,5,£0.00,2,1,0,"£21,928.81",0,31-45,0,0,Yes,No,Stayed
15623499,548,Germany,Male,49,9,"£108,437.89",1,0,0,"£127,022.87",1,46-60,0.85,0,No,No,Churned
15691823,672,France,Male,37,5,"£153,195.59",1,1,1,"£162,763.01",0,31-45,0.94,0,Yes,Yes,Stayed
15809279,773,France,Male,45,8,"£96,877.21",1,1,1,"£113,950.51",0,31-45,0.85,0,Yes,Yes,Stayed
15758039,614,France,Male,44,6,£0.00,2,0,1,"£104,930.46",0,31-45,0,0,No,Yes,Stayed
15807163,537,France,Female,38,10,£0.00,1,0,0,"£52,337.97",1,31-45,0,0,No,No,Churned
15631639,704,France,Female,40,6,"£95,452.89",1,0,1,"£179,964.55",0,31-45,0.53,0,No,Yes,Stayed
15713770,586,Spain,Male,41,3,"£63,873.56",1,1,0,"£83,753.64",0,31-45,0.76,0,Yes,No,Stayed
15698167,677,France,Female,24,0,"£148,298.59",2,0,0,"£182,913.95",0,18-30,0.81,0,No,No,Stayed
15781710,558,Spain,Female,31,7,£0.00,2,1,0,"£166,720.28",0,31-45,0,0,Yes,No,Stayed
15801296,634,Germany,Female,37,7,"£143,258.85",2,1,0,"£192,721.98",0,31-45,0.74,0,Yes,No,Stayed
15704378,655,Germany,Male,37,9,"£121,342.24",1,1,1,"£180,241.44",0,31-45,0.67,0,Yes,Yes,Stayed
15767891,619,Germany,Female,28,6,"£99,152.73",2,1,0,"£48,475.12",0,18-30,2.05,0,Yes,No,Stayed
15640667,662,France,Female,41,4,£0.00,2,1,0,"£126,551.48",0,31-45,0,0,Yes,No,Stayed
15702145,705,Spain,Male,33,7,"£68,423.89",1,1,1,"£64,872.55",0,31-45,1.05,0,Yes,Yes,Stayed
15679738,527,Spain,Female,35,8,£0.00,1,1,0,"£98,031.53",1,31-45,0,0,Yes,No,Churned
15636634,630,Germany,Female,25,7,"£79,656.81",1,1,0,"£93,524.22",0,18-30,0.85,0,Yes,No,Stayed
15809227,850,France,Male,35,2,£0.00,2,1,1,"£56,991.66",0,31-45,0,0,Yes,Yes,Stayed
15601811,668,France,Female,53,10,"£110,240.04",1,0,0,"£183,980.56",1,46-60,0.6,0,No,No,Churned
15625494,573,France,Female,32,9,"£125,321.84",2,1,1,"£130,234.63",0,31-45,0.96,0,Yes,Yes,Stayed
15723737,680,France,Male,27,3,£0.00,1,1,0,"£32,454.26",0,18-30,0,0,Yes,No,Stayed
15682955,758,France,Female,32,2,"£84,378.90",1,1,1,"£75,396.43",0,31-45,1.12,0,Yes,Yes,Stayed
15758856,597,France,Male,45,7,£0.00,2,0,0,"£167,756.45",0,31-45,0,0,No,No,Stayed
15746065,580,Germany,Male,35,10,"£136,281.41",2,1,1,"£24,799.47",0,31-45,5.5,0,Yes,Yes,Stayed
15783865,622,France,Male,59,5,"£119,380.37",1,1,1,"£60,429.43",0,46-60,1.98,0,Yes,Yes,Stayed
15745455,638,Germany,Male,62,4,"£108,716.59",2,1,1,"£74,241.09",0,60+,1.46,0,Yes,Yes,Stayed
15583033,640,France,Female,20,4,£0.00,2,0,1,"£78,310.82",0,18-30,0,0,No,Yes,Stayed
15644212,644,Spain,Male,28,0,£0.00,2,1,0,"£119,419.37",0,18-30,0,0,Yes,No,Stayed
15735688,753,France,Female,31,6,"£106,596.29",1,0,0,"£91,305.77",0,31-45,1.17,0,No,No,Stayed
15658577,629,France,Female,37,10,"£99,546.25",3,0,1,"£25,136.95",1,31-45,3.96,1,No,Yes,Churned
15606887,775,France,Female,30,5,£0.00,1,1,0,"£193,880.60",1,18-30,0,0,Yes,No,Churned
15783026,701,France,Female,41,2,£0.00,1,1,0,"£47,856.78",0,31-45,0,0,Yes,No,Stayed
15579892,708,Spain,Male,19,7,"£112,615.86",1,1,1,"£4,491.77",0,18-30,25.07,0,Yes,Yes,Stayed
15802088,521,Spain,Female,22,10,£0.00,1,1,1,"£101,311.95",0,18-30,0,0,Yes,Yes,Stayed
15589323,636,France,Female,24,9,£0.00,2,0,1,"£38,830.72",0,18-30,0,0,No,Yes,Stayed
15636395,529,France,Female,31,5,£0.00,2,1,0,"£26,817.23",0,31-45,0,0,Yes,No,Stayed
15712772,757,France,Male,28,3,"£75,381.15",1,1,1,"£199,727.72",0,18-30,0.38,0,Yes,Yes,Stayed
15700937,767,Spain,Female,24,5,£0.00,2,1,1,"£67,445.85",0,18-30,0,0,Yes,Yes,Stayed
15766659,525,Spain,Male,33,5,£0.00,2,1,0,"£161,002.29",0,31-45,0,0,Yes,No,Stayed
15814033,759,Spain,Male,38,1,£0.00,2,1,0,"£20,778.39",0,31-45,0,0,Yes,No,Stayed
15783007,520,Germany,Female,45,1,"£123,086.39",1,1,1,"£41,042.40",1,31-45,3,0,Yes,Yes,Churned
15654183,738,France,Female,26,3,£0.00,2,1,0,"£67,484.16",0,18-30,0,0,Yes,No,Stayed
15609899,548,Spain,Male,37,4,£0.00,1,1,0,"£121,763.68",0,31-45,0,0,Yes,No,Stayed
15747323,535,Spain,Male,48,9,"£109,472.47",1,1,0,"£157,358.43",1,46-60,0.7,0,Yes,No,Churned
15582591,615,Spain,Male,59,4,"£155,766.05",1,1,1,"£110,275.17",0,46-60,1.41,0,Yes,Yes,Stayed
15738835,850,Germany,Male,38,7,"£101,985.81",2,0,0,"£43,801.27",0,31-45,2.33,0,No,No,Stayed
15782404,487,France,Female,34,2,"£96,019.50",1,0,0,"£9,085.00",0,31-45,10.57,0,No,No,Stayed
15697480,731,France,Male,30,7,£0.00,2,0,1,"£143,086.09",0,18-30,0,0,No,Yes,Stayed
15697045,726,Spain,Female,35,9,£0.00,2,0,1,"£100,556.98",0,31-45,0,0,No,Yes,Stayed
15781234,609,France,Female,35,2,"£147,900.43",1,1,0,"£140,000.29",0,31-45,1.06,0,Yes,No,Stayed
15579891,714,France,Male,52,4,"£100,755.66",1,1,1,"£186,775.25",0,46-60,0.54,0,Yes,Yes,Stayed
15805690,694,Spain,Female,35,7,£0.00,1,1,0,"£133,570.43",1,31-45,0,0,Yes,No,Churned
15612139,786,France,Female,33,0,"£83,036.05",1,0,1,"£154,990.58",1,31-45,0.54,0,No,Yes,Churned
15568834,698,Spain,Male,27,6,"£125,427.37",2,0,0,"£27,654.44",0,18-30,4.54,0,No,No,Stayed
15709917,601,France,Female,46,3,"£98,202.76",1,0,0,"£137,763.93",0,46-60,0.71,0,No,No,Stayed
15718843,769,Spain,Male,41,1,"£72,509.91",1,1,0,"£25,723.73",0,31-45,2.82,0,Yes,No,Stayed
15799494,850,Germany,Male,44,3,"£140,393.65",2,0,1,"£186,285.52",0,31-45,0.75,0,No,Yes,Stayed
15673439,646,Spain,Female,50,5,"£142,644.64",2,1,1,"£142,208.50",1,46-60,1,0,Yes,Yes,Churned
15669011,659,France,Female,44,9,"£23,503.31",1,0,1,"£169,862.01",1,31-45,0.14,0,No,Yes,Churned
15581388,487,Spain,Male,33,8,"£145,729.71",1,1,0,"£41,365.85",0,31-45,3.52,0,Yes,No,Stayed
15743153,740,Germany,Female,40,2,"£122,295.17",2,1,1,"£30,812.84",0,31-45,3.97,0,Yes,Yes,Stayed
15579787,686,France,Male,39,4,£0.00,2,1,0,"£155,023.93",0,31-45,0,0,Yes,No,Stayed
15759966,612,Spain,Female,36,5,"£119,799.27",2,1,0,"£159,416.58",0,31-45,0.75,0,Yes,No,Stayed
15601045,655,Spain,Male,37,8,"£163,708.58",2,0,0,"£76,259.23",0,31-45,2.15,0,No,No,Stayed
15764021,617,France,Male,34,1,"£61,687.33",2,1,0,"£105,965.25",0,31-45,0.58,0,Yes,No,Stayed
15687218,674,France,Female,27,4,"£79,144.34",1,0,1,"£50,743.83",0,18-30,1.56,0,No,Yes,Stayed
15626452,711,Spain,Male,32,5,£0.00,2,1,1,"£147,720.27",0,31-45,0,0,Yes,Yes,Stayed
15700964,624,Germany,Female,27,7,"£104,848.68",1,1,1,"£167,387.36",0,18-30,0.63,0,Yes,Yes,Stayed
15768887,597,Spain,Male,26,5,£0.00,2,0,1,"£95,159.13",0,18-30,0,0,No,Yes,Stayed
15735358,682,Spain,Male,46,4,£0.00,1,1,1,"£4,654.28",0,46-60,0,0,Yes,Yes,Stayed
15749472,775,France,Male,45,8,£0.00,1,1,0,"£130,376.68",0,31-45,0,0,Yes,No,Stayed
15685872,727,France,Female,29,1,"£146,652.01",1,1,1,"£173,486.39",0,18-30,0.85,0,Yes,Yes,Stayed
15760851,629,France,Male,31,6,£0.00,2,1,0,"£93,881.75",0,31-45,0,0,Yes,No,Stayed
15734588,684,France,Male,46,0,£0.00,2,1,1,"£36,376.97",0,46-60,0,0,Yes,Yes,Stayed
15784594,549,Germany,Female,37,1,"£130,622.34",2,1,1,"£128,499.94",0,31-45,1.02,0,Yes,Yes,Stayed
15606435,593,Germany,Male,69,2,"£187,013.13",2,0,1,"£105,898.69",0,60+,1.77,0,No,Yes,Stayed
15790247,536,Spain,Male,40,9,£0.00,2,1,1,"£11,959.03",0,31-45,0,0,Yes,Yes,Stayed
15676433,707,France,Female,36,6,£0.00,1,0,0,"£98,810.78",0,31-45,0,0,No,No,Stayed
15625905,592,Spain,Male,41,0,£0.00,2,1,0,"£65,906.07",0,31-45,0,0,Yes,No,Stayed
15626414,703,France,Male,44,6,"£98,862.54",1,1,0,"£151,516.70",0,31-45,0.65,0,Yes,No,Stayed
15623220,723,Spain,Female,45,4,£0.00,2,1,0,"£37,214.39",0,31-45,0,0,Yes,No,Stayed
15752857,452,Germany,Male,52,1,"£98,443.14",2,0,0,"£92,033.98",0,46-60,1.07,0,No,No,Stayed
15677908,552,Spain,Male,42,4,£0.00,2,0,0,"£195,692.30",0,31-45,0,0,No,No,Stayed
15773013,633,France,Female,47,0,£0.00,1,1,1,"£6,342.84",1,46-60,0,0,Yes,Yes,Churned
15623972,479,Germany,Female,23,9,"£123,575.51",1,0,1,"£95,148.28",0,18-30,1.3,0,No,Yes,Stayed
15738627,768,France,Male,25,6,£0.00,2,1,1,"£21,215.67",0,18-30,0,0,Yes,Yes,Stayed
15643392,742,France,Male,31,4,"£105,239.10",1,1,1,"£19,700.24",0,31-45,5.34,0,Yes,Yes,Stayed
15684868,668,Germany,Male,56,9,"£110,993.79",1,1,0,"£134,396.64",1,46-60,0.83,0,Yes,No,Churned
15627854,707,Spain,Male,44,3,£0.00,2,1,1,"£135,077.01",0,31-45,0,0,Yes,Yes,Stayed
15669253,754,Spain,Male,39,7,"£157,691.98",2,1,0,"£133,600.89",1,31-45,1.18,0,Yes,No,Churned
15758023,544,Germany,Male,47,5,"£105,245.21",1,0,0,"£99,922.08",1,46-60,1.05,0,No,No,Churned
15574558,718,Spain,Male,32,8,£0.00,2,1,1,"£41,399.33",0,31-45,0,0,Yes,Yes,Stayed
15635256,762,France,Male,31,7,"£117,687.35",1,1,1,"£159,344.43",0,31-45,0.74,0,Yes,Yes,Stayed
15680399,772,France,Male,23,2,£0.00,2,1,0,"£18,364.19",0,18-30,0,0,Yes,No,Stayed
15674720,691,Germany,Female,37,7,"£123,067.63",1,1,1,"£98,162.44",1,31-45,1.25,0,Yes,Yes,Churned
15580249,502,France,Male,45,0,£0.00,1,0,0,"£84,663.21",0,31-45,0,0,No,No,Stayed
15675431,563,France,Female,34,6,£0.00,2,0,0,"£36,536.93",0,31-45,0,0,No,No,Stayed
15698285,676,France,Female,41,4,"£101,457.14",1,1,1,"£79,101.67",0,31-45,1.28,0,Yes,Yes,Stayed
15810775,576,Spain,Male,52,2,"£100,549.43",2,1,1,"£16,644.16",0,46-60,6.04,0,Yes,Yes,Stayed
15678173,629,Spain,Male,35,4,"£174,588.80",2,0,1,"£158,420.14",0,31-45,1.1,0,No,Yes,Stayed
15665222,625,Spain,Male,52,8,"£121,161.57",1,1,0,"£48,988.28",0,46-60,2.47,0,Yes,No,Stayed
15803908,628,France,Male,45,9,£0.00,2,1,1,"£96,862.56",0,31-45,0,0,Yes,Yes,Stayed
15586039,471,Germany,Female,36,5,"£90,063.74",2,1,1,"£96,366.70",0,31-45,0.93,0,Yes,Yes,Stayed
15802570,811,France,Female,45,5,£0.00,2,1,1,"£146,123.19",0,31-45,0,0,Yes,Yes,Stayed
15781451,504,France,Male,42,3,"£134,936.97",2,0,0,"£135,178.91",0,31-45,1,0,No,No,Stayed
15721019,687,France,Female,24,3,"£110,495.27",1,1,0,"£158,615.41",0,18-30,0.7,0,Yes,No,Stayed
15738588,660,Germany,Female,37,2,"£133,200.09",1,0,0,"£71,433.88",0,31-45,1.86,0,No,No,Stayed
15730657,548,France,Female,41,4,"£82,596.80",1,0,1,"£55,672.09",0,31-45,1.48,0,No,Yes,Stayed
15739292,609,Germany,Male,31,9,"£103,837.75",1,1,1,"£150,218.11",0,31-45,0.69,0,Yes,Yes,Stayed
15725945,659,Spain,Female,42,2,£0.00,1,0,0,"£162,734.31",1,31-45,0,0,No,No,Churned
15813159,526,France,Male,52,8,"£93,590.47",1,0,1,"£21,228.71",1,46-60,4.41,0,No,Yes,Churned
15636820,725,Germany,Male,40,8,"£104,149.66",1,1,0,"£62,027.90",0,31-45,1.68,0,Yes,No,Stayed
15603880,519,Germany,Male,38,1,"£114,141.64",1,1,1,"£60,988.21",1,31-45,1.87,0,Yes,Yes,Churned
15619494,562,Germany,Female,31,9,"£117,153.00",1,1,1,"£108,675.01",0,31-45,1.08,0,Yes,Yes,Stayed
15596992,482,Germany,Male,45,7,"£156,353.46",1,1,0,"£72,643.95",1,31-45,2.15,0,Yes,No,Churned
15735025,535,Spain,Male,37,3,"£175,534.78",2,1,1,"£9,241.52",0,31-45,18.99,0,Yes,Yes,Stayed
15730759,561,France,Female,27,9,"£135,637.00",1,1,0,"£153,080.40",1,18-30,0.89,0,Yes,No,Churned
15752912,661,France,Female,30,7,£0.00,2,1,0,"£72,196.57",0,18-30,0,0,Yes,No,Stayed
15711316,771,France,Male,27,2,£0.00,2,1,1,"£199,527.34",0,18-30,0,0,Yes,Yes,Stayed
15738785,545,France,Male,26,7,£0.00,2,0,1,"£156,598.23",0,18-30,0,0,No,Yes,Stayed
15777896,850,Germany,Female,33,2,"£83,415.04",1,0,1,"£74,917.64",0,31-45,1.11,0,No,Yes,Stayed
15628963,601,Germany,Male,43,3,"£141,859.12",2,1,1,"£111,249.62",0,31-45,1.28,0,Yes,Yes,Stayed
15742126,712,Germany,Male,38,7,"£132,767.66",2,1,1,"£59,115.77",0,31-45,2.25,0,Yes,Yes,Stayed
15575623,589,France,Female,31,10,"£110,635.32",1,1,0,"£148,218.86",0,31-45,0.75,0,Yes,No,Stayed
15741652,600,Spain,Male,37,8,"£177,657.35",1,1,1,"£77,142.32",0,31-45,2.3,0,Yes,Yes,Stayed
15738884,642,Germany,Male,41,4,"£157,777.58",1,1,0,"£67,484.60",0,31-45,2.34,0,Yes,No,Stayed
15615050,575,Germany,Male,47,9,"£107,915.94",2,1,1,"£63,452.18",1,46-60,1.7,0,Yes,Yes,Churned
15803005,570,Germany,Female,57,5,"£86,568.75",1,0,1,"£103,660.31",0,46-60,0.84,0,No,Yes,Stayed
15743498,532,Germany,Male,52,9,"£137,755.76",1,1,0,"£163,191.99",1,46-60,0.84,0,Yes,No,Churned
15720463,796,France,Male,30,2,"£137,262.71",2,1,0,"£62,905.29",0,18-30,2.18,0,Yes,No,Stayed
15588695,833,Spain,Male,32,6,£0.00,1,1,1,"£44,323.22",1,31-45,0,0,Yes,Yes,Churned
15665802,642,Spain,Female,36,6,£0.00,2,1,1,"£97,938.59",0,31-45,0,0,Yes,Yes,Stayed
15571144,655,France,Male,28,10,£0.00,2,0,1,"£126,565.21",0,18-30,0,0,No,Yes,Stayed
15750731,736,Germany,Male,50,9,"£116,309.01",1,1,0,"£185,360.40",1,46-60,0.63,0,Yes,No,Churned
15605134,617,France,Female,34,0,"£131,244.65",2,1,0,"£183,229.02",0,31-45,0.72,0,Yes,No,Stayed
15626044,762,Germany,Male,28,3,"£125,155.83",2,1,1,"£106,024.02",0,18-30,1.18,0,Yes,Yes,Stayed
15737910,703,Germany,Male,35,5,"£140,691.08",2,1,0,"£167,810.26",0,31-45,0.84,0,Yes,No,Stayed
15761076,507,France,Male,41,3,"£58,820.32",2,1,1,"£138,536.09",0,31-45,0.42,0,Yes,Yes,Stayed
15710105,581,Germany,Female,26,3,"£105,099.45",1,1,1,"£184,520.00",1,18-30,0.57,0,Yes,Yes,Churned
15577402,593,France,Male,31,9,£0.00,2,0,1,"£20,492.16",0,31-45,0,0,No,Yes,Stayed
15803337,648,France,Male,23,9,"£168,372.52",1,1,0,"£134,676.72",0,18-30,1.25,0,Yes,No,Stayed
15654372,462,Germany,Male,34,1,"£94,682.56",2,1,0,"£138,478.20",0,31-45,0.68,0,Yes,No,Stayed
15585867,596,Spain,Male,36,2,£0.00,2,0,1,"£125,557.95",0,31-45,0,0,No,Yes,Stayed
15662488,627,France,Female,44,5,£0.00,2,1,0,"£82,969.61",1,31-45,0,0,Yes,No,Churned
15604813,494,France,Male,40,7,£0.00,2,0,1,"£158,071.69",0,31-45,0,0,No,Yes,Stayed
15611644,627,France,Male,73,0,"£146,329.73",1,0,1,"£43,615.67",0,60+,3.35,0,No,Yes,Stayed
15674928,850,Spain,Male,37,2,£0.00,2,1,0,"£119,969.99",0,31-45,0,0,Yes,No,Stayed
15656100,632,France,Female,49,5,"£167,962.70",1,0,0,"£140,201.21",0,46-60,1.2,0,No,No,Stayed
15764293,490,France,Male,33,1,£0.00,2,1,1,"£80,792.83",0,31-45,0,0,Yes,Yes,Stayed
15636423,715,France,Male,40,7,£0.00,1,1,1,"£141,359.11",0,31-45,0,0,Yes,Yes,Stayed
15607629,679,France,Male,48,8,£0.00,2,1,0,"£23,344.94",0,46-60,0,0,Yes,No,Stayed
15577313,619,France,Male,44,3,"£116,967.68",1,1,0,"£5,075.17",1,31-45,23.05,0,Yes,No,Churned
15714493,465,Spain,Female,33,6,£0.00,2,1,1,"£95,500.98",0,31-45,0,0,Yes,Yes,Stayed
15643359,736,Spain,Male,32,7,£0.00,1,0,1,"£79,082.62",0,31-45,0,0,No,Yes,Stayed
15687913,501,Germany,Female,34,7,"£93,244.42",1,0,1,"£199,805.63",0,31-45,0.47,0,No,Yes,Stayed
15790935,535,France,Female,29,5,£0.00,2,0,1,"£52,709.55",0,18-30,0,0,No,Yes,Stayed
15708693,759,France,Female,33,2,£0.00,2,1,0,"£56,583.88",0,31-45,0,0,Yes,No,Stayed
15672016,819,France,Male,35,1,£0.00,2,0,1,"£3,385.04",0,31-45,0,0,No,Yes,Stayed
15727605,533,Germany,Male,43,4,"£80,442.06",2,0,1,"£12,537.42",0,31-45,6.42,0,No,Yes,Stayed
15651144,632,Germany,Female,35,2,"£150,561.03",2,0,0,"£64,722.61",0,31-45,2.33,0,No,No,Stayed
15749401,686,France,Male,60,9,£0.00,3,1,1,"£75,246.21",1,46-60,0,1,Yes,Yes,Churned
15691874,687,France,Female,34,9,"£125,474.44",1,1,0,"£198,929.84",0,31-45,0.63,0,Yes,No,Stayed
15620735,667,Germany,Female,33,4,"£127,076.68",2,1,0,"£69,011.66",0,31-45,1.84,0,Yes,No,Stayed
15769781,699,Spain,Female,25,8,£0.00,2,1,1,"£52,404.47",0,18-30,0,0,Yes,Yes,Stayed
15624611,497,Spain,Male,37,8,"£128,650.11",2,1,1,"£163,641.53",0,31-45,0.79,0,Yes,Yes,Stayed
15773071,780,Spain,Female,33,6,"£145,580.61",1,1,1,"£154,598.56",0,31-45,0.94,0,Yes,Yes,Stayed
15720371,652,France,Female,51,3,£0.00,1,1,0,"£173,989.47",1,46-60,0,0,Yes,No,Churned
15717984,477,France,Male,47,9,"£144,900.58",1,1,0,"£61,315.37",1,46-60,2.36,0,Yes,No,Churned
15806407,652,France,Female,37,4,£0.00,2,1,0,"£143,393.24",0,31-45,0,0,Yes,No,Stayed
15785042,488,France,Female,31,8,"£97,588.60",1,0,0,"£124,210.53",0,31-45,0.79,0,No,No,Stayed
15809302,572,France,Male,24,1,£0.00,2,1,1,"£151,460.84",0,18-30,0,0,Yes,Yes,Stayed
15677550,755,France,Female,38,1,£0.00,2,1,0,"£20,734.81",0,31-45,0,0,Yes,No,Stayed
15654096,779,Germany,Female,24,10,"£122,200.31",2,1,0,"£43,705.56",0,18-30,2.8,0,Yes,No,Stayed
15617320,693,Spain,Female,46,3,"£151,709.33",1,1,0,"£180,736.24",0,46-60,0.84,0,Yes,No,Stayed
15653065,530,Spain,Female,22,7,£0.00,2,1,0,"£104,170.48",0,18-30,0,0,Yes,No,Stayed
15649112,738,Spain,Female,33,3,"£122,134.40",2,0,1,"£27,867.59",0,31-45,4.38,0,No,Yes,Stayed
15690526,690,Germany,Male,31,2,"£137,260.45",2,1,0,"£55,387.28",0,31-45,2.48,0,Yes,No,Stayed
15806945,611,France,Female,30,9,"£88,594.14",1,1,0,"£196,332.45",0,18-30,0.45,0,Yes,No,Stayed
15670066,643,Spain,Male,34,6,£0.00,2,1,1,"£116,046.22",0,31-45,0,0,Yes,Yes,Stayed
15625761,632,Germany,Male,41,8,"£127,205.32",4,1,0,"£93,874.87",1,31-45,1.36,1,Yes,No,Churned
15761525,727,Spain,Female,31,10,"£96,997.09",2,0,0,"£76,614.04",0,31-45,1.27,0,No,No,Stayed
15735080,508,France,Female,64,2,£0.00,1,1,1,"£6,076.62",0,60+,0,0,Yes,Yes,Stayed
15619537,550,France,Male,31,5,"£142,200.19",2,1,1,"£122,221.71",0,31-45,1.16,0,Yes,Yes,Stayed
15598162,754,Germany,Female,39,3,"£160,761.41",1,1,1,"£24,156.03",0,31-45,6.66,0,Yes,Yes,Stayed
15694300,759,France,Male,26,4,£0.00,2,1,0,"£135,394.62",0,18-30,0,0,Yes,No,Stayed
15637235,794,Spain,Male,33,8,£0.00,2,0,0,"£91,340.02",0,31-45,0,0,No,No,Stayed
15612444,549,France,Male,29,3,£0.00,2,1,0,"£146,090.38",0,18-30,0,0,Yes,No,Stayed
15626457,671,France,Male,31,0,"£116,234.61",1,1,0,"£172,096.08",0,31-45,0.68,0,Yes,No,Stayed
15627995,756,Germany,Female,26,5,"£155,143.52",1,0,1,"£135,034.57",1,18-30,1.15,0,No,Yes,Churned
15706128,632,France,Female,21,1,£0.00,2,1,0,"£84,008.66",0,18-30,0,0,Yes,No,Stayed
15666430,579,France,Male,38,8,£0.00,2,0,0,"£91,763.67",0,31-45,0,0,No,No,Stayed
15627385,748,France,Male,34,5,"£84,009.47",1,1,1,"£137,001.10",0,31-45,0.61,0,Yes,Yes,Stayed
15581323,488,Germany,Female,28,7,"£139,246.22",2,1,0,"£106,799.49",0,18-30,1.3,0,Yes,No,Stayed
15608109,710,Germany,Male,58,7,"£170,113.00",2,0,1,"£10,494.64",0,46-60,16.21,0,No,Yes,Stayed
15801942,619,Spain,Female,41,8,£0.00,3,1,1,"£79,866.73",1,31-45,0,1,Yes,Yes,Churned
15567431,773,France,Male,64,2,"£145,578.28",1,0,1,"£186,172.85",0,60+,0.78,0,No,Yes,Stayed
15810167,657,Spain,Male,75,7,"£126,273.95",1,0,1,"£91,673.60",0,60+,1.38,0,No,Yes,Stayed
15644501,579,France,Female,26,10,"£162,482.76",1,1,1,"£18,458.20",0,18-30,8.8,0,Yes,Yes,Stayed
15785290,542,France,Male,29,9,£0.00,1,1,0,"£8,342.35",0,18-30,0,0,Yes,No,Stayed
15611157,709,France,Female,32,2,"£87,814.89",1,1,0,"£138,578.37",0,31-45,0.63,0,Yes,No,Stayed
15673837,617,Spain,Male,61,3,"£113,858.95",1,1,1,"£38,129.22",0,60+,2.99,0,Yes,Yes,Stayed
15656822,568,Germany,Male,43,5,"£87,612.64",4,1,1,"£107,155.40",1,31-45,0.82,1,Yes,Yes,Churned
15580560,769,France,Female,73,1,£0.00,1,1,1,"£29,792.11",0,60+,0,0,Yes,Yes,Stayed
15760641,608,Germany,Male,26,1,"£106,648.98",1,0,1,"£7,063.60",0,18-30,15.1,0,No,Yes,Stayed
15587584,503,Spain,Male,31,4,£0.00,2,1,1,"£21,645.06",0,31-45,0,0,Yes,Yes,Stayed
15604146,608,Germany,Female,38,8,"£103,653.51",2,1,1,"£137,079.86",0,31-45,0.76,0,Yes,Yes,Stayed
15813974,731,Germany,Male,37,3,"£116,880.53",1,0,0,"£172,718.35",1,31-45,0.68,0,No,No,Churned
15746986,850,Germany,Female,40,4,"£97,990.49",2,0,0,"£106,691.02",0,31-45,0.92,0,No,No,Stayed
15759741,591,Germany,Female,34,4,"£150,635.30",1,1,1,"£72,274.84",0,31-45,2.08,0,Yes,Yes,Stayed
15734892,579,Spain,Male,37,4,£0.00,2,1,1,"£32,246.63",0,31-45,0,0,Yes,Yes,Stayed
15797194,570,France,Male,39,10,"£129,674.89",2,1,0,"£80,552.36",0,31-45,1.61,0,Yes,No,Stayed
15723786,709,France,Female,37,9,£0.00,2,1,0,"£16,733.59",0,31-45,0,0,Yes,No,Stayed
15642726,611,France,Male,53,3,"£83,568.26",1,0,0,"£1,235.49",0,46-60,67.64,0,No,No,Stayed
15664339,775,Spain,Male,48,4,"£178,144.91",2,0,0,"£50,168.41",1,46-60,3.55,0,No,No,Churned
15754526,699,Germany,Male,36,6,"£147,137.74",1,1,1,"£33,687.90",0,31-45,4.37,0,Yes,Yes,Stayed
15703037,618,France,Male,37,5,£0.00,1,0,1,"£178,705.45",1,31-45,0,0,No,Yes,Churned
15751412,704,France,Male,36,3,"£114,370.41",1,0,1,"£66,810.48",0,31-45,1.71,0,No,Yes,Stayed
15609558,835,Germany,Female,47,5,"£108,289.28",2,1,1,"£45,859.55",1,46-60,2.36,0,Yes,Yes,Churned
15572408,714,Germany,Male,39,3,"£149,887.49",2,1,0,"£63,846.36",0,31-45,2.35,0,Yes,No,Stayed
15613923,581,Spain,Female,43,4,"£170,172.90",1,0,1,"£100,236.02",0,31-45,1.7,0,No,Yes,Stayed
15747000,592,France,Male,27,3,£0.00,2,1,1,"£19,645.65",0,18-30,0,0,Yes,Yes,Stayed
15731781,551,France,Male,43,7,£0.00,2,1,0,"£178,393.68",0,31-45,0,0,Yes,No,Stayed
15727198,689,Germany,Female,28,2,"£64,808.32",2,0,0,"£78,591.15",0,18-30,0.82,0,No,No,Stayed
15794273,604,France,Female,56,0,"£62,732.65",1,0,1,"£124,954.56",0,46-60,0.5,0,No,Yes,Stayed
15804950,514,France,Female,41,7,£0.00,2,1,1,"£3,756.65",0,31-45,0,0,Yes,Yes,Stayed
15576304,698,France,Male,29,5,"£95,167.55",1,1,1,"£152,723.23",0,18-30,0.62,0,Yes,Yes,Stayed
15645200,581,Germany,Female,54,2,"£152,508.99",1,1,0,"£187,597.98",1,46-60,0.81,0,Yes,No,Churned
15779627,573,Germany,Male,31,0,"£134,644.19",1,1,1,"£70,381.49",0,31-45,1.91,0,Yes,Yes,Stayed
15750755,449,Spain,Female,33,8,£0.00,2,0,0,"£156,792.89",0,31-45,0,0,No,No,Stayed
15569654,850,Germany,Female,31,3,"£51,293.47",1,0,0,"£35,534.68",0,31-45,1.44,0,No,No,Stayed
15753079,612,France,Male,41,5,£0.00,3,0,0,"£151,256.22",0,31-45,0,1,No,No,Stayed
15684995,690,Spain,Male,49,8,"£116,622.73",1,0,1,"£51,011.29",0,46-60,2.29,0,No,Yes,Stayed
15790763,599,Spain,Female,49,2,£0.00,2,1,0,"£111,190.53",0,46-60,0,0,Yes,No,Stayed
15766458,498,France,Male,33,1,"£198,113.86",1,1,0,"£69,664.35",0,31-45,2.84,0,Yes,No,Stayed
15616221,497,France,Female,29,4,"£85,646.81",1,0,0,"£63,233.02",1,18-30,1.35,0,No,No,Churned
15776124,802,Spain,Male,51,7,£0.00,1,0,1,"£40,855.79",0,46-60,0,0,No,Yes,Stayed
15665811,644,France,Male,33,9,"£141,234.98",1,1,0,"£95,673.05",0,31-45,1.48,0,Yes,No,Stayed
15729804,714,France,Male,34,10,£0.00,2,1,1,"£80,234.14",0,31-45,0,0,Yes,Yes,Stayed
15714062,690,France,Female,40,9,"£77,641.99",1,0,0,"£189,051.59",1,31-45,0.41,0,No,No,Churned
15592197,522,Spain,Male,30,3,£0.00,2,1,0,"£145,490.85",0,18-30,0,0,Yes,No,Stayed
15793116,502,Germany,Female,40,7,"£117,304.29",1,0,0,"£196,278.32",0,31-45,0.6,0,No,No,Stayed
15638231,730,Spain,Female,62,2,£0.00,2,1,1,"£162,889.10",0,60+,0,0,Yes,Yes,Stayed
15697678,590,Germany,Male,36,6,"£92,340.69",2,1,1,"£174,667.58",0,31-45,0.53,0,Yes,Yes,Stayed
15800412,458,Germany,Male,35,9,"£146,780.52",2,1,1,"£3,476.38",0,31-45,42.22,0,Yes,Yes,Stayed
15597610,553,Spain,Male,41,6,"£144,974.55",1,1,1,"£19,344.92",0,31-45,7.49,0,Yes,Yes,Stayed
15726634,479,France,Male,47,1,£0.00,1,1,0,"£95,270.83",0,46-60,0,0,Yes,No,Stayed
15670866,693,France,Male,31,2,£0.00,2,1,1,"£107,759.31",0,31-45,0,0,Yes,Yes,Stayed
15667462,707,Spain,Male,43,10,£0.00,2,1,0,"£118,368.20",0,31-45,0,0,Yes,No,Stayed
15662574,636,Spain,Male,37,1,"£115,137.26",1,1,0,"£52,484.01",0,31-45,2.19,0,Yes,No,Stayed
15716926,807,France,Male,33,10,"£101,952.97",2,1,0,"£178,153.65",0,31-45,0.57,0,Yes,No,Stayed
15603554,513,France,Female,45,0,"£164,649.52",3,1,0,"£49,915.52",1,31-45,3.3,1,Yes,No,Churned
15716800,582,France,Male,31,2,£0.00,2,1,1,"£33,747.03",0,31-45,0,0,Yes,Yes,Stayed
15679429,694,France,Male,32,0,"£91,956.49",1,1,1,"£59,961.81",0,31-45,1.53,0,Yes,Yes,Stayed
15616122,777,France,Male,39,8,£0.00,2,1,1,"£18,613.52",0,31-45,0,0,Yes,Yes,Stayed
15742172,598,Germany,Male,32,9,"£123,938.60",2,1,0,"£198,894.42",0,31-45,0.62,0,Yes,No,Stayed
15792305,762,Germany,Male,46,6,"£123,571.77",3,0,1,"£57,014.17",1,46-60,2.17,1,No,Yes,Churned
15636016,588,France,Female,34,3,"£120,777.88",1,1,1,"£131,729.52",0,31-45,0.92,0,Yes,Yes,Stayed
15733138,663,Germany,Male,42,5,"£90,248.79",1,1,1,"£79,169.73",0,31-45,1.14,0,Yes,Yes,Stayed
15669741,777,France,Male,36,7,£0.00,1,1,0,"£106,472.34",0,31-45,0,0,Yes,No,Stayed
15616954,592,France,Male,71,4,£0.00,2,0,1,"£17,013.54",0,60+,0,0,No,Yes,Stayed
15729238,631,Germany,Male,48,1,"£106,396.48",1,1,1,"£150,661.42",1,46-60,0.71,0,Yes,Yes,Churned
15718242,725,Germany,Female,47,1,"£104,887.43",1,0,0,"£86,622.56",1,46-60,1.21,0,No,No,Churned
15682914,850,France,Male,34,2,"£72,079.71",1,1,1,"£115,767.93",0,31-45,0.62,0,Yes,Yes,Stayed
15654274,540,France,Male,37,6,£0.00,2,1,0,"£141,998.89",0,31-45,0,0,Yes,No,Stayed
15691457,674,Spain,Male,36,2,£0.00,2,1,1,"£182,787.17",0,31-45,0,0,Yes,Yes,Stayed
15719649,553,France,Male,38,3,"£99,844.68",1,0,0,"£187,915.70",0,31-45,0.53,0,No,No,Stayed
15778897,630,France,Female,28,1,£0.00,2,1,1,"£133,267.78",0,18-30,0,0,Yes,Yes,Stayed
15589437,466,France,Male,26,3,"£156,815.71",1,1,1,"£137,476.09",0,18-30,1.14,0,Yes,Yes,Stayed
15682369,613,France,Male,47,6,"£146,034.74",1,1,1,"£77,146.14",0,46-60,1.89,0,Yes,Yes,Stayed
15626507,558,France,Male,27,1,"£152,283.39",1,1,0,"£183,271.15",0,18-30,0.83,0,Yes,No,Stayed
15571995,775,Germany,Female,33,1,"£118,897.10",2,1,1,"£26,362.40",0,31-45,4.51,0,Yes,Yes,Stayed
15673333,698,Germany,Male,52,8,"£96,781.39",1,1,1,"£153,373.71",0,46-60,0.63,0,Yes,Yes,Stayed
15748752,608,Germany,Male,33,1,"£102,772.67",2,1,0,"£70,705.58",0,31-45,1.45,0,Yes,No,Stayed
15725302,670,Spain,Female,20,4,£0.00,2,1,0,"£119,759.24",0,18-30,0,0,Yes,No,Stayed
15722083,591,Spain,Male,39,8,£0.00,2,0,0,"£42,392.24",0,31-45,0,0,No,No,Stayed
15771442,633,France,Male,40,4,"£150,578.00",1,0,1,"£34,670.62",1,31-45,4.34,0,No,Yes,Churned
15803633,678,France,Female,46,1,£0.00,2,0,0,"£82,106.19",0,46-60,0,0,No,No,Stayed
15672185,590,France,Male,47,3,£0.00,2,1,0,"£171,774.50",0,46-60,0,0,Yes,No,Stayed
15806486,705,France,Female,48,0,£0.00,2,0,0,"£149,772.61",0,46-60,0,0,No,No,Stayed
15570895,608,France,Male,42,10,"£163,548.07",1,1,0,"£38,866.85",0,31-45,4.21,0,Yes,No,Stayed
15614520,682,France,Female,37,8,"£148,580.12",1,1,0,"£35,179.18",0,31-45,4.22,0,Yes,No,Stayed
15687492,596,Germany,Male,32,3,"£96,709.07",2,0,0,"£41,788.37",0,31-45,2.31,0,No,No,Stayed
15675337,395,Germany,Female,34,5,"£106,011.59",1,1,1,"£17,376.57",1,31-45,6.1,0,Yes,Yes,Churned
15721047,578,Germany,Male,37,1,"£135,650.88",1,1,0,"£199,428.19",0,31-45,0.68,0,Yes,No,Stayed
15589017,547,Germany,Male,55,4,"£111,362.76",3,1,0,"£16,922.28",1,46-60,6.58,1,Yes,No,Churned
15611186,609,France,Male,37,1,"£39,344.83",1,1,1,"£178,291.89",1,31-45,0.22,0,Yes,Yes,Churned
15617301,774,Germany,Male,36,9,"£130,809.77",1,1,0,"£152,290.28",0,31-45,0.86,0,Yes,No,Stayed
15726046,712,France,Female,27,2,"£133,009.51",1,1,0,"£126,809.15",0,18-30,1.05,0,Yes,No,Stayed
15585748,585,Germany,Female,28,9,"£135,337.49",2,1,1,"£40,385.61",0,18-30,3.35,0,Yes,Yes,Stayed
15672826,666,France,Female,32,10,"£112,536.57",2,1,1,"£34,350.54",0,31-45,3.28,0,Yes,Yes,Stayed
15595162,708,Spain,Female,35,8,"£122,570.69",1,0,0,"£199,005.88",0,31-45,0.62,0,No,No,Stayed
15650026,513,France,Male,44,1,"£63,562.02",2,0,1,"£52,629.73",1,31-45,1.21,0,No,Yes,Churned
15745826,445,France,Male,37,3,£0.00,2,1,1,"£180,012.39",0,31-45,0,0,Yes,Yes,Stayed
15708610,690,Germany,Male,44,9,"£100,368.63",2,0,0,"£35,342.33",0,31-45,2.84,0,No,No,Stayed
15624471,850,France,Male,37,6,£0.00,2,1,0,"£109,291.22",0,31-45,0,0,Yes,No,Stayed
15590097,537,Spain,Female,33,7,"£136,082.00",1,1,0,"£62,746.54",0,31-45,2.17,0,Yes,No,Stayed
15689328,705,Germany,Male,48,9,"£114,169.16",1,0,0,"£173,273.20",1,46-60,0.66,0,No,No,Churned
15582154,670,France,Female,45,5,"£47,884.92",1,1,1,"£54,340.24",0,31-45,0.88,0,Yes,Yes,Stayed
15734626,652,Spain,Female,36,1,£0.00,2,1,1,"£19,302.78",0,31-45,0,0,Yes,Yes,Stayed
15702806,696,Spain,Male,24,9,£0.00,1,0,0,"£10,883.52",0,18-30,0,0,No,No,Stayed
15620756,747,France,Male,49,6,"£202,904.64",1,1,1,"£17,298.72",1,46-60,11.73,0,Yes,Yes,Churned
15611331,511,France,Female,46,1,£0.00,1,1,1,"£115,779.48",1,46-60,0,0,Yes,Yes,Churned
15576935,743,Spain,Male,43,2,"£161,807.18",2,0,1,"£93,228.86",1,31-45,1.74,0,No,Yes,Churned
15661275,532,Germany,Male,52,3,"£110,791.97",1,1,0,"£148,704.77",1,46-60,0.75,0,Yes,No,Churned
15814940,642,Spain,Female,33,9,£0.00,2,1,1,"£150,475.14",0,31-45,0,0,Yes,Yes,Stayed
15768471,554,Germany,Female,54,6,"£108,755.00",1,1,0,"£40,914.32",1,46-60,2.66,0,Yes,No,Churned
15697391,604,Spain,Female,34,3,£0.00,2,1,0,"£38,587.70",0,31-45,0,0,Yes,No,Stayed
15793346,602,France,Female,72,3,£0.00,2,1,1,"£171,260.66",0,60+,0,0,Yes,Yes,Stayed
15608338,757,Spain,Female,55,9,"£117,294.12",4,1,0,"£94,187.47",1,46-60,1.25,1,Yes,No,Churned
15578546,491,Germany,Male,26,4,"£102,251.14",1,1,1,"£145,900.89",0,18-30,0.7,0,Yes,Yes,Stayed
15656921,850,France,Male,31,4,£0.00,2,0,0,"£152,298.28",0,31-45,0,0,No,No,Stayed
15761340,521,France,Male,22,5,£0.00,2,1,1,"£99,828.45",0,18-30,0,0,Yes,Yes,Stayed
15591135,726,France,Male,37,2,"£132,057.92",2,1,0,"£34,743.98",0,31-45,3.8,0,Yes,No,Stayed
15623219,596,France,Male,33,8,£0.00,1,1,0,"£121,189.30",1,31-45,0,0,Yes,No,Churned
15655229,850,Germany,Female,35,7,"£114,285.20",1,0,1,"£129,660.59",0,31-45,0.88,0,No,Yes,Stayed
15805884,637,France,Female,41,9,£0.00,2,1,0,"£145,477.36",0,31-45,0,0,Yes,No,Stayed
15668289,690,Spain,Male,32,2,"£76,087.98",1,0,1,"£151,822.66",0,31-45,0.5,0,No,Yes,Stayed
15568562,689,France,Male,40,8,"£160,272.27",1,1,0,"£49,656.24",0,31-45,3.23,0,Yes,No,Stayed
15773276,633,Spain,Male,63,4,"£114,552.60",1,1,0,"£73,856.28",1,60+,1.55,0,Yes,No,Churned
15622801,555,France,Female,27,8,"£102,000.17",1,1,1,"£116,757.00",0,18-30,0.87,0,Yes,Yes,Stayed
15779886,563,Spain,Male,24,7,£0.00,2,0,0,"£16,319.56",0,18-30,0,0,No,No,Stayed
15713673,494,France,Female,33,1,"£137,853.00",1,0,1,"£90,273.85",0,31-45,1.53,0,No,Yes,Stayed
15783083,534,France,Male,27,9,£0.00,2,1,0,"£161,344.13",0,18-30,0,0,Yes,No,Stayed
15742824,696,Germany,Male,42,7,"£162,318.61",1,1,0,"£121,061.89",0,31-45,1.34,0,Yes,No,Stayed
15621550,535,Spain,Female,50,1,"£140,292.58",3,0,0,"£69,531.22",1,46-60,2.02,1,No,No,Churned
15799480,600,France,Male,34,0,£0.00,2,0,1,"£3,756.23",0,31-45,0,0,No,Yes,Stayed
15625247,807,France,Female,34,1,£0.00,1,0,0,"£114,448.13",0,31-45,0,0,No,No,Stayed
15755241,714,France,Female,52,2,£0.00,1,0,1,"£144,045.08",1,46-60,0,0,No,Yes,Churned
15575679,590,France,Male,24,7,"£126,431.54",1,1,0,"£58,781.11",0,18-30,2.15,0,Yes,No,Stayed
15668235,614,France,Female,41,3,"£123,475.04",1,1,1,"£179,227.52",0,31-45,0.69,0,Yes,Yes,Stayed
15683183,766,Germany,Female,45,6,"£97,652.96",1,1,0,"£127,332.33",0,31-45,0.77,0,Yes,No,Stayed
15684592,557,Spain,Male,42,4,£0.00,2,0,1,"£86,642.38",0,31-45,0,0,No,Yes,Stayed
15591169,788,Germany,Female,49,4,"£137,455.99",1,1,0,"£184,178.29",1,46-60,0.75,0,Yes,No,Churned
15653455,648,France,Female,38,2,£0.00,2,0,1,"£9,551.49",0,31-45,0,0,No,Yes,Stayed
15732563,726,Germany,Female,33,7,"£99,046.31",2,1,1,"£56,053.06",0,31-45,1.77,0,Yes,Yes,Stayed
15656471,773,France,Male,33,9,£0.00,2,1,1,"£1,118.31",0,31-45,0,0,Yes,Yes,Stayed
15598510,583,Germany,Male,27,4,"£105,907.42",2,1,1,"£195,732.04",0,18-30,0.54,0,Yes,Yes,Stayed
15766427,565,Germany,Male,52,5,"£97,720.35",2,1,0,"£175,070.94",1,46-60,0.56,0,Yes,No,Churned
15785342,705,France,Male,25,9,£0.00,2,0,1,"£112,331.19",0,18-30,0,0,No,Yes,Stayed
15641595,685,Spain,Male,43,4,"£97,392.18",2,1,0,"£43,956.83",0,31-45,2.22,0,Yes,No,Stayed
15798429,741,France,Male,29,8,£0.00,2,1,1,"£115,994.52",0,18-30,0,0,Yes,Yes,Stayed
15648136,658,Germany,Female,28,9,"£152,812.58",1,1,0,"£166,682.57",0,18-30,0.92,0,Yes,No,Stayed
15812482,575,France,Male,27,3,"£139,301.68",1,1,0,"£99,843.98",0,18-30,1.4,0,Yes,No,Stayed
15790810,844,France,Female,41,10,"£76,319.64",1,1,1,"£141,175.18",1,31-45,0.54,0,Yes,Yes,Churned
15687421,559,Spain,Male,67,9,"£125,919.35",1,1,0,"£175,910.95",1,60+,0.72,0,Yes,No,Churned
15765643,725,France,Male,37,6,"£124,348.38",2,0,1,"£176,984.34",0,31-45,0.7,0,No,Yes,Stayed
15654878,450,France,Male,29,7,"£117,199.80",1,1,1,"£43,480.63",0,18-30,2.7,0,Yes,Yes,Stayed
15686835,738,Germany,Female,57,9,"£148,384.64",1,0,0,"£155,047.11",1,46-60,0.96,0,No,No,Churned
15768340,642,Germany,Female,19,3,"£113,905.48",1,1,1,"£176,137.20",0,18-30,0.65,0,Yes,Yes,Stayed
15673599,618,Spain,Male,32,5,"£133,476.09",1,0,1,"£154,843.40",0,31-45,0.86,0,No,Yes,Stayed
15689096,590,France,Male,47,0,"£117,879.32",1,1,1,"£8,214.46",0,46-60,14.35,0,Yes,Yes,Stayed
15684294,735,France,Male,50,2,£0.00,2,0,1,"£147,075.69",0,46-60,0,0,No,Yes,Stayed
15615828,550,France,Male,34,8,"£122,359.50",1,0,0,"£116,495.55",0,31-45,1.05,0,No,No,Stayed
15746012,729,Spain,Female,28,0,£0.00,2,1,1,"£31,165.06",1,18-30,0,0,Yes,Yes,Churned
15615797,743,Germany,Male,59,5,"£108,585.35",1,1,1,"£192,127.22",1,46-60,0.57,0,Yes,Yes,Churned
15788494,555,France,Male,31,8,"£145,875.74",1,1,0,"£137,491.23",0,31-45,1.06,0,Yes,No,Stayed
15793856,667,Spain,Female,36,3,"£121,542.57",2,1,1,"£186,841.71",0,31-45,0.65,0,Yes,Yes,Stayed
15629545,790,Spain,Female,41,7,"£109,508.68",1,0,0,"£86,776.38",0,31-45,1.26,0,No,No,Stayed
15661198,727,Germany,Male,34,2,"£146,407.11",1,1,1,"£72,073.72",0,31-45,2.03,0,Yes,Yes,Stayed
15715117,744,France,Female,39,6,£0.00,1,0,0,"£10,662.58",0,31-45,0,0,No,No,Stayed
15701074,629,Germany,Male,35,8,"£112,330.83",1,1,1,"£91,001.02",0,31-45,1.23,0,Yes,Yes,Stayed
15793046,619,France,Female,35,4,"£90,413.12",1,1,1,"£20,555.21",0,31-45,4.4,0,Yes,Yes,Stayed
15623744,634,France,Male,34,8,"£105,302.66",1,1,1,"£123,164.97",0,31-45,0.85,0,Yes,Yes,Stayed
15611329,608,Spain,Female,35,6,£0.00,2,1,1,"£143,463.28",0,31-45,0,0,Yes,Yes,Stayed
15740428,507,France,Female,35,1,£0.00,2,0,0,"£92,131.54",0,31-45,0,0,No,No,Stayed
15781534,536,Germany,Female,35,4,"£121,520.36",1,0,0,"£77,178.42",0,31-45,1.57,0,No,No,Stayed
15618243,730,Spain,Female,43,1,"£103,960.38",1,1,1,"£193,650.16",0,31-45,0.54,0,Yes,Yes,Stayed
15784161,583,Germany,Male,39,8,"£102,945.01",1,0,0,"£52,861.89",0,31-45,1.95,0,No,No,Stayed
15700325,644,France,Female,24,8,"£92,760.55",1,1,0,"£35,896.75",0,18-30,2.58,0,Yes,No,Stayed
15659064,790,Spain,Male,37,8,£0.00,2,1,1,"£149,418.41",0,31-45,0,0,Yes,Yes,Stayed
15658364,807,Germany,Female,40,1,"£134,590.21",1,1,1,"£46,253.65",0,31-45,2.91,0,Yes,Yes,Stayed
15704340,581,France,Female,37,10,"£104,255.03",1,1,0,"£86,609.37",0,31-45,1.2,0,Yes,No,Stayed
15793455,627,Spain,Female,55,6,£0.00,1,0,0,"£91,943.94",1,46-60,0,0,No,No,Churned
15579777,850,France,Male,41,3,£0.00,2,1,0,"£128,892.36",0,31-45,0,0,Yes,No,Stayed
15632345,754,France,Female,35,4,£0.00,2,1,0,"£44,830.71",0,31-45,0,0,Yes,No,Stayed
15814468,551,Germany,Male,50,1,"£121,399.98",1,0,1,"£84,508.44",1,46-60,1.44,0,No,Yes,Churned
15754820,637,Germany,Male,35,8,"£147,127.81",2,1,1,"£84,760.70",0,31-45,1.74,0,Yes,Yes,Stayed
15707505,699,Spain,Male,31,8,"£125,927.51",2,1,0,"£147,661.47",0,31-45,0.85,0,Yes,No,Stayed
15699507,542,France,Female,25,7,£0.00,2,0,1,"£82,393.08",0,18-30,0,0,No,Yes,Stayed
15799600,640,Germany,Male,48,1,"£111,599.32",1,0,1,"£135,995.58",0,46-60,0.82,0,No,Yes,Stayed
15794472,553,France,Female,27,3,£0.00,2,0,0,"£159,800.16",0,18-30,0,0,No,No,Stayed
15646632,741,France,Male,38,9,£0.00,2,1,0,"£14,379.01",0,31-45,0,0,Yes,No,Stayed
15676353,598,France,Male,35,8,"£114,212.60",1,1,1,"£74,322.85",0,31-45,1.54,0,Yes,Yes,Stayed
15566312,660,Spain,Female,42,5,£0.00,3,1,1,"£189,016.24",1,31-45,0,1,Yes,Yes,Churned
15570414,618,Spain,Male,41,4,"£115,251.64",1,0,0,"£136,435.75",0,31-45,0.84,0,No,No,Stayed
15776743,647,France,Male,43,9,£0.00,2,1,1,"£78,488.39",0,31-45,0,0,Yes,Yes,Stayed
15674637,491,France,Female,68,3,"£107,571.61",1,0,1,"£113,695.99",0,60+,0.95,0,No,Yes,Stayed
15730418,652,France,Female,32,2,£0.00,2,1,0,"£54,628.11",0,31-45,0,0,Yes,No,Stayed
15739972,650,Germany,Female,45,9,"£152,367.21",3,1,0,"£150,835.21",1,31-45,1.01,1,Yes,No,Churned
15661591,413,Germany,Male,39,1,"£130,969.77",2,1,1,"£158,891.79",0,31-45,0.82,0,Yes,Yes,Stayed
15675585,416,Germany,Female,25,0,"£97,738.97",2,1,1,"£160,523.33",0,18-30,0.61,0,Yes,Yes,Stayed
15814750,629,Spain,Male,34,8,£0.00,2,1,1,"£180,595.02",0,31-45,0,0,Yes,Yes,Stayed
15593454,678,Spain,Female,40,4,"£113,794.22",1,1,0,"£16,618.76",0,31-45,6.85,0,Yes,No,Stayed
15663421,527,Spain,Male,28,6,"£128,396.33",2,1,0,"£79,919.97",0,18-30,1.61,0,Yes,No,Stayed
15576196,743,Spain,Female,48,5,"£118,207.69",2,0,0,"£186,489.14",1,46-60,0.63,0,No,No,Churned
15677324,683,Germany,Male,73,9,"£124,730.26",1,1,1,"£51,999.50",0,60+,2.4,0,Yes,Yes,Stayed
15568742,536,France,Female,41,9,£0.00,1,1,0,"£121,299.14",0,31-45,0,0,Yes,No,Stayed
15693764,663,Spain,Male,52,0,"£136,298.65",1,1,0,"£144,593.30",1,46-60,0.94,0,Yes,No,Churned
15714260,646,France,Female,38,2,£0.00,2,0,0,"£178,752.73",0,31-45,0,0,No,No,Stayed
15798200,707,France,Male,35,2,£0.00,3,1,1,"£94,148.30",0,31-45,0,1,Yes,Yes,Stayed
15656627,602,France,Male,34,5,£0.00,2,1,1,"£77,414.45",0,31-45,0,0,Yes,Yes,Stayed
15791111,635,France,Female,47,2,"£125,724.95",2,1,0,"£63,236.97",0,46-60,1.99,0,Yes,No,Stayed
15638269,597,France,Male,67,2,£0.00,2,0,1,"£108,645.85",0,60+,0,0,No,Yes,Stayed
15807473,503,France,Male,38,1,£0.00,2,1,1,"£95,153.24",0,31-45,0,0,Yes,Yes,Stayed
15708534,524,Spain,Female,64,5,£0.00,1,1,0,"£136,079.64",1,60+,0,0,Yes,No,Churned
15640686,700,France,Male,46,5,"£95,872.86",1,1,0,"£98,273.01",1,46-60,0.98,0,Yes,No,Churned
15588904,692,France,Male,33,9,£0.00,1,1,0,"£113,505.93",1,31-45,0,0,Yes,No,Churned
15768763,562,France,Male,37,2,£0.00,1,0,1,"£52,525.15",1,31-45,0,0,No,Yes,Churned
15770543,679,France,Male,37,7,"£74,260.03",1,1,0,"£194,617.98",0,31-45,0.38,0,Yes,No,Stayed
15642162,603,Germany,Male,35,1,"£123,407.69",1,1,0,"£152,541.89",1,31-45,0.81,0,Yes,No,Churned
15714046,720,Spain,Male,33,3,"£123,783.91",2,1,1,"£142,903.44",0,31-45,0.87,0,Yes,Yes,Stayed
15575060,797,France,Male,24,5,£0.00,2,1,0,"£182,257.61",0,18-30,0,0,Yes,No,Stayed
15812040,594,France,Male,36,6,"£153,880.15",1,0,0,"£135,431.72",0,31-45,1.14,0,No,No,Stayed
15812073,529,France,Female,31,7,£0.00,2,1,1,"£175,697.87",0,31-45,0,0,Yes,Yes,Stayed
15706810,606,Germany,Female,32,1,"£106,301.85",2,0,1,"£59,061.25",0,31-45,1.8,0,No,Yes,Stayed
15584090,621,Spain,Female,40,7,£0.00,2,0,1,"£131,283.60",1,31-45,0,0,No,Yes,Churned
15810807,513,France,Female,43,9,£0.00,2,1,0,"£152,499.80",0,31-45,0,0,Yes,No,Stayed
15582033,753,Germany,Male,44,3,"£138,076.47",1,1,0,"£15,523.09",1,31-45,8.89,0,Yes,No,Churned
15687607,605,France,Female,30,9,"£135,422.31",1,0,1,"£186,418.85",0,18-30,0.73,0,No,Yes,Stayed
15588406,574,Spain,Female,37,7,£0.00,2,1,0,"£32,262.28",0,31-45,0,0,Yes,No,Stayed
15784099,726,France,Female,38,5,"£126,875.62",1,1,0,"£128,052.29",0,31-45,0.99,0,Yes,No,Stayed
15701352,611,Spain,Female,28,3,"£96,381.68",2,1,0,"£181,419.29",0,18-30,0.53,0,Yes,No,Stayed
15789371,593,Germany,Female,41,4,"£119,703.10",2,1,1,"£109,783.29",0,31-45,1.09,0,Yes,Yes,Stayed
15602845,466,Germany,Male,41,2,"£152,102.18",2,1,0,"£181,879.56",0,31-45,0.84,0,Yes,No,Stayed
15707918,741,Germany,Female,36,0,"£127,675.39",2,1,0,"£74,260.16",0,31-45,1.72,0,Yes,No,Stayed
15602812,684,Germany,Female,44,2,"£133,776.86",2,0,1,"£49,865.04",0,31-45,2.68,0,No,Yes,Stayed
15675888,550,Spain,Female,33,9,"£72,788.03",1,1,1,"£103,608.06",0,31-45,0.7,0,Yes,Yes,Stayed
15591822,593,Spain,Male,26,9,"£76,226.90",1,1,0,"£167,564.82",0,18-30,0.45,0,Yes,No,Stayed
15738501,601,Germany,Male,48,9,"£163,630.76",1,0,1,"£41,816.49",1,46-60,3.91,0,No,Yes,Churned
15585907,676,Spain,Female,30,5,£0.00,2,0,0,"£179,066.58",0,18-30,0,0,No,No,Stayed
15579040,556,France,Female,46,10,£0.00,2,0,0,"£109,184.24",0,46-60,0,0,No,No,Stayed
15804211,719,France,Male,36,3,"£155,423.17",1,1,1,"£199,841.32",0,31-45,0.78,0,Yes,Yes,Stayed
15736126,850,Germany,Male,55,0,"£98,710.89",1,1,1,"£83,617.17",1,46-60,1.18,0,Yes,Yes,Churned
15745399,649,Spain,Female,49,2,£0.00,1,1,0,"£84,863.85",1,46-60,0,0,Yes,No,Churned
15760749,509,Spain,Male,41,7,"£126,683.80",1,0,1,"£114,775.53",0,31-45,1.1,0,No,Yes,Stayed
15637118,684,France,Male,33,4,"£140,700.61",1,1,0,"£103,557.93",0,31-45,1.36,0,Yes,No,Stayed
15657829,806,Germany,Male,30,8,"£168,078.83",1,1,0,"£85,028.36",1,18-30,1.98,0,Yes,No,Churned
15738497,729,Spain,Male,44,4,"£107,726.93",2,1,0,"£153,064.87",0,31-45,0.7,0,Yes,No,Stayed
15690695,683,France,Female,33,9,£0.00,2,1,1,"£38,784.42",0,31-45,0,0,Yes,Yes,Stayed
15762351,689,Spain,Female,63,1,£0.00,2,1,1,"£186,526.12",0,60+,0,0,Yes,Yes,Stayed
15791172,672,Germany,Female,21,1,"£35,741.69",1,1,0,"£28,789.94",0,18-30,1.24,0,Yes,No,Stayed
15598982,602,Germany,Female,53,5,"£98,268.84",1,0,1,"£45,038.29",1,46-60,2.18,0,No,Yes,Churned
15734765,739,France,Female,20,4,"£133,800.98",1,0,1,"£150,245.81",0,18-30,0.89,0,No,Yes,Stayed
15642912,618,France,Female,21,2,"£125,682.79",1,0,0,"£57,762.00",0,18-30,2.18,0,No,No,Stayed
15769516,674,France,Female,42,9,£0.00,2,1,0,"£4,292.72",0,31-45,0,0,Yes,No,Stayed
15789379,762,France,Male,26,6,"£130,428.78",1,1,0,"£173,365.89",0,18-30,0.75,0,Yes,No,Stayed
15695103,790,Spain,Male,37,6,£0.00,2,1,1,"£119,484.01",0,31-45,0,0,Yes,Yes,Stayed
15801924,754,Spain,Female,27,8,£0.00,2,0,0,"£121,821.16",0,18-30,0,0,No,No,Stayed
15767804,729,France,Male,44,6,£0.00,2,1,0,"£151,733.43",0,31-45,0,0,Yes,No,Stayed
15718039,606,Germany,Female,47,0,"£137,138.20",2,0,1,"£53,784.22",0,46-60,2.55,0,No,Yes,Stayed
15579994,616,France,Male,23,8,"£73,112.95",1,1,1,"£62,733.05",0,18-30,1.17,0,Yes,Yes,Stayed
15595037,772,France,Male,47,9,"£152,347.01",1,0,1,"£17,671.78",0,46-60,8.62,0,No,Yes,Stayed
15600720,652,Spain,Male,41,8,"£115,144.68",1,1,0,"£188,905.43",0,31-45,0.61,0,Yes,No,Stayed
15782608,743,France,Male,43,5,£0.00,2,0,0,"£113,079.19",1,31-45,0,0,No,No,Churned
15566894,793,France,Male,39,3,"£137,817.52",1,0,0,"£83,997.79",0,31-45,1.64,0,No,No,Stayed
15749123,743,Spain,Male,45,7,"£157,332.26",1,1,0,"£125,424.42",0,31-45,1.25,0,Yes,No,Stayed
15668943,746,France,Male,37,2,£0.00,2,1,0,"£143,194.05",0,31-45,0,0,Yes,No,Stayed
15577423,627,Germany,Female,39,5,"£124,586.93",1,1,0,"£93,132.61",1,31-45,1.34,0,Yes,No,Churned
15623102,713,Spain,Male,38,6,"£116,980.78",2,0,1,"£76,038.38",0,31-45,1.54,0,No,Yes,Stayed
15728012,678,Spain,Female,40,3,"£128,398.38",1,1,0,"£168,658.30",0,31-45,0.76,0,Yes,No,Stayed
15683363,540,Spain,Male,39,1,£0.00,1,0,1,"£108,419.41",0,31-45,0,0,No,Yes,Stayed
15699335,615,Germany,Female,33,3,"£137,657.25",2,1,1,"£171,657.57",0,31-45,0.8,0,Yes,Yes,Stayed
15574369,415,Spain,Male,53,5,"£167,259.44",1,1,1,"£22,357.25",0,46-60,7.48,0,Yes,Yes,Stayed
15703167,628,France,Female,45,8,£0.00,2,1,0,"£193,903.06",0,31-45,0,0,Yes,No,Stayed
15754874,700,France,Male,26,4,"£119,009.57",1,1,0,"£141,926.43",0,18-30,0.84,0,Yes,No,Stayed
15723216,623,Germany,Male,33,2,"£80,002.33",1,1,1,"£104,079.62",0,31-45,0.77,0,Yes,Yes,Stayed
15725094,623,France,Female,37,4,"£140,211.88",1,1,1,"£93,832.33",0,31-45,1.49,0,Yes,Yes,Stayed
15647974,679,France,Female,44,3,"£118,742.74",2,1,0,"£1,568.91",0,31-45,75.68,0,Yes,No,Stayed
15583371,632,Spain,Male,37,1,"£138,207.08",1,1,0,"£60,778.11",1,31-45,2.27,0,Yes,No,Churned
15772559,790,France,Female,47,10,"£148,636.21",1,0,1,"£16,119.96",1,46-60,9.22,0,No,Yes,Churned
15711251,514,France,Male,45,1,"£178,827.79",1,1,0,"£60,375.18",0,31-45,2.96,0,Yes,No,Stayed
15719212,491,France,Male,33,5,"£83,134.30",1,1,0,"£187,946.55",0,31-45,0.44,0,Yes,No,Stayed
15764927,753,France,Male,92,3,"£121,513.31",1,0,1,"£195,563.99",0,60+,0.62,0,No,Yes,Stayed
15731412,693,Germany,Female,37,6,"£95,900.04",1,1,1,"£38,196.24",0,31-45,2.51,0,Yes,Yes,Stayed
15719170,679,France,Female,30,1,"£112,543.42",1,1,1,"£179,435.21",0,18-30,0.63,0,Yes,Yes,Stayed
15596011,529,Spain,Male,34,9,£0.00,1,1,1,"£93,208.22",0,31-45,0,0,Yes,Yes,Stayed
15614834,619,Spain,Female,31,3,"£141,751.82",1,0,1,"£61,531.86",0,31-45,2.3,0,No,Yes,Stayed
15600510,680,Spain,Female,37,6,"£124,140.57",2,1,0,"£92,826.35",0,31-45,1.34,0,Yes,No,Stayed
15625706,693,Germany,Male,45,2,"£116,546.59",2,0,0,"£23,140.28",1,31-45,5.04,0,No,No,Churned
15781409,834,France,Female,28,6,£0.00,1,1,0,"£74,287.53",0,18-30,0,0,Yes,No,Stayed
15722583,636,Spain,Female,29,6,"£157,576.47",2,1,1,"£101,102.39",0,18-30,1.56,0,Yes,Yes,Stayed
15677243,538,Spain,Male,43,5,£0.00,2,1,0,"£126,933.73",0,31-45,0,0,Yes,No,Stayed
15815070,566,Germany,Female,44,5,"£141,428.99",2,0,0,"£68,408.74",0,31-45,2.07,0,No,No,Stayed
15705899,597,Spain,Male,35,0,"£127,510.99",1,1,1,"£155,356.34",0,31-45,0.82,0,Yes,Yes,Stayed
15701522,711,France,Female,29,9,£0.00,2,0,1,"£3,234.80",0,18-30,0,0,No,Yes,Stayed
15755978,606,France,Male,31,10,£0.00,2,1,0,"£195,209.40",0,31-45,0,0,Yes,No,Stayed
15722090,615,Spain,Male,51,6,"£81,818.49",1,1,1,"£169,149.38",0,46-60,0.48,0,Yes,Yes,Stayed
15783526,589,France,Male,36,1,"£100,895.54",1,1,1,"£68,075.14",0,31-45,1.48,0,Yes,Yes,Stayed
15632125,606,Germany,Male,45,5,"£63,832.43",1,1,1,"£93,707.80",0,31-45,0.68,0,Yes,Yes,Stayed
15688395,582,France,Male,29,4,£0.00,2,0,0,"£156,153.27",0,18-30,0,0,No,No,Stayed
15666975,710,France,Female,36,4,"£116,085.06",1,1,0,"£58,601.61",0,31-45,1.98,0,Yes,No,Stayed
15682211,467,France,Male,57,1,£0.00,2,1,1,"£114,448.77",0,46-60,0,0,Yes,Yes,Stayed
15637411,749,France,Male,30,1,£0.00,2,0,1,"£126,551.65",0,18-30,0,0,No,Yes,Stayed
15591512,564,Germany,Female,33,2,"£115,761.51",1,0,1,"£112,350.21",1,31-45,1.03,0,No,Yes,Churned
15606855,730,Spain,Male,26,6,£0.00,2,1,1,"£185,808.70",0,18-30,0,0,Yes,Yes,Stayed
15763683,678,Germany,Male,32,4,"£139,626.01",1,1,1,"£118,235.52",1,31-45,1.18,0,Yes,Yes,Churned
15641782,540,France,Female,31,7,£0.00,1,0,1,"£183,051.60",1,31-45,0,0,No,Yes,Churned
15677184,767,France,Female,35,6,"£115,576.44",1,0,1,"£27,922.45",0,31-45,4.14,0,No,Yes,Stayed
15775042,615,France,Female,23,4,£0.00,2,1,0,"£196,476.19",0,18-30,0,0,Yes,No,Stayed
15616630,583,Germany,Female,41,5,"£77,647.60",1,1,0,"£190,429.52",0,31-45,0.41,0,Yes,No,Stayed
15800233,850,France,Female,40,5,£0.00,2,1,0,"£35,034.15",0,31-45,0,0,Yes,No,Stayed
15588419,651,Germany,Female,34,10,"£148,962.46",1,1,0,"£66,389.43",1,31-45,2.24,0,Yes,No,Churned
15595557,798,France,Male,22,8,£0.00,2,1,0,"£107,615.43",0,18-30,0,0,Yes,No,Stayed
15626143,695,France,Male,37,2,£0.00,2,1,1,"£99,692.65",0,31-45,0,0,Yes,Yes,Stayed
15566030,497,Germany,Male,41,5,"£80,542.81",1,0,0,"£88,729.22",1,31-45,0.91,0,No,No,Churned
15701412,739,France,Male,40,4,£0.00,2,0,0,"£173,321.65",0,31-45,0,0,No,No,Stayed
15702464,549,France,Female,34,4,£0.00,2,0,0,"£139,463.57",0,31-45,0,0,No,No,Stayed
15573348,850,France,Male,35,9,"£102,050.47",1,1,1,"£3,769.71",0,31-45,27.07,0,Yes,Yes,Stayed
15704160,648,Spain,Male,49,5,£0.00,1,1,0,"£149,946.43",1,46-60,0,0,Yes,No,Churned
15693704,679,France,Female,24,6,"£114,948.76",2,0,1,"£135,768.25",0,18-30,0.85,0,No,Yes,Stayed
15664752,606,Germany,Male,39,8,"£136,000.45",2,1,0,"£31,708.53",0,31-45,4.29,0,Yes,No,Stayed
15628292,850,France,Male,32,4,"£156,001.68",2,1,1,"£151,677.31",0,31-45,1.03,0,Yes,Yes,Stayed
15621195,619,Germany,Male,41,3,"£147,974.16",2,1,0,"£170,518.83",0,31-45,0.87,0,Yes,No,Stayed
15668629,719,Spain,Male,44,2,£0.00,2,1,0,"£196,582.19",0,31-45,0,0,Yes,No,Stayed
15635197,640,Germany,Male,26,5,"£90,402.77",1,1,1,"£3,298.65",0,18-30,27.41,0,Yes,Yes,Stayed
15592761,710,France,Male,40,5,£0.00,2,0,0,"£162,878.96",0,31-45,0,0,No,No,Stayed
15574283,580,France,Male,31,2,£0.00,2,0,1,"£64,014.24",0,31-45,0,0,No,Yes,Stayed
15598097,550,France,Male,44,9,£0.00,2,1,0,"£26,257.01",0,31-45,0,0,Yes,No,Stayed
15711352,841,France,Female,31,3,"£162,701.65",2,1,1,"£126,794.56",0,31-45,1.28,0,Yes,Yes,Stayed
15620751,760,France,Male,34,2,£0.00,2,1,0,"£164,162.44",0,31-45,0,0,Yes,No,Stayed
15656717,687,France,Female,30,6,£0.00,2,0,0,"£179,206.92",0,18-30,0,0,No,No,Stayed
15643121,753,Germany,Female,35,5,"£82,453.96",2,0,0,"£18,254.75",0,31-45,4.52,0,No,No,Stayed
15723671,661,France,Male,35,9,"£100,107.99",1,1,0,"£83,949.68",0,31-45,1.19,0,Yes,No,Stayed
15752846,699,France,Male,28,7,£0.00,2,1,1,"£22,684.78",0,18-30,0,0,Yes,Yes,Stayed
15640852,617,Germany,Female,39,5,"£83,348.89",3,1,0,"£7,953.62",1,31-45,10.48,1,Yes,No,Churned
15789313,595,Germany,Female,44,4,"£96,553.52",2,1,0,"£143,952.24",1,31-45,0.67,0,Yes,No,Churned
15793688,669,France,Male,50,9,"£201,009.64",1,1,0,"£158,032.50",1,46-60,1.27,0,Yes,No,Churned
15770405,613,France,Female,27,5,"£125,167.74",1,1,0,"£199,104.52",0,18-30,0.63,0,Yes,No,Stayed
15702561,782,France,Male,32,9,£0.00,1,1,1,"£87,566.97",0,31-45,0,0,Yes,Yes,Stayed
15625964,582,France,Female,43,5,"£153,313.67",1,0,0,"£170,563.73",0,31-45,0.9,0,No,No,Stayed
15761364,679,France,Male,30,9,£0.00,2,1,0,"£157,871.55",0,18-30,0,0,Yes,No,Stayed
15590286,611,France,Female,40,2,"£125,879.29",1,1,0,"£93,203.43",0,31-45,1.35,0,Yes,No,Stayed
15587978,455,Germany,Female,37,6,"£170,057.62",1,0,1,"£54,398.56",0,31-45,3.13,0,No,Yes,Stayed
15773242,621,France,Male,32,1,£0.00,2,1,1,"£168,779.47",0,31-45,0,0,Yes,Yes,Stayed
15761053,596,Germany,Male,48,2,"£131,326.47",1,0,0,"£1,140.02",1,46-60,115.2,0,No,No,Churned
15702095,585,Spain,Female,56,1,"£128,472.80",1,1,0,"£186,476.91",1,46-60,0.69,0,Yes,No,Churned
15764253,742,France,Male,32,6,"£160,485.16",1,1,0,"£29,023.03",0,31-45,5.53,0,Yes,No,Stayed
15700801,850,Germany,Male,42,6,"£84,445.68",3,0,1,"£60,021.34",1,31-45,1.41,1,No,Yes,Churned
15730590,738,Germany,Female,40,1,"£115,409.18",2,0,0,"£180,456.80",0,31-45,0.64,0,No,No,Stayed
15643916,619,Spain,Male,46,8,"£62,400.48",1,1,1,"£132,498.39",1,46-60,0.47,0,Yes,Yes,Churned
15720636,628,France,Female,50,4,"£143,054.56",1,0,1,"£109,608.81",1,46-60,1.31,0,No,Yes,Churned
15795429,487,France,Male,24,7,"£133,628.09",2,1,1,"£98,570.01",0,18-30,1.36,0,Yes,Yes,Stayed
15609254,513,Spain,Female,41,9,"£107,135.04",2,1,1,"£160,546.58",0,31-45,0.67,0,Yes,Yes,Stayed
15625141,563,Spain,Male,26,7,£0.00,2,0,0,"£6,139.74",0,18-30,0,0,No,No,Stayed
15810898,803,France,Female,65,2,"£151,659.52",2,0,1,"£6,930.17",0,60+,21.88,0,No,Yes,Stayed
15775797,607,Spain,Female,32,7,£0.00,3,0,1,"£10,674.62",0,31-45,0,1,No,Yes,Stayed
15795246,628,Germany,Female,51,9,"£155,903.82",2,1,1,"£71,159.84",0,46-60,2.19,0,Yes,Yes,Stayed
15795275,521,Spain,Female,49,4,"£82,940.25",2,0,0,"£62,413.01",1,46-60,1.33,0,No,No,Churned
15571869,669,Germany,Female,50,4,"£112,650.89",1,0,0,"£166,386.22",1,46-60,0.68,0,No,No,Churned
15694143,686,France,Female,41,10,£0.00,1,1,0,"£133,086.45",0,31-45,0,0,Yes,No,Stayed
15748231,700,Germany,Male,35,4,"£95,853.39",2,1,0,"£192,933.37",0,31-45,0.5,0,Yes,No,Stayed
15632185,663,France,Female,42,1,"£82,228.67",2,1,0,"£71,359.78",0,31-45,1.15,0,Yes,No,Stayed
15806249,671,Spain,Female,31,4,£0.00,2,0,1,"£79,270.02",0,31-45,0,0,No,Yes,Stayed
15743293,651,Germany,Female,35,1,"£163,700.78",3,1,1,"£29,583.48",1,31-45,5.53,1,Yes,Yes,Churned
15598157,728,France,Male,34,4,"£106,328.08",1,1,0,"£88,680.65",0,31-45,1.2,0,Yes,No,Stayed
15700946,574,France,Female,34,7,"£152,992.91",1,1,1,"£134,691.20",0,31-45,1.14,0,Yes,Yes,Stayed
15722692,464,France,Male,38,3,"£116,439.65",1,1,0,"£75,574.48",0,31-45,1.54,0,Yes,No,Stayed
15696506,604,Spain,Male,27,9,"£101,352.78",1,0,0,"£30,252.30",0,18-30,3.35,0,No,No,Stayed
15728823,836,Spain,Female,37,10,£0.00,2,1,0,"£111,324.41",0,31-45,0,0,Yes,No,Stayed
15808851,511,Germany,Female,75,9,"£105,609.17",1,0,1,"£105,425.18",0,60+,1,0,No,Yes,Stayed
15675231,518,France,Female,45,8,£0.00,2,1,1,"£36,193.07",0,31-45,0,0,Yes,Yes,Stayed
15732299,756,France,Male,67,4,£0.00,3,1,1,"£93,081.87",0,60+,0,1,Yes,Yes,Stayed
15706269,489,France,Female,47,8,"£103,894.38",2,1,1,"£107,625.46",0,46-60,0.97,0,Yes,Yes,Stayed
15590078,622,Spain,Male,27,9,"£139,834.93",1,1,1,"£152,733.89",0,18-30,0.92,0,Yes,Yes,Stayed
15776985,652,France,Female,36,6,"£112,518.71",2,0,1,"£110,421.31",0,31-45,1.02,0,No,Yes,Stayed
15756743,625,France,Female,37,7,"£115,895.42",1,1,0,"£48,486.25",0,31-45,2.39,0,Yes,No,Stayed
15782364,521,Spain,Female,39,3,"£146,408.68",1,0,0,"£72,993.67",0,31-45,2.01,0,No,No,Stayed
15604093,546,France,Male,34,4,"£165,363.31",2,1,1,"£25,744.13",1,31-45,6.42,0,Yes,Yes,Churned
15749328,697,France,Female,45,1,£0.00,2,1,0,"£46,807.62",1,31-45,0,0,Yes,No,Churned
15656322,571,Germany,Male,33,3,"£71,843.15",1,1,0,"£26,772.04",0,31-45,2.68,0,Yes,No,Stayed
15685564,748,Spain,Male,35,5,"£105,492.53",1,1,1,"£150,057.20",0,31-45,0.7,0,Yes,Yes,Stayed
15785831,591,France,Male,35,7,"£183,027.25",1,1,1,"£56,028.79",0,31-45,3.27,0,Yes,Yes,Stayed
15796218,814,Germany,Male,29,1,"£131,968.57",2,1,1,"£147,693.92",0,18-30,0.89,0,Yes,Yes,Stayed
15716218,709,France,Female,45,3,"£104,118.50",1,0,1,"£174,032.00",0,31-45,0.6,0,No,Yes,Stayed
15572735,433,Spain,Male,27,2,£0.00,2,1,1,"£153,698.65",0,18-30,0,0,Yes,Yes,Stayed
15633840,781,France,Male,20,0,"£125,023.10",2,1,1,"£108,301.45",0,18-30,1.15,0,Yes,Yes,Stayed
15608760,656,France,Female,30,4,"£74,323.20",1,1,1,"£22,929.08",0,18-30,3.24,0,Yes,Yes,Stayed
15627848,683,France,Male,38,7,"£109,346.13",2,1,0,"£102,665.92",0,31-45,1.07,0,Yes,No,Stayed
15792029,620,France,Male,32,6,£0.00,2,1,0,"£56,139.09",0,31-45,0,0,Yes,No,Stayed
15617331,637,Germany,Female,39,3,"£109,698.41",1,1,1,"£88,391.29",1,31-45,1.24,0,Yes,Yes,Churned
15651740,525,Spain,Female,30,5,£0.00,2,0,1,"£149,195.44",0,18-30,0,0,No,Yes,Stayed
15636407,793,Germany,Female,34,5,"£127,758.09",1,1,0,"£143,357.03",0,31-45,0.89,0,Yes,No,Stayed
15607526,638,Germany,Male,50,1,"£102,645.48",1,1,0,"£168,359.98",1,46-60,0.61,0,Yes,No,Churned
15632576,520,France,Male,31,4,"£93,249.40",1,1,0,"£77,335.75",0,31-45,1.21,0,Yes,No,Stayed
15581505,641,France,Male,35,5,£0.00,2,1,0,"£93,148.93",0,31-45,0,0,Yes,No,Stayed
15612207,840,Germany,Female,51,1,"£87,779.83",1,0,1,"£36,687.11",1,46-60,2.39,0,No,Yes,Churned
15707242,504,Spain,Male,40,5,£0.00,2,0,0,"£146,703.36",0,31-45,0,0,No,No,Stayed
15721937,686,France,Male,38,0,"£138,131.34",1,0,1,"£115,927.85",0,31-45,1.19,0,No,Yes,Stayed
15773852,533,Germany,Male,38,4,"£70,362.52",2,1,1,"£104,189.46",0,31-45,0.68,0,Yes,Yes,Stayed
15719778,577,France,Female,32,1,£0.00,2,1,0,"£9,902.39",0,31-45,0,0,Yes,No,Stayed
15650538,445,Germany,Female,48,7,"£168,286.58",1,1,0,"£16,645.77",1,46-60,10.11,0,Yes,No,Churned
15797475,720,France,Male,44,3,"£86,102.27",1,1,0,"£180,134.88",1,31-45,0.48,0,Yes,No,Churned
15780359,643,Germany,Male,25,4,"£115,142.90",1,1,1,"£148,098.95",0,18-30,0.78,0,Yes,Yes,Stayed
15737104,652,Germany,Female,47,0,"£126,597.89",2,1,1,"£38,798.79",1,46-60,3.26,0,Yes,Yes,Churned
15789936,663,France,Female,33,2,£0.00,2,1,0,"£153,295.00",0,31-45,0,0,Yes,No,Stayed
15709523,525,Germany,Female,30,0,"£157,989.21",2,1,1,"£100,687.67",0,18-30,1.57,0,Yes,Yes,Stayed
15593425,662,Spain,Female,54,1,"£187,997.15",1,0,0,"£111,442.71",1,46-60,1.69,0,No,No,Churned
15776725,724,Germany,Male,54,8,"£172,192.49",1,1,1,"£136,902.01",0,46-60,1.26,0,Yes,Yes,Stayed
15604706,581,Germany,Male,38,1,"£133,105.47",1,1,0,"£105,732.90",1,31-45,1.26,0,Yes,No,Churned
15790958,685,Spain,Male,38,4,£0.00,2,1,1,"£35,884.91",0,31-45,0,0,Yes,Yes,Stayed
15747534,595,France,Male,46,10,£0.00,1,1,0,"£73,489.15",1,46-60,0,0,Yes,No,Churned
15574237,588,France,Female,21,8,£0.00,2,1,1,"£110,114.19",0,18-30,0,0,Yes,Yes,Stayed
15690332,647,Germany,Male,35,3,"£192,407.97",1,1,1,"£40,145.28",0,31-45,4.79,0,Yes,Yes,Stayed
15661290,785,Germany,Female,38,9,"£107,199.75",1,0,0,"£146,398.51",0,31-45,0.73,0,No,No,Stayed
15651883,794,Germany,Female,55,6,"£115,796.70",1,1,0,"£160,526.36",1,46-60,0.72,0,Yes,No,Churned
15808905,823,France,Male,37,5,"£164,858.18",1,1,1,"£173,516.71",0,31-45,0.95,0,Yes,Yes,Stayed
15715532,687,Germany,Male,38,4,"£117,633.28",1,0,1,"£88,396.60",0,31-45,1.33,0,No,Yes,Stayed
15786078,850,France,Female,28,9,£0.00,2,1,0,"£185,821.41",0,18-30,0,0,Yes,No,Stayed
15652401,496,France,Female,36,7,£0.00,2,0,0,"£108,098.28",0,31-45,0,0,No,No,Stayed
15673074,527,Germany,Female,30,6,"£126,663.51",1,1,1,"£162,267.91",0,18-30,0.78,0,Yes,Yes,Stayed
15598744,576,Germany,Female,71,6,"£140,273.47",1,1,1,"£193,135.25",1,60+,0.73,0,Yes,Yes,Churned
15785975,525,Spain,Female,60,7,£0.00,2,0,1,"£168,034.90",0,46-60,0,0,No,Yes,Stayed
15613180,727,Germany,Male,21,8,"£153,344.72",1,1,1,"£163,295.87",0,18-30,0.94,0,Yes,Yes,Stayed
15584229,671,Germany,Female,23,9,"£123,943.18",1,1,1,"£159,553.27",0,18-30,0.78,0,Yes,Yes,Stayed
15773804,625,France,Male,39,5,£0.00,1,1,0,"£99,800.87",0,31-45,0,0,Yes,No,Stayed
15699515,643,Germany,Male,33,7,"£98,630.31",2,1,1,"£40,250.82",0,31-45,2.45,0,Yes,Yes,Stayed
15705313,707,France,Female,33,2,"£58,036.33",1,1,1,"£83,335.78",0,31-45,0.7,0,Yes,Yes,Stayed
15693817,539,Spain,Male,28,5,£0.00,2,1,0,"£48,382.40",0,18-30,0,0,Yes,No,Stayed
15673790,498,Germany,Male,45,7,"£109,200.74",2,0,1,"£165,990.44",0,31-45,0.66,0,No,Yes,Stayed
15674868,696,Spain,Female,30,0,£0.00,2,1,1,"£9,002.80",0,18-30,0,0,Yes,Yes,Stayed
15692110,758,France,Female,33,7,£0.00,1,1,0,"£188,156.34",0,31-45,0,0,Yes,No,Stayed
15645904,685,France,Female,33,6,£0.00,2,0,1,"£186,785.01",0,31-45,0,0,No,Yes,Stayed
15581332,655,Germany,Female,30,1,"£83,173.98",2,1,1,"£184,259.60",0,18-30,0.45,0,Yes,Yes,Stayed
15808544,747,France,Female,40,3,£0.00,1,0,0,"£57,817.84",1,31-45,0,0,No,No,Churned
15734948,601,Spain,Male,24,7,£0.00,2,0,0,"£144,660.42",0,18-30,0,0,No,No,Stayed
15654531,477,France,Male,22,5,"£82,559.42",2,0,0,"£163,112.90",1,18-30,0.51,0,No,No,Churned
15637774,558,France,Male,32,5,"£73,494.21",1,0,0,"£136,301.10",0,31-45,0.54,0,No,No,Stayed
15677141,586,Spain,Male,29,2,"£132,450.24",1,1,1,"£36,176.63",0,18-30,3.66,0,Yes,Yes,Stayed
15739578,850,France,Male,49,6,"£128,663.90",1,1,0,"£65,769.30",1,46-60,1.96,0,Yes,No,Churned
15697360,505,France,Female,36,2,"£79,951.90",1,0,1,"£174,123.16",1,31-45,0.46,0,No,Yes,Churned
15655213,591,Germany,Female,51,8,"£132,508.30",1,1,1,"£161,304.68",1,46-60,0.82,0,Yes,Yes,Churned
15580872,761,Germany,Female,38,1,"£120,530.13",2,1,0,"£109,394.62",0,31-45,1.1,0,Yes,No,Stayed
15683213,554,France,Female,35,10,"£74,988.59",2,0,1,"£190,155.13",0,31-45,0.39,0,No,Yes,Stayed
15801188,774,France,Female,47,6,"£94,722.88",1,0,1,"£61,450.96",0,46-60,1.54,0,No,Yes,Stayed
15645029,771,Spain,Female,33,5,£0.00,2,1,0,"£8,673.43",0,31-45,0,0,Yes,No,Stayed
15633181,792,France,Male,31,6,"£71,269.89",2,0,1,"£125,912.77",0,31-45,0.57,0,No,Yes,Stayed
15598259,673,Germany,Female,41,9,"£98,612.10",1,1,0,"£151,349.35",0,31-45,0.65,0,Yes,No,Stayed
15576000,765,France,Male,40,6,"£138,033.55",1,1,1,"£67,972.45",0,31-45,2.03,0,Yes,Yes,Stayed
15766047,748,France,Female,41,2,"£91,621.69",1,1,1,"£71,139.31",0,31-45,1.29,0,Yes,Yes,Stayed
15596339,422,France,Male,54,3,"£140,014.42",1,0,1,"£86,350.97",0,46-60,1.62,0,No,Yes,Stayed
15715199,568,Spain,Male,27,5,"£126,815.97",2,0,1,"£118,648.12",0,18-30,1.07,0,No,Yes,Stayed
15615938,502,France,Female,64,3,"£139,663.37",1,0,1,"£100,995.11",0,60+,1.38,0,No,Yes,Stayed
15679991,524,France,Female,28,7,£0.00,2,0,1,"£147,100.72",0,18-30,0,0,No,Yes,Stayed
15626135,689,France,Male,34,1,"£165,312.27",1,1,0,"£155,495.63",0,31-45,1.06,0,Yes,No,Stayed
15792934,661,France,Male,26,8,£0.00,2,0,0,"£196,875.87",0,18-30,0,0,No,No,Stayed
15744046,606,Spain,Male,33,8,£0.00,2,1,1,"£63,176.77",0,31-45,0,0,Yes,Yes,Stayed
15700826,678,Germany,Female,54,1,"£123,699.28",2,0,1,"£105,221.76",0,46-60,1.18,0,No,Yes,Stayed
15756301,636,Germany,Female,29,3,"£97,325.15",1,0,1,"£131,924.38",0,18-30,0.74,0,No,Yes,Stayed
15586517,647,France,Male,32,5,"£97,041.16",1,1,1,"£23,132.73",0,31-45,4.19,0,Yes,Yes,Stayed
15751297,732,France,Male,36,5,£0.00,2,1,0,"£161,428.25",0,31-45,0,0,Yes,No,Stayed
15710365,646,France,Male,50,0,"£104,129.24",2,1,0,"£181,794.86",1,46-60,0.57,0,Yes,No,Churned
15679307,559,France,Female,43,1,£0.00,1,0,1,"£86,634.30",0,31-45,0,0,No,Yes,Stayed
15610753,581,France,Male,28,3,"£104,367.50",1,1,1,"£29,937.75",0,18-30,3.49,0,Yes,Yes,Stayed
15811036,565,France,Male,46,7,"£135,369.71",1,0,1,"£140,130.22",0,46-60,0.97,0,No,Yes,Stayed
15610912,657,Spain,Female,41,6,"£112,119.48",1,1,0,"£17,536.82",0,31-45,6.39,0,Yes,No,Stayed
15619932,847,France,Male,66,7,"£123,760.68",1,0,1,"£53,157.16",0,60+,2.33,0,No,Yes,Stayed
15746199,558,France,Female,41,6,£0.00,1,1,1,"£143,585.29",1,31-45,0,0,Yes,Yes,Churned
15584967,596,Spain,Male,57,6,£0.00,2,1,1,"£72,402.00",0,46-60,0,0,Yes,Yes,Stayed
15734365,579,France,Male,39,5,£0.00,2,0,1,"£39,891.84",0,31-45,0,0,No,Yes,Stayed
15726960,741,France,Female,36,3,£0.00,2,1,1,"£89,804.83",0,31-45,0,0,Yes,Yes,Stayed
15665177,613,France,Male,44,3,£0.00,2,0,1,"£136,491.72",0,31-45,0,0,No,Yes,Stayed
15779915,694,Spain,Male,31,5,£0.00,1,1,0,"£35,593.18",0,31-45,0,0,Yes,No,Stayed
15729110,729,Spain,Female,42,7,£0.00,2,1,0,"£58,268.20",1,31-45,0,0,Yes,No,Churned
15575399,480,France,Female,42,1,"£152,160.21",2,1,0,"£101,778.90",0,31-45,1.5,0,Yes,No,Stayed
15678374,666,France,Female,59,5,£0.00,2,1,1,"£185,123.09",0,46-60,0,0,Yes,Yes,Stayed
15792679,575,France,Male,24,2,£0.00,2,1,1,"£119,927.81",0,18-30,0,0,Yes,Yes,Stayed
15668767,850,France,Male,36,3,£0.00,2,1,0,"£195,033.07",0,31-45,0,0,Yes,No,Stayed
15761886,740,France,Male,36,4,"£172,381.80",1,1,1,"£86,480.29",0,31-45,1.99,0,Yes,Yes,Stayed
15583076,588,Germany,Male,41,6,"£106,116.56",2,1,0,"£198,766.61",0,31-45,0.53,0,Yes,No,Stayed
15815615,681,France,Male,36,5,"£141,952.07",1,1,1,"£185,144.08",0,31-45,0.77,0,Yes,Yes,Stayed
15591942,611,Spain,Female,33,7,£0.00,2,1,1,"£3,729.89",0,31-45,0,0,Yes,Yes,Stayed
15724924,589,France,Female,37,6,"£138,497.84",1,0,1,"£18,988.58",0,31-45,7.29,0,No,Yes,Stayed
15762123,717,Spain,Female,34,1,£0.00,2,1,0,"£119,313.74",0,31-45,0,0,Yes,No,Stayed
15567893,556,Germany,Male,33,3,"£124,213.36",2,1,0,"£62,627.55",0,31-45,1.98,0,Yes,No,Stayed
15648989,850,France,Male,37,4,"£126,872.60",1,1,0,"£197,266.58",0,31-45,0.64,0,Yes,No,Stayed
15662021,685,Spain,Female,42,2,£0.00,2,0,0,"£199,992.48",0,31-45,0,0,No,No,Stayed
15691627,713,France,Female,37,8,£0.00,1,1,1,"£16,403.41",0,31-45,0,0,Yes,Yes,Stayed
15731751,437,France,Female,26,1,"£120,923.52",1,0,1,"£78,854.57",0,18-30,1.53,0,No,Yes,Stayed
15635277,605,Spain,Male,47,7,"£142,643.54",1,1,0,"£189,310.27",0,46-60,0.75,0,Yes,No,Stayed
15655252,758,Germany,Male,41,10,"£79,857.64",1,1,1,"£78,088.17",0,31-45,1.02,0,Yes,Yes,Stayed
15803941,600,France,Male,46,10,"£95,502.21",1,0,0,"£19,842.18",0,46-60,4.81,0,No,No,Stayed
15714380,827,France,Male,38,5,£0.00,2,0,0,"£103,305.01",0,31-45,0,0,No,No,Stayed
15666559,608,Germany,Male,23,8,"£197,715.93",2,1,1,"£116,124.28",0,18-30,1.7,0,Yes,Yes,Stayed
15799998,608,France,Female,30,8,"£85,859.76",1,0,0,"£142,730.27",0,18-30,0.6,0,No,No,Stayed
15703763,554,France,Male,44,7,"£85,304.27",1,1,1,"£58,076.52",0,31-45,1.47,0,Yes,Yes,Stayed
15795640,683,Germany,Female,35,1,"£132,371.30",2,0,0,"£186,123.57",0,31-45,0.71,0,No,No,Stayed
15780056,660,Spain,Male,33,4,£0.00,1,1,0,"£29,664.45",0,31-45,0,0,Yes,No,Stayed
15777873,628,France,Female,31,5,£0.00,1,0,0,"£147,963.07",1,31-45,0,0,No,No,Churned
15584749,668,Germany,Male,39,4,"£79,896.00",1,1,0,"£38,466.39",0,31-45,2.08,0,Yes,No,Stayed
15765258,776,France,Female,29,5,£0.00,2,1,1,"£143,301.49",0,18-30,0,0,Yes,Yes,Stayed
15623346,820,France,Male,36,4,£0.00,2,1,0,"£31,422.69",0,31-45,0,0,Yes,No,Stayed
15614054,665,France,Male,36,1,£0.00,2,0,1,"£121,505.61",0,31-45,0,0,No,Yes,Stayed
15766185,850,Germany,Male,31,4,"£146,587.30",1,1,1,"£89,874.82",0,31-45,1.63,0,Yes,Yes,Stayed
15667632,703,France,Female,42,7,£0.00,2,0,1,"£72,500.68",0,31-45,0,0,No,Yes,Stayed
15599024,506,Spain,Male,32,8,£0.00,2,0,1,"£182,692.80",0,31-45,0,0,No,Yes,Stayed
15798709,588,Spain,Male,32,3,"£109,109.33",1,0,1,"£4,993.94",0,31-45,21.85,0,No,Yes,Stayed
15741921,622,Spain,Female,26,8,£0.00,2,1,1,"£124,964.82",0,18-30,0,0,Yes,Yes,Stayed
15793671,606,France,Male,34,5,£0.00,1,1,0,"£161,971.42",0,31-45,0,0,Yes,No,Stayed
15797900,517,France,Male,56,9,"£142,147.32",1,0,0,"£39,488.04",1,46-60,3.6,0,No,No,Churned
15667932,758,Spain,Female,43,10,£0.00,2,1,1,"£55,313.44",0,31-45,0,0,Yes,Yes,Stayed
15795933,677,France,Female,49,3,£0.00,2,1,1,"£187,811.71",0,46-60,0,0,Yes,Yes,Stayed
15660403,827,Spain,Female,35,0,£0.00,2,0,1,"£184,514.01",0,31-45,0,0,No,Yes,Stayed
15736299,729,France,Female,36,8,"£109,106.80",1,0,0,"£121,311.12",0,31-45,0.9,0,No,No,Stayed
15759034,654,France,Male,36,2,"£112,262.84",1,1,0,"£12,873.39",0,31-45,8.72,0,Yes,No,Stayed
15724663,654,Spain,Female,36,5,£0.00,2,0,0,"£157,238.05",0,31-45,0,0,No,No,Stayed
15594556,619,Spain,Male,52,8,£0.00,2,1,1,"£123,242.11",0,46-60,0,0,Yes,Yes,Stayed
15737169,642,Spain,Male,26,8,"£144,238.70",1,1,1,"£184,399.76",0,18-30,0.78,0,Yes,Yes,Stayed
15632472,472,Spain,Female,32,1,"£159,397.75",1,0,1,"£57,323.18",0,31-45,2.78,0,No,Yes,Stayed
15722813,470,Spain,Male,30,4,"£125,385.01",1,1,0,"£68,293.93",0,18-30,1.84,0,Yes,No,Stayed
15588450,633,France,Female,60,8,"£69,365.25",1,1,1,"£10,288.24",0,46-60,6.74,0,Yes,Yes,Stayed
15736717,602,France,Male,31,7,"£155,271.83",1,1,1,"£179,446.31",0,31-45,0.87,0,Yes,Yes,Stayed
15680683,640,Spain,Male,29,5,"£197,200.04",2,1,0,"£141,453.62",0,18-30,1.39,0,Yes,No,Stayed
15710316,454,Spain,Female,48,5,"£144,837.79",1,1,1,"£93,151.77",0,46-60,1.55,0,Yes,Yes,Stayed
15746333,562,France,Female,57,3,£0.00,3,1,0,"£6,554.97",1,46-60,0,1,Yes,No,Churned
15606861,636,France,Male,34,8,£0.00,2,1,0,"£38,570.13",0,31-45,0,0,Yes,No,Stayed
15641285,621,Spain,Male,50,3,"£163,085.79",1,0,1,"£131,048.36",0,46-60,1.24,0,No,Yes,Stayed
15662908,795,Germany,Male,38,7,"£125,903.22",2,1,1,"£127,068.92",0,31-45,0.99,0,Yes,Yes,Stayed
15814267,550,France,Male,22,6,"£154,377.30",1,1,1,"£51,721.52",0,18-30,2.98,0,Yes,Yes,Stayed
15614923,630,Spain,Male,41,7,"£107,511.52",1,0,1,"£46,156.87",0,31-45,2.33,0,No,Yes,Stayed
15579223,573,Germany,Male,30,8,"£127,406.50",1,1,0,"£192,950.60",0,18-30,0.66,0,Yes,No,Stayed
15651389,561,Spain,Male,24,8,"£143,656.55",1,0,1,"£180,932.46",0,18-30,0.79,0,No,Yes,Stayed
15677087,662,France,Female,39,5,"£138,106.75",1,0,0,"£19,596.73",0,31-45,7.05,0,No,No,Stayed
15665784,637,France,Male,27,9,"£128,940.24",1,1,0,"£46,786.92",0,18-30,2.76,0,Yes,No,Stayed
15576706,651,Germany,Male,37,9,"£114,453.58",1,0,1,"£175,820.91",0,31-45,0.65,0,No,Yes,Stayed
15615473,646,France,Female,33,2,£0.00,2,0,0,"£198,208.00",0,31-45,0,0,No,No,Stayed
15587299,567,France,Female,48,3,£0.00,1,1,0,"£55,362.45",0,46-60,0,0,Yes,No,Stayed
15655389,638,France,Male,41,1,"£131,762.94",1,1,1,"£47,675.29",0,31-45,2.76,0,Yes,Yes,Stayed
15784491,725,France,Female,31,6,£0.00,1,0,0,"£61,326.43",0,31-45,0,0,No,No,Stayed
15809999,709,France,Female,41,3,"£150,300.65",2,1,0,"£71,672.86",0,31-45,2.1,0,Yes,No,Stayed
15681115,787,Spain,Male,39,10,"£108,935.39",1,1,1,"£101,168.30",0,31-45,1.08,0,Yes,Yes,Stayed
15629390,653,France,Male,37,7,"£135,847.47",1,1,0,"£144,880.81",0,31-45,0.94,0,Yes,No,Stayed
15792668,661,Germany,Male,37,7,"£109,908.06",2,1,0,"£115,037.67",1,31-45,0.96,0,Yes,No,Churned
15583863,681,Germany,Male,49,8,"£142,946.18",1,0,0,"£187,280.51",1,46-60,0.76,0,No,No,Churned
15681878,436,Germany,Male,45,3,"£104,339.11",2,1,1,"£183,540.22",1,31-45,0.57,0,Yes,Yes,Churned
15782875,663,France,Male,33,5,"£157,274.36",2,1,1,"£28,531.81",0,31-45,5.51,0,Yes,Yes,Stayed
15732235,662,France,Male,64,0,"£98,848.19",1,0,1,"£42,730.12",0,60+,2.31,0,No,Yes,Stayed
15735909,607,Germany,Female,39,8,"£105,103.33",1,1,0,"£104,721.50",1,31-45,1,0,Yes,No,Churned
15653448,754,France,Male,34,7,£0.00,2,1,1,"£65,219.85",0,31-45,0,0,Yes,Yes,Stayed
15587647,850,Germany,Female,66,0,"£127,120.62",1,0,1,"£118,929.64",1,60+,1.07,0,No,Yes,Churned
15701037,578,France,Male,39,2,£0.00,2,1,0,"£70,563.90",0,31-45,0,0,Yes,No,Stayed
15727499,666,Germany,Female,36,3,"£129,118.50",2,0,0,"£139,435.12",0,31-45,0.93,0,No,No,Stayed
15724838,599,France,Female,43,4,£0.00,1,1,0,"£170,347.10",0,31-45,0,0,Yes,No,Stayed
15666711,586,France,Female,46,0,£0.00,3,0,1,"£131,553.82",1,46-60,0,1,No,Yes,Churned
15588933,825,France,Female,36,3,"£146,053.66",1,1,1,"£138,344.70",0,31-45,1.06,0,Yes,Yes,Stayed
15763111,808,Spain,Female,67,10,"£124,577.15",1,0,1,"£169,894.40",0,60+,0.73,0,No,Yes,Stayed
15805676,515,Spain,Male,29,4,"£151,012.55",2,1,0,"£9,770.97",0,18-30,15.46,0,Yes,No,Stayed
15586674,663,Spain,Female,58,5,"£216,109.88",1,0,1,"£74,176.71",1,46-60,2.91,0,No,Yes,Churned
15744553,444,France,Male,34,2,"£144,318.97",1,1,0,"£112,668.06",0,31-45,1.28,0,Yes,No,Stayed
15776629,650,France,Female,39,4,£0.00,2,0,0,"£186,275.70",0,31-45,0,0,No,No,Stayed
15647207,609,France,Male,26,7,£0.00,2,1,0,"£98,463.99",0,18-30,0,0,Yes,No,Stayed
15715638,824,Germany,Male,77,3,"£27,517.15",2,0,1,"£2,746.41",0,60+,10.02,0,No,Yes,Stayed
15750602,662,France,Male,29,5,"£147,092.65",1,1,0,"£10,928.30",0,18-30,13.46,0,Yes,No,Stayed
15766810,699,Germany,Female,51,2,"£92,246.14",2,0,1,"£91,346.03",0,46-60,1.01,0,No,Yes,Stayed
15756625,752,France,Female,41,8,£0.00,2,1,0,"£139,844.04",1,31-45,0,0,Yes,No,Churned
15639552,603,Germany,Female,40,8,"£148,897.02",1,0,0,"£105,052.90",0,31-45,1.42,0,No,No,Stayed
15633213,628,Spain,Male,50,8,£0.00,1,0,0,"£144,366.83",1,46-60,0,0,No,No,Churned
15610416,745,France,Female,36,9,£0.00,1,1,0,"£19,605.18",1,31-45,0,0,Yes,No,Churned
15715208,804,Germany,Female,33,10,"£138,335.96",1,1,1,"£80,483.76",0,31-45,1.72,0,Yes,Yes,Stayed
15619608,454,Germany,Female,50,10,"£92,895.56",1,1,0,"£154,344.00",1,46-60,0.6,0,Yes,No,Churned
15628697,631,Spain,Male,46,9,"£160,736.63",1,0,1,"£93,503.02",0,46-60,1.72,0,No,Yes,Stayed
15643826,503,France,Male,32,4,£0.00,2,1,1,"£153,036.97",0,31-45,0,0,Yes,Yes,Stayed
15718588,548,France,Female,37,9,£0.00,2,0,0,"£98,029.58",0,31-45,0,0,No,No,Stayed
15709741,668,France,Male,28,4,"£107,141.27",1,1,0,"£193,018.71",0,18-30,0.56,0,Yes,No,Stayed
15723318,619,France,Female,55,0,£0.00,3,0,0,"£60,810.64",1,46-60,0,1,No,No,Churned
15717328,842,France,Female,37,4,"£132,446.08",2,1,0,"£87,071.18",1,31-45,1.52,0,Yes,No,Churned
15771299,707,France,Female,57,1,"£92,053.00",1,1,1,"£164,064.44",1,46-60,0.56,0,Yes,Yes,Churned
15706223,715,Spain,Male,38,2,"£96,798.79",2,1,1,"£4,554.67",0,31-45,21.25,0,Yes,Yes,Stayed
15612358,573,Germany,Male,35,9,"£134,498.54",2,1,1,"£119,924.80",0,31-45,1.12,0,Yes,Yes,Stayed
15769191,509,France,Male,55,8,"£132,387.91",2,1,1,"£170,360.11",0,46-60,0.78,0,Yes,Yes,Stayed
15618816,670,Germany,Female,40,2,"£147,171.20",1,0,1,"£69,850.04",0,31-45,2.11,0,No,Yes,Stayed
15730810,613,Spain,Male,44,9,"£100,524.69",1,1,1,"£47,298.95",0,31-45,2.13,0,Yes,Yes,Stayed
15783463,678,France,Female,26,1,£0.00,2,1,0,"£45,443.68",0,18-30,0,0,Yes,No,Stayed
15616213,555,Germany,Female,51,9,"£138,214.50",1,1,0,"£198,715.27",1,46-60,0.7,0,Yes,No,Churned
15611287,777,France,Female,30,4,£0.00,2,0,1,"£115,611.97",0,18-30,0,0,No,Yes,Stayed
15786454,552,Spain,Male,55,3,£0.00,1,1,1,"£40,333.94",0,46-60,0,0,Yes,Yes,Stayed
15768682,640,Spain,Male,39,3,£0.00,1,1,1,"£105,997.25",0,31-45,0,0,Yes,Yes,Stayed
15766172,541,France,Male,34,3,"£128,743.55",1,1,0,"£134,851.12",0,31-45,0.95,0,Yes,No,Stayed
15637646,756,France,Male,31,10,"£122,647.32",1,0,0,"£61,666.87",0,31-45,1.99,0,No,No,Stayed
15653404,684,Spain,Female,24,9,"£79,263.90",1,0,1,"£196,574.48",0,18-30,0.4,0,No,Yes,Stayed
15690546,618,France,Female,42,2,£0.00,4,0,0,"£111,097.39",1,31-45,0,1,No,No,Churned
15735636,604,France,Female,53,2,"£121,389.78",1,1,1,"£48,201.64",1,46-60,2.52,0,Yes,Yes,Churned
15605424,624,Spain,Male,38,7,"£123,906.55",1,1,0,"£135,096.78",0,31-45,0.92,0,Yes,No,Stayed
15568449,661,Spain,Male,38,7,"£143,006.70",1,1,1,"£15,650.89",0,31-45,9.14,0,Yes,Yes,Stayed
15688085,627,Spain,Female,28,3,"£157,597.61",1,0,1,"£34,097.22",0,18-30,4.62,0,No,Yes,Stayed
15683483,812,Spain,Male,38,3,"£127,117.80",2,1,1,"£174,822.74",0,31-45,0.73,0,Yes,Yes,Stayed
15659567,473,France,Female,39,9,"£117,103.26",2,1,1,"£85,937.52",1,31-45,1.36,0,Yes,Yes,Churned
15766667,717,Spain,Male,36,2,"£102,989.83",2,0,1,"£49,185.57",0,31-45,2.09,0,No,Yes,Stayed
15624975,693,Spain,Male,28,1,"£145,118.83",1,0,1,"£77,742.38",0,18-30,1.87,0,No,Yes,Stayed
15660878,705,France,Male,92,1,"£126,076.24",2,1,1,"£34,436.83",0,60+,3.66,0,Yes,Yes,Stayed
15586557,661,France,Male,41,5,£0.00,1,0,1,"£88,279.60",0,31-45,0,0,No,Yes,Stayed
15746183,573,France,Female,27,4,£0.00,2,1,1,"£157,549.60",0,18-30,0,0,Yes,Yes,Stayed
15631457,639,France,Male,37,5,"£98,186.70",1,0,1,"£173,386.95",0,31-45,0.57,0,No,Yes,Stayed
15754053,718,France,Female,67,7,£0.00,3,1,1,"£82,782.08",0,60+,0,1,Yes,Yes,Stayed
15645839,570,France,Male,37,6,£0.00,1,1,1,"£187,758.50",0,31-45,0,0,Yes,Yes,Stayed
15689955,461,France,Female,40,7,£0.00,2,1,0,"£176,547.80",0,31-45,0,0,Yes,No,Stayed
15593510,638,Germany,Female,33,5,"£129,335.65",1,1,1,"£56,585.20",1,31-45,2.29,0,Yes,Yes,Churned
15654964,608,Spain,Male,48,7,"£75,801.74",1,1,0,"£125,762.95",0,46-60,0.6,0,Yes,No,Stayed
15594039,599,Spain,Male,42,6,£0.00,2,1,0,"£113,868.40",0,31-45,0,0,Yes,No,Stayed
15625929,762,France,Female,44,7,"£159,316.64",1,0,0,"£24,780.13",0,31-45,6.43,0,No,No,Stayed
15815295,662,France,Female,38,2,"£96,479.81",1,1,0,"£120,259.41",0,31-45,0.8,0,Yes,No,Stayed
15621818,747,Germany,Male,29,7,"£117,726.33",1,1,1,"£175,398.34",0,18-30,0.67,0,Yes,Yes,Stayed
15652700,539,France,Male,39,6,£0.00,2,1,1,"£86,767.48",0,31-45,0,0,Yes,Yes,Stayed
15636860,625,France,Male,43,4,"£122,351.29",1,1,0,"£71,216.60",0,31-45,1.72,0,Yes,No,Stayed
15569432,656,France,Female,48,9,£0.00,2,1,1,"£85,240.61",1,46-60,0,0,Yes,Yes,Churned
15751455,469,France,Female,48,5,£0.00,1,1,0,"£160,529.71",1,46-60,0,0,Yes,No,Churned
15800583,621,Spain,Female,43,8,£0.00,1,0,0,"£102,806.60",0,31-45,0,0,No,No,Stayed
15770214,754,France,Female,27,7,£0.00,2,1,0,"£144,134.64",0,18-30,0,0,Yes,No,Stayed
15613463,679,Germany,Female,50,6,"£132,598.38",2,1,1,"£184,017.98",0,46-60,0.72,0,Yes,Yes,Stayed
15587066,535,France,Male,38,2,"£119,272.29",1,0,0,"£195,896.59",1,31-45,0.61,0,No,No,Churned
15693752,487,France,Male,37,2,£0.00,2,1,1,"£126,722.57",0,31-45,0,0,Yes,Yes,Stayed
15714874,850,France,Female,42,3,£0.00,2,1,1,"£176,883.42",0,31-45,0,0,Yes,Yes,Stayed
15657809,585,France,Male,55,10,"£106,415.57",3,1,1,"£122,960.98",1,46-60,0.87,1,Yes,Yes,Churned
15651955,603,France,Male,31,4,£0.00,2,0,1,"£9,607.10",0,31-45,0,0,No,Yes,Stayed
15570912,728,Germany,Female,32,9,"£127,772.10",2,1,1,"£152,643.48",0,31-45,0.84,0,Yes,Yes,Stayed
15640266,621,Spain,Male,41,5,"£104,631.67",1,1,1,"£95,551.22",0,31-45,1.1,0,Yes,Yes,Stayed
15652069,833,France,Male,30,1,£0.00,2,1,0,"£141,860.62",0,18-30,0,0,Yes,No,Stayed
15596074,502,France,Male,37,10,£0.00,1,1,1,"£76,642.68",0,31-45,0,0,Yes,Yes,Stayed
15800268,825,Germany,Male,37,6,"£118,050.79",1,0,1,"£52,301.15",0,31-45,2.26,0,No,Yes,Stayed
15809847,668,France,Male,46,0,£0.00,2,0,0,"£29,388.02",0,46-60,0,0,No,No,Stayed
15599074,487,Spain,Female,40,6,"£136,093.74",1,0,1,"£193,408.43",0,31-45,0.7,0,No,Yes,Stayed
15599591,600,Germany,Female,39,7,"£88,477.36",2,1,0,"£58,632.37",0,31-45,1.51,0,Yes,No,Stayed
15776096,606,Spain,Male,34,3,"£161,572.24",1,0,1,"£191,076.22",0,31-45,0.85,0,No,Yes,Stayed
15611669,623,Germany,Male,50,7,"£126,608.37",1,0,1,£645.61,1,46-60,196.11,0,No,Yes,Churned
15694098,575,France,Female,54,9,"£68,332.96",1,1,1,"£144,390.75",0,46-60,0.47,0,Yes,Yes,Stayed
15713347,577,Spain,Male,48,6,"£179,852.26",1,1,0,"£193,580.32",0,46-60,0.93,0,Yes,No,Stayed
15713094,651,France,Female,25,8,£0.00,2,1,1,"£126,761.20",0,18-30,0,0,Yes,Yes,Stayed
15811978,693,Germany,Male,46,2,"£104,763.41",1,1,1,"£62,368.33",0,46-60,1.68,0,Yes,Yes,Stayed
15799925,800,France,Male,60,6,"£88,541.57",2,1,1,"£131,718.12",0,46-60,0.67,0,Yes,Yes,Stayed
15692575,760,France,Male,38,6,"£162,888.73",1,1,0,"£91,098.76",1,31-45,1.79,0,Yes,No,Churned
15743149,711,France,Female,35,8,£0.00,1,1,1,"£67,508.01",0,31-45,0,0,Yes,Yes,Stayed
15776947,637,Spain,Male,43,8,£0.00,1,1,0,"£12,156.93",1,31-45,0,0,Yes,No,Churned
15700656,662,France,Male,32,9,£0.00,2,0,0,"£65,089.38",0,31-45,0,0,No,No,Stayed
15594515,568,France,Female,44,7,£0.00,2,0,0,"£62,370.67",1,31-45,0,0,No,No,Churned
15787884,692,France,Female,30,7,£0.00,2,1,1,"£18,826.34",0,18-30,0,0,Yes,Yes,Stayed
15577988,614,France,Female,35,1,£0.00,2,1,1,"£3,342.62",0,31-45,0,0,Yes,Yes,Stayed
15795586,478,France,Male,35,1,"£92,474.05",1,1,0,"£178,626.07",0,31-45,0.52,0,Yes,No,Stayed
15677739,562,France,Male,36,6,£0.00,2,1,0,"£32,845.32",0,31-45,0,0,Yes,No,Stayed
15720134,709,Germany,Male,30,9,"£115,479.48",2,1,1,"£134,732.99",0,18-30,0.86,0,Yes,Yes,Stayed
15688868,684,France,Female,26,5,"£87,098.91",1,0,0,"£106,095.82",0,18-30,0.82,0,No,No,Stayed
15642996,546,Germany,Female,42,9,"£86,351.85",2,1,0,"£57,380.13",0,31-45,1.5,0,Yes,No,Stayed
15771222,779,France,Female,42,5,£0.00,2,0,0,"£25,951.91",0,31-45,0,0,No,No,Stayed
15605059,576,Germany,Male,63,3,"£148,843.56",1,1,0,"£69,414.13",1,60+,2.14,0,Yes,No,Churned
15568088,481,Germany,Male,44,3,"£163,714.52",1,1,0,"£96,123.72",0,31-45,1.7,0,Yes,No,Stayed
15665943,445,France,Male,25,6,£0.00,2,1,0,"£119,425.94",0,18-30,0,0,Yes,No,Stayed
15795571,606,Spain,Male,36,0,"£94,153.56",1,0,1,"£120,138.27",0,31-45,0.78,0,No,Yes,Stayed
15662243,559,France,Male,50,5,"£162,702.35",1,0,0,"£150,548.50",1,46-60,1.08,0,No,No,Churned
15593128,608,France,Female,56,10,"£129,255.20",2,1,0,"£142,492.04",1,46-60,0.91,0,Yes,No,Churned
15589739,698,France,Male,41,3,"£90,605.29",1,1,1,"£14,357.00",0,31-45,6.31,0,Yes,Yes,Stayed
15787602,568,Spain,Male,39,5,£0.00,2,1,1,"£129,569.92",0,31-45,0,0,Yes,Yes,Stayed
15685019,528,France,Male,29,3,"£102,787.42",1,1,0,"£55,972.56",0,18-30,1.84,0,Yes,No,Stayed
15704209,802,France,Female,39,7,"£120,145.96",2,0,1,"£59,497.01",1,31-45,2.02,0,No,Yes,Churned
15605264,669,Germany,Male,47,0,"£63,723.78",2,1,1,"£181,928.25",0,46-60,0.35,0,Yes,Yes,Stayed
15708265,581,Spain,Female,24,10,"£159,203.71",1,1,1,"£102,517.83",1,18-30,1.55,0,Yes,Yes,Churned
15740264,640,France,Male,38,9,£0.00,2,1,0,"£88,827.67",0,31-45,0,0,Yes,No,Stayed
15615477,529,Spain,Female,44,1,£0.00,2,0,0,"£14,161.30",0,31-45,0,0,No,No,Stayed
15727361,547,France,Female,51,1,£0.00,2,1,1,"£56,908.41",0,46-60,0,0,Yes,Yes,Stayed
15760216,718,France,Female,49,10,£0.00,1,1,0,"£184,474.72",1,46-60,0,0,Yes,No,Churned
15806134,707,Germany,Male,34,9,"£162,691.16",2,1,0,"£94,912.78",0,31-45,1.71,0,Yes,No,Stayed
15601351,735,France,Male,43,9,"£127,806.91",1,1,1,"£73,069.59",0,31-45,1.75,0,Yes,Yes,Stayed
15669262,765,France,Male,43,9,"£157,960.49",2,0,0,"£136,602.80",0,31-45,1.16,0,No,No,Stayed
15696989,469,Germany,Female,52,8,"£139,493.25",3,0,0,"£150,093.32",1,46-60,0.93,1,No,No,Churned
15688498,594,Germany,Female,21,2,"£87,096.82",2,1,0,"£168,186.11",0,18-30,0.52,0,Yes,No,Stayed
15686964,675,France,Female,34,10,"£84,944.58",1,0,0,"£146,230.63",0,31-45,0.58,0,No,No,Stayed
15625035,703,France,Male,50,8,"£160,139.59",2,1,1,"£79,314.10",0,46-60,2.02,0,Yes,Yes,Stayed
15618391,810,France,Male,33,6,£0.00,2,1,1,"£77,965.67",0,31-45,0,0,Yes,Yes,Stayed
15591344,715,Spain,Male,42,6,£0.00,2,1,1,"£128,745.69",0,31-45,0,0,Yes,Yes,Stayed
15605455,664,France,Male,40,9,£0.00,2,1,0,"£194,767.30",0,31-45,0,0,Yes,No,Stayed
15680804,850,France,Male,29,6,£0.00,2,1,1,"£10,672.54",0,18-30,0,0,Yes,Yes,Stayed
15768282,724,Germany,Male,36,6,"£94,615.11",2,1,1,"£10,627.21",0,31-45,8.9,0,Yes,Yes,Stayed
15685826,563,France,Male,30,7,"£90,727.79",1,1,0,"£122,268.75",0,18-30,0.74,0,Yes,No,Stayed
15793491,714,Germany,Male,26,3,"£119,545.48",2,1,0,"£65,482.94",0,18-30,1.83,0,Yes,No,Stayed
15797787,614,France,Male,36,1,"£118,311.76",1,1,0,"£146,134.68",0,31-45,0.81,0,Yes,No,Stayed
15611171,740,France,Male,33,1,"£129,574.98",1,1,1,"£123,300.38",0,31-45,1.05,0,Yes,Yes,Stayed
15601627,587,France,Male,33,8,"£148,163.57",1,0,0,"£122,925.40",0,31-45,1.21,0,No,No,Stayed
15734085,465,Germany,Male,24,5,"£117,154.90",1,1,1,"£127,744.02",0,18-30,0.92,0,Yes,Yes,Stayed
15809309,689,Spain,Female,40,5,"£154,251.67",1,0,1,"£118,319.50",0,31-45,1.3,0,No,Yes,Stayed
15809462,656,France,Male,30,3,£0.00,2,0,1,"£17,104.00",0,18-30,0,0,No,Yes,Stayed
15634628,579,France,Female,33,1,"£65,667.79",2,0,0,"£164,608.98",0,31-45,0.4,0,No,No,Stayed
15775678,716,France,Female,44,1,£0.00,1,1,1,"£152,108.47",0,31-45,0,0,Yes,Yes,Stayed
15579526,551,France,Male,42,1,"£50,194.59",1,1,1,"£23,399.58",0,31-45,2.15,0,Yes,Yes,Stayed
15779103,527,Germany,Female,39,9,"£96,748.89",2,1,0,"£94,711.43",0,31-45,1.02,0,Yes,No,Stayed
15738715,600,France,Female,37,4,£0.00,3,1,0,"£7,312.25",1,31-45,0,1,Yes,No,Churned
15593943,685,France,Female,43,1,"£132,667.17",1,1,1,"£41,876.98",0,31-45,3.17,0,Yes,Yes,Stayed
15754574,738,Spain,Male,36,5,£0.00,2,1,1,"£96,881.32",0,31-45,0,0,Yes,Yes,Stayed
15737814,622,France,Male,41,2,"£127,087.06",1,1,0,"£102,402.91",1,31-45,1.24,0,Yes,No,Churned
15670889,528,France,Male,34,1,"£125,566.90",1,1,1,"£176,763.27",0,31-45,0.71,0,Yes,Yes,Stayed
15629299,546,Germany,Female,52,1,"£106,074.89",1,1,1,"£23,548.45",1,46-60,4.5,0,Yes,Yes,Churned
15771569,576,Germany,Male,46,4,"£137,367.94",1,1,1,"£33,450.11",0,46-60,4.11,0,Yes,Yes,Stayed
15811927,733,France,Female,38,3,"£157,658.36",1,0,0,"£19,658.43",0,31-45,8.02,0,No,No,Stayed
15785654,727,Germany,Male,45,6,"£114,422.85",2,1,1,"£104,678.78",1,31-45,1.09,0,Yes,Yes,Churned
15665524,605,Spain,Male,41,5,"£103,154.66",1,0,0,"£143,203.78",0,31-45,0.72,0,No,No,Stayed
15736287,586,France,Male,33,9,£0.00,1,1,0,"£6,975.02",0,31-45,0,0,Yes,No,Stayed
15765732,564,Spain,Female,24,6,"£149,592.14",1,1,1,"£153,771.80",0,18-30,0.97,0,Yes,Yes,Stayed
15797381,593,Germany,Female,48,3,"£133,903.12",2,1,1,"£85,902.39",1,46-60,1.56,0,Yes,Yes,Churned
15598536,736,Germany,Female,26,0,"£84,587.90",1,0,1,"£188,037.76",0,18-30,0.45,0,No,Yes,Stayed
15664506,675,Spain,Male,32,8,"£197,436.82",1,1,1,"£52,710.70",0,31-45,3.75,0,Yes,Yes,Stayed
15575619,656,Spain,Female,32,1,"£104,254.27",1,1,1,"£17,034.37",0,31-45,6.12,0,Yes,Yes,Stayed
15587394,462,France,Male,39,4,"£140,133.08",2,0,0,"£131,304.45",0,31-45,1.07,0,No,No,Stayed
15654457,685,Spain,Female,30,2,£0.00,3,1,1,"£172,576.43",1,18-30,0,1,Yes,Yes,Churned
15762793,850,Germany,Female,36,0,"£136,980.23",2,1,1,"£99,019.65",0,31-45,1.38,0,Yes,Yes,Stayed
15658067,636,Germany,Female,48,3,"£120,568.41",1,1,0,"£190,160.04",1,46-60,0.63,0,Yes,No,Churned
15642816,850,France,Female,27,7,"£43,658.33",2,1,1,"£3,025.49",0,18-30,14.43,0,Yes,Yes,Stayed
15693088,628,France,Female,37,9,£0.00,2,1,1,"£34,689.77",0,31-45,0,0,Yes,Yes,Stayed
15793883,798,France,Male,28,3,£0.00,2,1,0,"£2,305.27",0,18-30,0,0,Yes,No,Stayed
15665283,610,France,Female,57,7,"£72,092.95",4,0,1,"£113,228.82",1,46-60,0.64,1,No,Yes,Churned
15680421,591,France,Female,42,10,£0.00,2,0,0,"£171,099.22",0,31-45,0,0,No,No,Stayed
15695148,614,Spain,Female,37,9,£0.00,2,1,1,"£62,023.10",0,31-45,0,0,Yes,Yes,Stayed
15636592,651,France,Male,35,0,"£181,821.96",2,0,1,"£36,923.67",1,31-45,4.92,0,No,Yes,Churned
15772618,665,France,Male,25,7,"£90,920.75",1,0,1,"£112,256.57",0,18-30,0.81,0,No,Yes,Stayed
15724453,570,France,Male,23,2,£0.00,1,0,0,"£198,830.98",0,18-30,0,0,No,No,Stayed
15565878,631,Spain,Male,29,3,£0.00,2,1,1,"£197,963.46",0,18-30,0,0,Yes,Yes,Stayed
15609160,586,France,Male,32,1,£0.00,2,0,0,"£31,635.99",0,31-45,0,0,No,No,Stayed
15678460,691,France,Male,30,9,£0.00,1,1,0,"£49,594.02",0,18-30,0,0,Yes,No,Stayed
15662571,639,France,Male,35,8,£0.00,2,1,0,"£170,483.90",0,31-45,0,0,Yes,No,Stayed
15606849,698,France,Female,27,1,"£94,920.71",1,1,1,"£40,339.90",0,18-30,2.35,0,Yes,Yes,Stayed
15670738,733,Germany,Male,45,2,"£113,939.36",2,1,0,"£3,218.71",0,31-45,35.4,0,Yes,No,Stayed
15662641,850,France,Male,19,8,£0.00,1,1,1,"£68,569.89",0,18-30,0,0,Yes,Yes,Stayed
15727539,618,France,Female,31,4,£0.00,2,1,0,"£29,176.04",0,31-45,0,0,Yes,No,Stayed
15651020,473,France,Female,25,6,"£110,666.42",2,0,0,"£46,758.42",0,18-30,2.37,0,No,No,Stayed
15673877,490,France,Male,39,1,£0.00,3,1,0,"£171,060.01",1,31-45,0,1,Yes,No,Churned
15760865,754,Germany,Female,48,7,"£141,819.02",1,1,0,"£93,550.53",1,46-60,1.52,0,Yes,No,Churned
15705009,649,France,Female,56,8,"£156,974.26",1,1,0,"£89,405.26",1,46-60,1.76,0,Yes,No,Churned
15657540,578,France,Male,50,5,"£151,215.34",2,1,0,"£169,804.40",0,46-60,0.89,0,Yes,No,Stayed
15707441,690,Spain,Male,26,8,"£116,318.23",1,1,1,"£83,253.05",0,18-30,1.4,0,Yes,Yes,Stayed
15694765,610,Germany,Male,49,6,"£113,882.33",1,1,0,"£195,813.81",1,46-60,0.58,0,Yes,No,Churned
15649086,596,France,Male,42,7,£0.00,2,1,1,"£121,568.37",0,31-45,0,0,Yes,Yes,Stayed
15650488,492,France,Female,48,6,"£127,253.98",1,1,1,"£92,144.09",1,46-60,1.38,0,Yes,Yes,Churned
15760924,575,Spain,Male,41,2,"£100,062.39",1,0,0,"£126,307.25",0,31-45,0.79,0,No,No,Stayed
15700263,569,France,Male,66,2,£0.00,1,1,0,"£130,784.20",1,60+,0,0,Yes,No,Churned
15806922,674,Spain,Female,41,4,"£126,605.14",1,1,1,"£166,694.93",0,31-45,0.76,0,Yes,Yes,Stayed
15637522,507,France,Female,31,0,"£106,942.08",1,0,1,"£44,001.11",0,31-45,2.43,0,No,Yes,Stayed
15636548,457,Spain,Male,44,7,£0.00,2,0,0,"£185,992.36",0,31-45,0,0,No,No,Stayed
15566891,584,Germany,Female,41,3,"£88,594.93",1,1,0,"£178,997.89",0,31-45,0.49,0,Yes,No,Stayed
15627185,744,Germany,Male,29,6,"£123,737.04",2,1,0,"£141,558.04",0,18-30,0.87,0,Yes,No,Stayed
15754012,687,France,Female,35,1,"£110,752.15",2,1,1,"£47,921.22",0,31-45,2.31,0,Yes,Yes,Stayed
15627514,688,Spain,Female,46,3,£0.00,2,0,1,"£104,902.68",0,46-60,0,0,No,Yes,Stayed
15661433,519,France,Male,34,5,£0.00,1,1,0,"£68,479.60",0,31-45,0,0,Yes,No,Stayed
15610653,733,Spain,Female,38,5,£0.00,2,1,1,"£1,271.51",0,31-45,0,0,Yes,Yes,Stayed
15667002,666,Spain,Male,43,5,£0.00,2,1,0,"£29,346.10",0,31-45,0,0,Yes,No,Stayed
15709199,511,Spain,Female,40,1,£0.00,1,1,1,"£184,118.73",0,31-45,0,0,Yes,Yes,Stayed
15710087,705,Germany,Female,54,3,"£125,889.30",3,1,0,"£96,013.50",1,46-60,1.31,1,Yes,No,Churned
15679884,544,France,Male,48,10,"£78,314.63",3,1,1,"£103,713.93",1,46-60,0.76,1,Yes,Yes,Churned
15784180,564,France,Female,36,7,"£206,329.65",1,1,1,"£46,632.87",1,31-45,4.42,0,Yes,Yes,Churned
15808849,702,France,Male,40,7,"£145,536.90",1,0,1,"£135,334.24",0,31-45,1.08,0,No,Yes,Stayed
15751549,658,Germany,Male,31,2,"£77,082.65",2,0,0,"£13,482.28",0,31-45,5.72,0,No,No,Stayed
15588235,654,France,Female,24,8,"£145,081.73",1,1,1,"£130,075.07",0,18-30,1.12,0,Yes,Yes,Stayed
15640418,649,Germany,Female,41,4,"£115,897.73",1,1,0,"£143,544.48",0,31-45,0.81,0,Yes,No,Stayed
15721116,597,Spain,Male,24,0,"£108,058.07",2,1,1,"£187,826.11",0,18-30,0.58,0,Yes,Yes,Stayed
15599084,782,France,Male,33,7,"£191,523.09",1,1,1,"£167,058.75",0,31-45,1.15,0,Yes,Yes,Stayed
15773394,644,France,Male,38,3,£0.00,2,1,1,"£79,928.41",0,31-45,0,0,Yes,Yes,Stayed
15625713,679,Spain,Female,39,7,"£91,187.90",1,0,1,"£6,075.36",0,31-45,15.01,0,No,Yes,Stayed
15766417,678,France,Female,60,2,£0.00,2,1,1,"£43,821.56",0,46-60,0,0,Yes,Yes,Stayed
15622578,806,France,Male,34,5,"£113,958.55",1,0,1,"£32,125.98",0,31-45,3.55,0,No,Yes,Stayed
15799924,668,Spain,Male,43,1,"£147,167.25",1,0,0,"£141,679.73",0,31-45,1.04,0,No,No,Stayed
15618363,659,Germany,Male,29,9,"£82,916.48",1,1,1,"£84,133.48",0,18-30,0.99,0,Yes,Yes,Stayed
15637138,660,France,Male,34,1,£0.00,2,1,0,"£9,692.58",0,31-45,0,0,Yes,No,Stayed
15781665,601,France,Female,37,5,£0.00,1,0,0,"£20,708.60",0,31-45,0,0,No,No,Stayed
15804853,781,France,Female,48,0,"£57,098.96",1,1,0,"£85,644.06",1,46-60,0.67,0,Yes,No,Churned
15651627,628,Germany,Male,39,1,"£115,341.19",1,1,1,"£107,674.30",1,31-45,1.07,0,Yes,Yes,Churned
15680685,751,France,Male,30,3,"£165,257.20",1,0,0,"£134,822.05",0,18-30,1.23,0,No,No,Stayed
15808930,531,France,Female,37,1,£0.00,1,1,0,"£4,606.97",0,31-45,0,0,Yes,No,Stayed
15570970,647,France,Female,42,9,£0.00,2,1,1,"£51,362.82",0,31-45,0,0,Yes,Yes,Stayed
15679961,708,Spain,Male,46,7,"£68,799.72",1,1,1,"£39,704.14",0,46-60,1.73,0,Yes,Yes,Stayed
15705458,550,Spain,Male,39,2,"£116,120.19",2,1,1,"£195,638.13",0,31-45,0.59,0,Yes,Yes,Stayed
15750396,670,France,Male,33,1,£0.00,2,1,1,"£86,413.11",0,31-45,0,0,Yes,Yes,Stayed
15679928,592,France,Female,31,2,"£84,102.11",2,0,1,"£116,385.24",0,31-45,0.72,0,No,Yes,Stayed
15711181,589,France,Female,50,4,£0.00,2,0,1,"£182,076.97",0,46-60,0,0,No,Yes,Stayed
15698324,725,France,Female,33,4,£0.00,1,1,1,"£67,879.80",0,31-45,0,0,Yes,Yes,Stayed
15807433,570,France,Female,43,9,£0.00,2,0,1,"£11,417.26",0,31-45,0,0,No,Yes,Stayed
15636590,575,France,Male,46,1,£0.00,2,1,1,"£65,998.26",0,46-60,0,0,Yes,Yes,Stayed
15628950,501,Germany,Male,25,6,"£104,013.79",1,1,0,"£114,774.35",0,18-30,0.91,0,Yes,No,Stayed
15617206,431,Germany,Male,42,8,"£120,822.86",2,1,0,"£126,153.24",0,31-45,0.96,0,Yes,No,Stayed
15603741,719,Spain,Male,40,4,"£128,389.12",1,1,1,"£176,091.31",0,31-45,0.73,0,Yes,Yes,Stayed
15742607,850,Germany,Male,36,7,"£102,800.72",1,1,1,"£87,352.43",0,31-45,1.18,0,Yes,Yes,Stayed
15747821,554,Germany,Female,31,6,"£135,470.90",1,1,0,"£107,074.81",0,31-45,1.27,0,Yes,No,Stayed
15612043,418,France,Male,36,7,"£90,145.04",1,1,1,"£69,157.93",0,31-45,1.3,0,Yes,Yes,Stayed
15809558,715,Spain,Male,31,7,£0.00,1,1,1,"£149,970.59",0,31-45,0,0,Yes,Yes,Stayed
15803750,750,Spain,Female,33,3,"£161,801.47",1,0,1,"£153,288.97",1,31-45,1.06,0,No,Yes,Churned
15704681,766,Germany,Male,37,2,"£99,660.13",2,0,1,"£147,700.78",0,31-45,0.67,0,No,Yes,Stayed
15667392,652,Spain,Female,38,6,"£123,081.84",2,1,1,"£188,657.97",0,31-45,0.65,0,Yes,Yes,Stayed
15738889,658,France,Male,42,8,"£102,870.93",1,0,1,"£103,764.55",1,31-45,0.99,0,No,Yes,Churned
15598838,659,France,Female,37,1,"£151,105.68",1,1,1,"£140,934.57",0,31-45,1.07,0,Yes,Yes,Stayed
15579109,574,Germany,Male,35,5,"£163,856.76",1,1,1,"£15,118.20",0,31-45,10.84,0,Yes,Yes,Stayed
15799042,611,France,Male,38,7,£0.00,1,1,1,"£63,202.00",0,31-45,0,0,Yes,Yes,Stayed
15697042,738,Spain,Male,35,8,"£127,290.61",1,1,0,"£16,081.62",0,31-45,7.92,0,Yes,No,Stayed
15696605,571,France,Male,49,4,"£180,614.04",1,0,0,£523.00,0,46-60,345.34,0,No,No,Stayed
15802274,686,France,Female,44,7,"£55,053.62",1,1,0,"£181,757.19",0,31-45,0.3,0,Yes,No,Stayed
15596808,679,Spain,Male,33,4,"£96,110.22",1,1,0,"£1,173.23",0,31-45,81.92,0,Yes,No,Stayed
15705403,617,Spain,Female,46,3,"£106,521.49",1,0,1,"£86,587.37",0,46-60,1.23,0,No,Yes,Stayed
15732903,673,France,Male,39,7,"£82,255.51",2,1,0,"£109,545.56",0,31-45,0.75,0,Yes,No,Stayed
15581968,745,France,Female,33,1,£0.00,2,1,1,"£174,431.01",0,31-45,0,0,Yes,Yes,Stayed
15683892,677,Germany,Female,26,3,"£102,395.79",1,1,0,"£119,368.99",0,18-30,0.86,0,Yes,No,Stayed
15595447,613,Spain,Male,39,8,"£118,201.41",1,1,0,"£23,315.59",0,31-45,5.07,0,Yes,No,Stayed
15569249,576,France,Female,55,6,"£44,582.07",3,0,1,"£67,539.85",1,46-60,0.66,1,No,Yes,Churned
15656188,584,Spain,Female,30,5,£0.00,2,1,1,"£185,201.58",0,18-30,0,0,Yes,Yes,Stayed
15689661,663,France,Male,22,6,£0.00,2,0,1,"£131,827.15",0,18-30,0,0,No,Yes,Stayed
15644934,466,France,Male,26,9,"£105,522.06",1,1,0,"£10,842.46",0,18-30,9.73,0,Yes,No,Stayed
15721793,510,Germany,Female,50,7,"£123,936.54",1,1,1,"£23,768.01",0,46-60,5.21,0,Yes,Yes,Stayed
15687413,619,Spain,Female,38,6,£0.00,2,1,1,"£117,616.29",0,31-45,0,0,Yes,Yes,Stayed
15761286,696,Germany,Female,66,7,"£119,499.42",2,1,1,"£174,027.30",0,60+,0.69,0,Yes,Yes,Stayed
15658240,554,France,Female,44,9,"£135,814.70",2,0,0,"£115,091.38",0,31-45,1.18,0,No,No,Stayed
15706232,595,France,Male,52,9,£0.00,1,1,1,"£106,340.66",1,46-60,0,0,Yes,Yes,Churned
15583394,659,Germany,Male,39,8,"£106,259.63",2,1,1,"£198,103.32",0,31-45,0.54,0,Yes,Yes,Stayed
15715643,662,France,Male,44,8,£0.00,2,1,1,"£175,314.87",0,31-45,0,0,Yes,Yes,Stayed
15644856,556,Spain,Male,38,2,"£115,463.16",1,1,0,"£150,679.65",0,31-45,0.77,0,Yes,No,Stayed
15785488,701,Spain,Female,39,9,£0.00,2,1,1,"£110,043.88",0,31-45,0,0,Yes,Yes,Stayed
15711571,587,Spain,Male,42,5,"£120,233.83",1,1,0,"£194,890.33",0,31-45,0.62,0,Yes,No,Stayed
15778604,571,France,Female,47,7,£0.00,2,0,0,"£112,366.98",0,46-60,0,0,No,No,Stayed
15751180,539,France,Female,40,7,"£81,132.21",1,1,0,"£167,289.82",0,31-45,0.48,0,Yes,No,Stayed
15748360,644,Germany,Female,34,10,"£122,196.99",2,1,1,"£182,099.71",0,31-45,0.67,0,Yes,Yes,Stayed
15770039,572,Germany,Male,39,4,"£112,290.22",1,1,0,"£49,373.97",1,31-45,2.27,0,Yes,No,Churned
15685096,753,France,Female,50,4,£0.00,2,1,1,£861.40,0,46-60,0,0,Yes,Yes,Stayed
15669501,706,France,Male,35,5,£0.00,2,1,1,"£81,718.37",0,31-45,0,0,Yes,Yes,Stayed
15622631,588,France,Male,44,8,"£154,409.74",1,1,0,"£49,324.03",1,31-45,3.13,0,Yes,No,Churned
15586699,825,France,Male,32,9,£0.00,2,0,0,"£9,751.03",0,31-45,0,0,No,No,Stayed
15702377,627,Spain,Male,48,1,"£132,759.80",1,1,0,"£78,899.22",0,46-60,1.68,0,Yes,No,Stayed
15577170,532,France,Male,60,5,"£76,705.87",2,0,1,"£13,889.73",0,46-60,5.52,0,No,Yes,Stayed
15769451,764,France,Female,44,1,£0.00,2,1,1,"£11,467.38",0,31-45,0,0,Yes,Yes,Stayed
15811877,700,France,Female,36,4,£0.00,2,1,0,"£130,789.15",0,31-45,0,0,Yes,No,Stayed
15648725,660,France,Male,41,3,£0.00,2,1,1,"£108,665.89",0,31-45,0,0,Yes,Yes,Stayed
15752801,518,Germany,Male,29,9,"£125,961.74",2,1,0,"£160,303.08",1,18-30,0.79,0,Yes,No,Churned
15808175,557,France,Female,39,7,"£49,572.73",1,1,0,"£115,287.99",1,31-45,0.43,0,Yes,No,Churned
15681342,639,France,Female,35,1,"£103,015.12",2,1,1,"£139,094.12",0,31-45,0.74,0,Yes,Yes,Stayed
15589210,557,France,Female,24,4,£0.00,1,0,0,"£20,515.72",0,18-30,0,0,No,No,Stayed
15696826,633,France,Female,32,1,"£104,001.38",1,0,1,"£36,642.65",0,31-45,2.84,0,No,Yes,Stayed
15614962,623,Spain,Female,50,2,"£87,116.71",1,1,1,"£104,382.11",0,46-60,0.83,0,Yes,Yes,Stayed
15689061,611,France,Male,68,5,"£82,547.11",2,1,1,"£146,448.01",0,60+,0.56,0,Yes,Yes,Stayed
15640074,666,Spain,Female,47,5,£0.00,1,0,0,"£166,650.90",1,46-60,0,0,No,No,Churned
15776156,521,France,Male,27,4,"£121,325.84",1,1,1,"£164,223.70",1,18-30,0.74,0,Yes,Yes,Churned
15739548,775,France,Male,28,9,"£111,167.70",1,1,0,"£149,331.01",0,18-30,0.74,0,Yes,No,Stayed
15662854,681,Germany,Male,48,5,"£139,714.40",2,0,0,"£73,066.72",0,46-60,1.91,0,No,No,Stayed
15687688,564,Germany,Female,32,10,"£139,875.20",2,1,0,"£15,378.23",0,31-45,9.1,0,Yes,No,Stayed
15715750,646,Germany,Female,44,2,"£113,063.83",1,0,0,"£53,072.49",1,31-45,2.13,0,No,No,Churned
15571121,670,France,Female,50,8,"£138,340.06",1,0,1,"£3,159.15",0,46-60,43.79,0,No,Yes,Stayed
15726466,751,France,Male,43,1,"£114,974.24",1,1,0,"£125,920.54",0,31-45,0.91,0,Yes,No,Stayed
15660390,544,France,Female,33,6,£0.00,2,1,1,"£124,113.04",0,31-45,0,0,Yes,Yes,Stayed
15663942,639,France,Female,38,5,£0.00,2,0,0,"£93,716.38",0,31-45,0,0,No,No,Stayed
15638610,635,Germany,Female,65,5,"£117,325.54",1,1,0,"£155,799.86",1,60+,0.75,0,Yes,No,Churned
15644446,672,France,Female,28,6,£0.00,1,0,1,"£8,814.69",0,18-30,0,0,No,Yes,Stayed
15585892,639,France,Female,35,8,£0.00,1,0,0,"£164,453.98",0,31-45,0,0,No,No,Stayed
15609356,697,France,Female,25,1,£0.00,2,0,0,"£87,803.32",0,18-30,0,0,No,No,Stayed
15803378,850,Spain,Male,44,8,£0.00,2,1,1,"£183,617.32",0,31-45,0,0,Yes,Yes,Stayed
15599440,748,France,Female,34,8,£0.00,2,1,0,"£53,584.03",0,31-45,0,0,Yes,No,Stayed
15692408,463,Spain,Female,35,2,£0.00,2,1,1,"£1,950.93",0,31-45,0,0,Yes,Yes,Stayed
15683168,572,France,Female,30,6,£0.00,1,0,1,"£175,025.27",0,18-30,0,0,No,Yes,Stayed
15790254,741,Spain,Male,50,1,"£78,737.61",1,1,1,"£13,018.96",0,46-60,6.05,0,Yes,Yes,Stayed
15767729,646,Spain,Male,25,5,"£182,876.88",2,1,1,"£42,537.59",1,18-30,4.3,0,Yes,Yes,Churned
15768600,805,Germany,Male,50,9,"£130,023.38",1,1,0,"£62,989.82",1,46-60,2.06,0,Yes,No,Churned
15699839,637,France,Male,36,2,"£152,606.82",1,1,1,"£71,692.80",0,31-45,2.13,0,Yes,Yes,Stayed
15786237,651,France,Male,28,7,£0.00,2,1,0,£823.96,0,18-30,0,0,Yes,No,Stayed
15694530,672,France,Male,28,4,"£167,268.98",1,1,1,"£169,469.30",0,18-30,0.99,0,Yes,Yes,Stayed
15796813,493,France,Male,54,3,"£167,831.88",2,1,0,"£150,159.95",1,46-60,1.12,0,Yes,No,Churned
15605791,524,Germany,Male,29,9,"£144,287.60",2,1,0,"£32,063.30",0,18-30,4.5,0,Yes,No,Stayed
15714087,624,Germany,Female,45,5,"£151,855.33",1,1,0,"£68,794.15",0,31-45,2.21,0,Yes,No,Stayed
15711446,569,Spain,Female,51,3,£0.00,3,1,0,"£75,084.96",1,46-60,0,1,Yes,No,Churned
15588123,677,France,Female,27,2,£0.00,2,0,1,"£114,685.92",0,18-30,0,0,No,Yes,Stayed
15748552,464,Germany,Male,37,4,"£155,994.15",1,0,0,"£143,665.44",0,31-45,1.09,0,No,No,Stayed
15618410,718,Germany,Male,26,7,"£147,527.03",1,0,0,"£51,099.56",0,18-30,2.89,0,No,No,Stayed
15672432,594,France,Female,53,4,£0.00,1,1,0,"£5,408.74",1,46-60,0,0,Yes,No,Churned
15610042,574,France,Male,33,8,"£100,267.03",1,1,0,"£103,006.27",0,31-45,0.97,0,Yes,No,Stayed
15580914,478,Spain,Male,48,0,"£83,287.05",2,0,1,"£44,147.95",1,46-60,1.89,0,No,Yes,Churned
15583680,615,Spain,Male,41,4,£0.00,1,0,1,"£149,278.96",0,31-45,0,0,No,Yes,Stayed
15813718,651,Spain,Male,45,4,£0.00,2,0,0,"£193,009.21",0,31-45,0,0,No,No,Stayed
15767264,465,Germany,Male,53,1,"£117,438.17",1,0,0,"£74,898.80",1,46-60,1.57,0,No,No,Churned
15686461,558,France,Female,56,7,"£121,235.05",2,1,1,"£116,253.10",0,46-60,1.04,0,Yes,Yes,Stayed
15678882,540,Germany,Male,37,3,"£129,965.18",1,0,0,"£19,374.08",0,31-45,6.71,0,No,No,Stayed
15789611,568,Germany,Male,46,8,"£150,836.92",1,0,0,"£64,516.80",1,46-60,2.34,0,No,No,Churned
15668679,630,France,Male,31,0,£0.00,2,1,1,"£34,475.14",0,31-45,0,0,Yes,Yes,Stayed
15631685,523,Germany,Male,60,1,"£163,894.35",1,0,1,"£57,061.71",0,46-60,2.87,0,No,Yes,Stayed
15655658,678,France,Female,48,2,£0.00,2,1,1,"£32,301.88",0,46-60,0,0,Yes,Yes,Stayed
15753591,438,France,Male,38,2,£0.00,2,1,0,"£136,859.55",0,31-45,0,0,Yes,No,Stayed
15617348,544,France,Male,44,1,£0.00,2,0,0,"£69,244.24",0,31-45,0,0,No,No,Stayed
15704581,595,Germany,Male,34,2,"£87,967.42",2,0,1,"£156,309.52",0,31-45,0.56,0,No,Yes,Stayed
15738487,678,France,Male,26,3,£0.00,2,1,0,"£4,989.33",0,18-30,0,0,Yes,No,Stayed
15648069,850,France,Female,36,6,£0.00,2,1,1,"£190,194.95",0,31-45,0,0,Yes,Yes,Stayed
15737627,589,Germany,Female,20,2,"£121,093.29",2,1,0,"£3,529.72",0,18-30,34.31,0,Yes,No,Stayed
15731586,785,Spain,Female,31,2,"£121,691.54",2,0,0,"£81,778.72",0,31-45,1.49,0,No,No,Stayed
15757467,563,Spain,Male,57,6,£0.00,2,1,1,"£39,297.48",0,46-60,0,0,Yes,Yes,Stayed
15597709,602,France,Female,39,6,"£154,121.32",2,1,0,"£176,614.86",1,31-45,0.87,0,Yes,No,Churned
15720529,591,France,Male,29,6,£0.00,2,1,1,"£108,684.65",0,18-30,0,0,Yes,Yes,Stayed
15596797,643,Spain,Male,43,1,£0.00,2,1,1,"£145,764.40",0,31-45,0,0,Yes,Yes,Stayed
15681755,605,France,Female,32,5,£0.00,2,1,1,"£42,135.28",0,31-45,0,0,Yes,Yes,Stayed
15815271,755,Germany,Male,43,6,"£165,048.50",3,1,0,"£16,929.41",1,31-45,9.75,1,Yes,No,Churned
15682860,769,Spain,Male,38,6,£0.00,2,0,0,"£104,393.78",0,31-45,0,0,No,No,Stayed
15621546,620,France,Female,33,9,"£127,638.35",1,1,1,"£192,717.57",0,31-45,0.66,0,Yes,Yes,Stayed
15705918,725,France,Male,31,8,£0.00,2,1,1,"£59,650.42",0,31-45,0,0,Yes,Yes,Stayed
15684512,818,Germany,Female,72,8,"£135,290.42",2,1,1,"£63,729.72",0,60+,2.12,0,Yes,Yes,Stayed
15671769,624,France,Female,71,4,"£170,252.05",3,1,1,"£73,679.59",1,60+,2.31,1,Yes,Yes,Churned
15642934,669,Germany,Female,35,4,"£108,269.20",2,1,0,"£174,969.92",0,31-45,0.62,0,Yes,No,Stayed
15594305,712,France,Female,32,1,£0.00,2,1,0,"£1,703.58",0,31-45,0,0,Yes,No,Stayed
15789201,603,Germany,Female,35,9,"£145,623.36",1,1,0,"£163,181.62",0,31-45,0.89,0,Yes,No,Stayed
15706762,597,France,Female,41,4,"£145,809.53",2,1,1,"£52,319.26",0,31-45,2.79,0,Yes,Yes,Stayed
15766183,580,Germany,Male,76,2,"£130,334.84",2,1,1,"£51,672.08",0,60+,2.52,0,Yes,Yes,Stayed
15777994,718,France,Female,39,3,£0.00,2,1,1,"£145,355.11",0,31-45,0,0,Yes,Yes,Stayed
15568162,527,Spain,Male,53,8,£0.00,1,1,1,"£51,711.57",0,46-60,0,0,Yes,Yes,Stayed
15680643,729,Spain,Female,42,1,£0.00,2,1,1,"£149,535.97",0,31-45,0,0,Yes,Yes,Stayed
15761854,746,France,Female,24,4,£0.00,1,0,1,"£94,105.00",0,18-30,0,0,No,Yes,Stayed
15730793,699,Germany,Female,54,3,"£111,009.32",1,1,1,"£155,905.79",1,46-60,0.71,0,Yes,Yes,Churned
15692137,759,France,Female,46,2,£0.00,1,1,1,"£138,380.11",0,46-60,0,0,Yes,Yes,Stayed
15608595,748,France,Female,39,3,"£157,371.54",1,0,1,"£97,734.30",0,31-45,1.61,0,No,Yes,Stayed
15709459,698,Spain,Female,63,5,£0.00,1,1,1,"£173,576.71",0,60+,0,0,Yes,Yes,Stayed
15775750,686,France,Male,37,9,"£134,560.62",1,1,0,"£27,596.39",0,31-45,4.88,0,Yes,No,Stayed
15585855,679,France,Male,40,1,£0.00,1,1,1,"£16,897.19",0,31-45,0,0,Yes,Yes,Stayed
15752139,682,Germany,Male,36,5,"£72,373.62",2,1,0,"£36,895.99",0,31-45,1.96,0,Yes,No,Stayed
15768295,778,France,Female,34,7,"£109,564.10",1,0,1,"£113,046.81",0,31-45,0.97,0,No,Yes,Stayed
15766906,742,France,Female,25,4,"£132,116.13",2,1,0,"£129,933.50",0,18-30,1.02,0,Yes,No,Stayed
15725776,649,Germany,Male,24,7,"£101,195.23",1,0,0,"£133,091.32",0,18-30,0.76,0,No,No,Stayed
15682576,763,France,Male,67,1,"£149,436.73",2,0,1,"£106,282.74",0,60+,1.41,0,No,Yes,Stayed
15704081,595,Germany,Male,30,9,"£130,682.11",2,1,1,"£57,862.88",0,18-30,2.26,0,Yes,Yes,Stayed
15719940,628,Germany,Female,51,10,"£115,280.49",2,0,0,"£12,628.61",1,46-60,9.13,0,No,No,Churned
15672894,625,France,Female,36,8,"£129,944.39",2,0,0,"£198,914.80",0,31-45,0.65,0,No,No,Stayed
15667451,733,France,Male,36,5,£0.00,2,1,1,"£109,127.54",0,31-45,0,0,Yes,Yes,Stayed
15636767,665,Spain,Female,32,10,£0.00,1,1,1,"£22,487.45",0,31-45,0,0,Yes,Yes,Stayed
15571415,805,Germany,Male,56,6,"£151,802.29",1,1,0,"£46,791.09",1,46-60,3.24,0,Yes,No,Churned
15575605,725,France,Male,38,6,£0.00,2,1,1,"£158,697.28",0,31-45,0,0,Yes,Yes,Stayed
15649160,554,France,Female,38,3,"£138,731.95",1,1,1,"£194,138.36",0,31-45,0.71,0,Yes,Yes,Stayed
15615832,675,Spain,Female,35,8,"£155,621.08",1,0,1,"£35,177.31",0,31-45,4.42,0,No,Yes,Stayed
15600975,556,France,Female,54,4,"£150,005.38",1,1,0,"£157,015.50",1,46-60,0.96,0,Yes,No,Churned
15690772,635,Spain,Female,48,2,£0.00,2,1,1,"£136,551.25",0,46-60,0,0,Yes,Yes,Stayed
15565714,601,France,Male,47,1,"£64,430.06",2,0,1,"£96,517.97",0,46-60,0.67,0,No,Yes,Stayed
15763108,600,Germany,Male,53,7,"£106,261.63",1,1,0,"£93,629.66",1,46-60,1.13,0,Yes,No,Churned
15723884,758,Spain,Male,40,3,£0.00,2,0,0,"£96,097.65",0,31-45,0,0,No,No,Stayed
15644453,606,Germany,Female,41,4,"£132,670.53",1,1,0,"£156,476.36",1,31-45,0.85,0,Yes,No,Churned
15655464,640,France,Female,67,3,£0.00,1,0,1,"£42,964.63",0,60+,0,0,No,Yes,Stayed
15783883,753,Germany,Female,38,1,"£117,314.92",1,1,0,"£122,021.33",1,31-45,0.96,0,Yes,No,Churned
15787693,559,Spain,Male,38,3,"£145,874.35",1,1,0,"£56,311.39",1,31-45,2.59,0,Yes,No,Churned
15664793,754,Spain,Female,50,7,"£146,777.44",2,0,1,"£150,685.52",0,46-60,0.97,0,No,Yes,Stayed
15642391,621,Germany,Male,51,4,"£109,978.83",1,0,0,"£177,740.58",1,46-60,0.62,0,No,No,Churned
15756538,654,France,Female,37,5,£0.00,1,0,1,"£71,492.28",0,31-45,0,0,No,Yes,Stayed
15668830,650,Spain,Male,24,8,"£108,881.73",1,1,0,"£104,492.83",0,18-30,1.04,0,Yes,No,Stayed
15796569,831,Spain,Female,44,10,£0.00,1,0,1,"£47,729.33",0,31-45,0,0,No,Yes,Stayed
15677112,519,France,Male,39,2,"£112,957.26",2,1,0,"£97,593.16",0,31-45,1.16,0,Yes,No,Stayed
15815040,552,Germany,Female,42,8,"£103,362.14",1,0,1,"£186,869.58",1,31-45,0.55,0,No,Yes,Churned
15590434,577,Spain,Male,41,4,"£89,015.61",1,0,1,"£135,227.23",0,31-45,0.66,0,No,Yes,Stayed
15597536,576,Spain,Male,45,5,"£133,618.01",1,0,0,"£135,244.87",0,31-45,0.99,0,No,No,Stayed
15723989,646,France,Male,40,5,"£93,680.43",2,1,1,"£179,473.26",0,31-45,0.52,0,Yes,Yes,Stayed
15767358,711,Germany,Female,45,1,"£97,486.15",2,1,0,"£50,610.62",0,31-45,1.93,0,Yes,No,Stayed
15594812,806,Spain,Female,37,2,"£137,794.18",2,0,1,"£75,232.02",0,31-45,1.83,0,No,Yes,Stayed
15688210,670,France,Female,39,8,"£101,928.51",1,0,0,"£89,205.54",0,31-45,1.14,0,No,No,Stayed
15681509,679,Spain,Female,28,9,£0.00,2,0,1,"£61,761.77",0,18-30,0,0,No,Yes,Stayed
15572390,850,Spain,Female,39,6,£0.00,2,1,0,"£103,921.43",0,31-45,0,0,Yes,No,Stayed
15801441,670,Germany,Female,35,2,"£79,585.96",1,0,1,"£198,802.90",0,31-45,0.4,0,No,Yes,Stayed
15783859,733,France,Female,24,3,"£161,884.99",1,1,1,"£9,617.24",0,18-30,16.83,0,Yes,Yes,Stayed
15575243,764,France,Female,39,1,"£129,068.54",2,1,1,"£187,905.12",0,31-45,0.69,0,Yes,Yes,Stayed
15773421,673,France,Female,42,4,£0.00,2,1,0,"£121,440.80",0,31-45,0,0,Yes,No,Stayed
15788776,588,Germany,Male,49,6,"£132,623.76",3,1,0,"£36,292.94",1,46-60,3.65,1,Yes,No,Churned
15765257,564,Spain,Male,31,5,"£121,461.87",1,1,1,"£20,432.09",1,31-45,5.94,0,Yes,Yes,Churned
15661412,715,France,Male,32,8,"£175,307.32",1,1,0,"£187,051.23",0,31-45,0.94,0,Yes,No,Stayed
15636478,621,France,Male,31,7,"£136,658.61",1,1,1,"£148,689.13",0,31-45,0.92,0,Yes,Yes,Stayed
15603683,796,Spain,Female,23,3,"£146,584.19",2,0,0,"£125,445.80",0,18-30,1.17,0,No,No,Stayed
15651868,672,France,Male,34,6,£0.00,1,0,0,"£22,736.06",0,31-45,0,0,No,No,Stayed
15815443,527,Spain,Female,46,10,"£131,414.76",1,1,0,"£54,947.51",0,46-60,2.39,0,Yes,No,Stayed
15682686,722,France,Female,38,3,£0.00,2,0,1,"£167,984.72",0,31-45,0,0,No,Yes,Stayed
15697460,596,Germany,Male,34,4,"£99,441.21",2,0,1,"£4,802.27",0,31-45,20.71,0,No,Yes,Stayed
15748432,746,France,Female,32,4,£0.00,2,1,1,"£72,909.75",0,31-45,0,0,Yes,Yes,Stayed
15698271,523,France,Female,26,4,£0.00,2,1,0,"£185,488.81",0,18-30,0,0,Yes,No,Stayed
15808662,624,France,Male,44,3,£0.00,2,1,0,"£88,407.51",0,31-45,0,0,Yes,No,Stayed
15690372,553,Spain,Male,38,1,"£181,110.13",2,1,0,"£184,544.59",0,31-45,0.98,0,Yes,No,Stayed
15781875,850,Spain,Male,33,3,"£100,476.46",2,1,1,"£136,539.13",0,31-45,0.74,0,Yes,Yes,Stayed
15801473,599,Germany,Male,33,2,"£51,949.95",2,1,0,"£85,045.92",0,31-45,0.61,0,Yes,No,Stayed
15704509,492,France,Male,35,8,"£121,063.49",1,0,0,"£85,421.48",0,31-45,1.42,0,No,No,Stayed
15694666,707,Spain,Male,48,8,"£88,441.64",1,1,1,"£119,903.20",1,46-60,0.74,0,Yes,Yes,Churned
15731166,743,France,Female,30,1,"£127,023.39",1,1,1,"£138,780.89",0,18-30,0.92,0,Yes,Yes,Stayed
15728523,522,France,Male,41,5,"£144,147.68",1,1,1,"£14,789.90",0,31-45,9.75,0,Yes,Yes,Stayed
15788442,681,Spain,Female,57,2,"£173,306.13",1,0,1,"£131,964.66",0,46-60,1.31,0,No,Yes,Stayed
15689781,826,France,Female,49,0,£0.00,1,0,0,"£178,709.98",1,46-60,0,0,No,No,Churned
15764226,630,Germany,Female,28,8,"£106,425.75",1,1,1,"£20,344.84",0,18-30,5.23,0,Yes,Yes,Stayed
15809837,430,Germany,Female,66,6,"£135,392.31",2,1,1,"£172,852.06",1,60+,0.78,0,Yes,Yes,Churned
15805212,806,France,Female,67,1,£0.00,2,0,1,"£103,945.58",0,60+,0,0,No,Yes,Stayed
15716082,703,Spain,Male,39,6,"£152,685.40",1,0,0,"£183,656.12",0,31-45,0.83,0,No,No,Stayed
15643056,755,Germany,Female,38,1,"£82,083.52",1,0,1,"£10,333.78",0,31-45,7.94,0,No,Yes,Stayed
15654859,612,Spain,Female,63,2,"£131,629.17",2,1,0,"£122,109.58",1,60+,1.08,0,Yes,No,Churned
15761158,719,France,Female,54,7,£0.00,2,1,1,"£125,041.52",0,46-60,0,0,Yes,Yes,Stayed
15577515,554,Germany,Female,55,0,"£108,477.27",1,0,1,"£140,003.00",1,46-60,0.77,0,No,Yes,Churned
15723827,683,France,Male,30,4,"£114,779.35",1,0,0,"£183,171.47",0,18-30,0.63,0,No,No,Stayed
15646594,749,France,Male,41,5,"£57,568.94",1,1,1,"£61,128.29",0,31-45,0.94,0,Yes,Yes,Stayed
15712877,724,Spain,Male,36,1,£0.00,2,1,0,"£52,462.25",0,31-45,0,0,Yes,No,Stayed
15598802,770,Spain,Male,30,8,£0.00,2,0,1,"£50,839.85",0,18-30,0,0,No,Yes,Stayed
15699340,680,France,Male,37,4,£0.00,2,1,0,"£61,240.87",0,31-45,0,0,Yes,No,Stayed
15691150,699,France,Female,32,4,"£110,559.46",1,1,1,"£127,429.56",0,31-45,0.87,0,Yes,Yes,Stayed
15608688,442,France,Male,34,4,£0.00,2,1,0,"£68,343.08",0,31-45,0,0,Yes,No,Stayed
15737998,529,France,Male,46,8,£0.00,1,0,0,"£126,511.94",1,46-60,0,0,No,No,Churned
15735837,574,Spain,Male,36,3,£0.00,2,1,1,"£8,559.66",0,31-45,0,0,Yes,Yes,Stayed
15659100,605,France,Male,33,9,"£128,152.82",1,0,0,"£147,822.81",0,31-45,0.87,0,No,No,Stayed
15609070,515,Germany,Male,45,7,"£120,961.50",3,1,1,"£39,288.11",1,31-45,3.08,1,Yes,Yes,Churned
15650313,632,Germany,Male,65,6,"£129,472.33",1,1,1,"£85,179.48",0,60+,1.52,0,Yes,Yes,Stayed
15627699,558,France,Male,32,10,"£105,000.23",1,1,0,"£190,019.61",0,31-45,0.55,0,Yes,No,Stayed
15591010,434,Germany,Male,55,8,"£109,339.17",2,1,0,"£96,405.88",1,46-60,1.13,0,Yes,No,Churned
15798895,525,France,Female,59,6,"£55,328.40",1,1,0,"£83,342.73",1,46-60,0.66,0,Yes,No,Churned
15745375,640,Germany,Male,23,3,"£72,012.76",1,1,0,"£161,333.13",0,18-30,0.45,0,Yes,No,Stayed
15775235,690,France,Female,36,6,"£110,480.48",1,0,0,"£81,292.33",0,31-45,1.36,0,No,No,Stayed
15780088,607,Spain,Male,34,9,"£132,439.99",1,1,0,"£177,747.72",0,31-45,0.75,0,Yes,No,Stayed
15649379,850,France,Female,46,3,£0.00,2,1,1,"£187,980.21",0,46-60,0,0,Yes,Yes,Stayed
15713983,780,Germany,Male,34,5,"£94,108.54",2,1,0,"£177,235.21",0,31-45,0.53,0,Yes,No,Stayed
15709252,616,Germany,Female,28,10,"£105,173.99",1,0,1,"£29,835.37",1,18-30,3.53,0,No,Yes,Churned
15699238,618,Spain,Female,40,8,£0.00,2,1,0,"£80,204.38",0,31-45,0,0,Yes,No,Stayed
15732884,676,France,Male,29,7,"£131,959.86",1,0,0,"£189,268.81",0,18-30,0.7,0,No,No,Stayed
15587297,507,France,Male,33,7,£0.00,2,1,1,"£85,411.01",0,31-45,0,0,Yes,Yes,Stayed
15684722,490,France,Male,34,5,"£122,952.90",2,0,0,"£154,360.97",0,31-45,0.8,0,No,No,Stayed
15621244,678,France,Male,36,0,"£107,379.68",1,1,1,"£84,460.18",0,31-45,1.27,0,Yes,Yes,Stayed
15744273,637,Germany,Male,30,6,"£122,641.56",2,1,0,"£65,618.01",0,18-30,1.87,0,Yes,No,Stayed
15682540,602,France,Female,33,8,£0.00,2,1,1,"£112,928.74",0,31-45,0,0,Yes,Yes,Stayed
15636521,744,Spain,Female,30,1,"£124,037.28",1,1,1,"£142,210.94",0,18-30,0.87,0,Yes,Yes,Stayed
15785339,640,France,Female,50,9,"£117,565.03",2,0,0,"£82,559.77",0,46-60,1.42,0,No,No,Stayed
15638983,684,France,Female,38,5,"£133,189.40",1,0,0,"£127,388.06",0,31-45,1.05,0,No,No,Stayed
15654625,495,Germany,Male,39,8,"£120,252.02",2,1,1,"£10,160.23",0,31-45,11.84,0,Yes,Yes,Stayed
15697310,559,Germany,Female,28,3,"£152,264.81",1,0,0,"£64,242.31",0,18-30,2.37,0,No,No,Stayed
15678210,684,France,Male,38,5,"£105,069.98",2,1,1,"£198,355.28",0,31-45,0.53,0,Yes,Yes,Stayed
15575438,613,France,Male,42,7,"£115,076.06",1,1,1,"£79,323.61",0,31-45,1.45,0,Yes,Yes,Stayed
15632789,794,France,Male,30,8,£0.00,2,1,1,"£24,113.91",0,18-30,0,0,Yes,Yes,Stayed
15621423,736,France,Female,42,7,"£117,280.23",3,0,0,"£41,921.06",1,31-45,2.8,1,No,No,Churned
15573520,692,Germany,Male,49,6,"£110,540.43",2,0,1,"£107,472.99",0,46-60,1.03,0,No,Yes,Stayed
15740458,703,Spain,Male,36,7,"£135,095.47",1,1,0,"£143,859.66",0,31-45,0.94,0,Yes,No,Stayed
15762799,720,Germany,Male,23,0,"£187,861.18",2,1,1,"£104,120.17",0,18-30,1.8,0,Yes,Yes,Stayed
15686885,777,Germany,Male,44,3,"£124,655.59",2,0,1,"£79,792.30",0,31-45,1.56,0,No,Yes,Stayed
15565996,653,France,Male,44,8,£0.00,2,1,1,"£154,639.72",0,31-45,0,0,Yes,Yes,Stayed
15662152,552,France,Female,38,9,"£134,105.01",1,0,0,"£57,850.10",0,31-45,2.32,0,No,No,Stayed
15711742,708,France,Female,34,4,£0.00,1,1,1,"£62,868.33",0,31-45,0,0,Yes,Yes,Stayed
15701885,647,France,Female,40,9,£0.00,2,0,1,"£92,357.21",0,31-45,0,0,No,Yes,Stayed
15774262,597,Germany,Male,52,8,"£83,693.34",2,1,1,"£161,083.53",0,46-60,0.52,0,Yes,Yes,Stayed
15567839,501,France,Male,42,9,"£114,631.23",1,0,1,"£91,429.74",0,31-45,1.25,0,No,Yes,Stayed
15644400,709,France,Male,44,9,"£128,601.98",1,1,0,"£117,031.20",0,31-45,1.1,0,Yes,No,Stayed
15797246,621,Germany,Female,34,2,"£91,258.52",2,1,0,"£44,857.40",0,31-45,2.03,0,Yes,No,Stayed
15778290,799,France,Male,70,8,"£70,416.75",1,1,1,"£36,483.52",0,60+,1.93,0,Yes,Yes,Stayed
15708714,675,France,Female,33,6,£0.00,2,1,0,"£34,045.61",0,31-45,0,0,Yes,No,Stayed
15586183,561,France,Female,35,5,£0.00,2,1,0,"£59,981.62",0,31-45,0,0,Yes,No,Stayed
15761733,707,France,Female,42,10,£0.00,2,1,1,"£152,944.39",0,31-45,0,0,Yes,Yes,Stayed
15773934,670,France,Male,33,6,"£88,294.60",1,1,0,"£66,979.06",0,31-45,1.32,0,Yes,No,Stayed
15705343,649,Spain,Female,32,7,£0.00,1,1,0,"£28,797.32",0,31-45,0,0,Yes,No,Stayed
15593959,524,France,Male,28,1,"£93,577.30",1,1,1,"£51,670.82",0,18-30,1.81,0,Yes,Yes,Stayed
15664615,689,Germany,Female,30,5,"£136,650.89",1,1,1,"£41,865.72",1,18-30,3.26,0,Yes,Yes,Churned
15671014,573,Spain,Female,72,8,"£98,765.84",1,1,1,"£96,015.53",0,60+,1.03,0,Yes,Yes,Stayed
15657778,657,France,Male,33,1,"£84,309.57",2,0,0,"£103,914.40",0,31-45,0.81,0,No,No,Stayed
15585192,686,Spain,Male,39,10,"£136,258.06",1,0,0,"£89,199.51",0,31-45,1.53,0,No,No,Stayed
15592914,683,France,Female,29,9,£0.00,2,1,1,"£48,849.89",0,18-30,0,0,Yes,Yes,Stayed
15770995,753,Germany,Female,47,1,"£131,160.85",1,1,0,"£197,444.69",0,46-60,0.66,0,Yes,No,Stayed
15570990,520,Spain,Female,30,4,"£145,222.99",2,0,0,"£145,160.96",0,18-30,1,0,No,No,Stayed
15596165,547,Germany,Male,25,4,"£98,141.57",2,1,1,"£52,309.80",0,18-30,1.88,0,Yes,Yes,Stayed
15788131,653,France,Male,47,6,£0.00,1,1,0,"£50,695.93",1,46-60,0,0,Yes,No,Churned
15800773,648,Spain,Female,28,9,"£102,282.61",1,1,1,"£157,891.11",0,18-30,0.65,0,Yes,Yes,Stayed
15690153,639,France,Female,37,4,"£116,121.84",2,0,1,"£181,850.74",0,31-45,0.64,0,No,Yes,Stayed
15638989,711,France,Female,25,5,"£190,066.54",1,0,0,"£51,345.39",1,18-30,3.7,0,No,No,Churned
15623210,484,Germany,Female,55,8,"£149,349.58",3,0,0,"£137,519.92",1,46-60,1.09,1,No,No,Churned
15652658,721,France,Male,36,1,"£155,176.83",2,1,1,"£49,653.37",0,31-45,3.13,0,Yes,Yes,Stayed
15684440,548,Germany,Male,32,2,"£98,986.28",1,1,1,"£55,867.38",0,31-45,1.77,0,Yes,Yes,Stayed
15730287,679,France,Male,41,8,"£147,726.98",3,1,0,"£172,749.40",1,31-45,0.86,1,Yes,No,Churned
15720353,553,France,Male,41,1,£0.00,2,1,0,"£90,607.31",0,31-45,0,0,Yes,No,Stayed
15767231,757,France,Male,36,7,"£144,852.06",1,0,0,"£130,861.95",0,31-45,1.11,0,No,No,Stayed
15761554,581,France,Male,54,4,"£89,299.81",1,0,0,"£5,558.47",1,46-60,16.07,0,No,No,Churned
15706637,718,Spain,Male,40,9,£0.00,2,0,0,"£121,537.91",0,31-45,0,0,No,No,Stayed
15690492,625,France,Male,41,6,"£97,663.16",2,1,0,"£57,128.78",0,31-45,1.71,0,Yes,No,Stayed
15694237,744,Spain,Male,39,4,"£95,161.75",1,1,0,"£19,409.77",0,31-45,4.9,0,Yes,No,Stayed
15729771,799,Germany,Male,31,9,"£154,586.92",1,0,1,"£88,604.89",1,31-45,1.74,0,No,Yes,Churned
15609823,751,Spain,Female,34,8,"£127,095.14",2,0,0,£479.54,0,31-45,265.04,0,No,No,Stayed
15793366,781,Germany,Male,35,7,"£92,526.15",2,1,1,"£173,837.54",0,31-45,0.53,0,Yes,Yes,Stayed
15614813,777,Germany,Female,46,0,"£107,362.80",1,1,0,£487.30,0,46-60,220.32,0,Yes,No,Stayed
15566495,704,Spain,Female,24,2,£0.00,1,1,0,"£35,600.25",1,18-30,0,0,Yes,No,Churned
15707602,539,France,Female,47,2,"£127,286.04",2,1,1,"£166,929.43",1,46-60,0.76,0,Yes,Yes,Churned
15635244,716,France,Female,29,6,£0.00,2,1,1,"£98,998.61",0,18-30,0,0,Yes,Yes,Stayed
15805627,670,France,Male,37,2,£0.00,2,1,1,"£54,229.74",0,31-45,0,0,Yes,Yes,Stayed
15607986,555,France,Male,40,10,"£139,930.18",1,1,1,"£105,720.09",0,31-45,1.32,0,Yes,Yes,Stayed
15799785,679,Germany,Female,30,4,"£77,949.69",1,1,1,"£121,151.46",0,18-30,0.64,0,Yes,Yes,Stayed
15699963,571,France,Male,38,1,"£121,405.04",1,1,1,"£154,844.22",0,31-45,0.78,0,Yes,Yes,Stayed
15624595,512,Spain,Female,35,5,"£124,580.69",1,1,1,"£18,785.48",0,31-45,6.63,0,Yes,Yes,Stayed
15629750,697,France,Male,35,5,"£133,087.76",1,1,0,"£64,771.61",0,31-45,2.05,0,Yes,No,Stayed
15651460,424,Spain,Male,34,7,£0.00,1,1,1,"£16,250.61",0,31-45,0,0,Yes,Yes,Stayed
15753550,684,France,Female,43,7,£0.00,2,1,0,"£131,093.99",0,31-45,0,0,Yes,No,Stayed
15594133,697,Spain,Male,62,7,£0.00,1,1,0,"£129,188.18",1,60+,0,0,Yes,No,Churned
15772329,580,Germany,Male,45,8,"£103,741.14",1,1,0,"£47,428.73",1,31-45,2.19,0,Yes,No,Churned
15591552,600,France,Female,32,7,"£98,877.95",1,1,0,"£132,973.21",0,31-45,0.74,0,Yes,No,Stayed
15750921,521,France,Male,37,5,"£105,843.26",2,1,1,"£84,908.20",0,31-45,1.25,0,Yes,Yes,Stayed
15701687,664,Spain,Male,44,7,"£77,526.66",3,0,0,"£57,338.56",1,31-45,1.35,1,No,No,Churned
15728906,634,France,Male,77,5,£0.00,2,1,1,"£161,579.85",0,60+,0,0,Yes,Yes,Stayed
15670029,445,France,Female,33,7,£0.00,2,1,0,"£122,625.68",0,31-45,0,0,Yes,No,Stayed
15763579,702,Germany,Female,36,2,"£105,264.88",2,1,1,"£52,909.87",0,31-45,1.99,0,Yes,Yes,Stayed
15728010,485,France,Male,37,5,£0.00,2,0,1,"£170,226.47",0,31-45,0,0,No,Yes,Stayed
15663194,582,Germany,Female,40,3,"£110,150.43",1,1,1,"£191,757.65",1,31-45,0.57,0,Yes,Yes,Churned
15736510,605,Spain,Female,57,2,£0.00,3,1,0,"£66,652.75",1,46-60,0,1,Yes,No,Churned
15745804,628,France,Male,25,7,£0.00,2,1,1,"£195,977.75",0,18-30,0,0,Yes,Yes,Stayed
15631451,604,Spain,Female,28,6,£0.00,2,1,1,"£69,056.26",0,18-30,0,0,Yes,Yes,Stayed
15746995,724,Germany,Male,31,9,"£138,166.30",1,1,0,"£12,920.43",0,31-45,10.69,0,Yes,No,Stayed
15730673,567,Germany,Male,40,7,"£122,265.24",1,1,0,"£138,552.74",0,31-45,0.88,0,Yes,No,Stayed
15734649,779,Spain,Female,55,0,"£133,295.98",1,1,0,"£22,832.71",1,46-60,5.84,0,Yes,No,Churned
15701081,785,France,Male,36,2,£0.00,1,0,1,"£61,811.10",0,31-45,0,0,No,Yes,Stayed
15632503,563,France,Female,32,0,"£148,326.09",1,1,0,"£191,604.27",1,31-45,0.77,0,Yes,No,Churned
15585928,821,Germany,Female,31,2,"£68,927.57",1,1,1,"£25,445.00",0,31-45,2.71,0,Yes,Yes,Stayed
15648681,747,France,Female,47,5,"£139,914.60",4,0,1,"£129,964.56",1,46-60,1.08,1,No,Yes,Churned
15747757,600,Germany,Female,58,8,"£118,723.11",1,0,0,"£6,209.51",1,46-60,19.12,0,No,No,Churned
15718921,625,Spain,Male,32,7,"£106,957.28",1,1,1,"£134,794.02",0,31-45,0.79,0,Yes,Yes,Stayed
15571081,773,France,Female,41,7,"£190,238.93",1,1,1,"£57,549.65",0,31-45,3.31,0,Yes,Yes,Stayed
15734578,726,France,Female,53,1,"£113,537.73",1,0,1,"£28,367.21",0,46-60,4,0,No,Yes,Stayed
15579583,641,Spain,Female,40,4,"£101,090.27",1,1,1,"£51,703.09",0,31-45,1.96,0,Yes,Yes,Stayed
15622729,649,France,Female,46,2,£0.00,2,1,1,"£66,602.70",0,46-60,0,0,Yes,Yes,Stayed
15662189,434,Spain,Male,33,3,£0.00,1,1,1,"£2,739.71",0,31-45,0,0,Yes,Yes,Stayed
15692718,738,France,Female,38,7,£0.00,2,0,0,"£69,227.42",0,31-45,0,0,No,No,Stayed
15762716,762,Spain,Female,60,10,"£168,920.75",1,1,0,"£31,445.03",1,46-60,5.37,0,Yes,No,Churned
15724851,507,Germany,Male,31,9,"£111,589.67",1,1,0,"£150,037.19",0,31-45,0.74,0,Yes,No,Stayed
15587266,606,Germany,Female,27,6,"£172,310.33",1,0,1,"£111,448.92",0,18-30,1.55,0,No,Yes,Stayed
15675926,655,Germany,Male,34,7,"£118,028.35",1,1,0,"£51,226.32",1,31-45,2.3,0,Yes,No,Churned
15706268,697,Germany,Male,51,1,"£147,910.30",1,1,1,"£53,581.14",0,46-60,2.76,0,Yes,Yes,Stayed
15581871,504,Germany,Male,42,7,"£131,287.36",2,1,1,"£149,697.78",0,31-45,0.88,0,Yes,Yes,Stayed
15666166,653,France,Female,74,0,"£121,276.32",1,1,1,"£160,348.31",0,60+,0.76,0,Yes,Yes,Stayed
15671582,660,Spain,Male,38,6,"£109,869.32",1,1,1,"£154,641.91",0,31-45,0.71,0,Yes,Yes,Stayed
15680901,652,France,Female,34,6,"£97,435.85",2,1,1,"£104,331.76",0,31-45,0.93,0,Yes,Yes,Stayed
15642336,669,France,Female,42,9,£0.00,2,0,0,"£135,630.32",0,31-45,0,0,No,No,Stayed
15653147,594,France,Male,35,2,"£133,853.27",1,1,1,"£65,361.66",0,31-45,2.05,0,Yes,Yes,Stayed
15571284,756,Germany,Male,32,0,"£109,528.16",2,1,1,"£56,176.31",0,31-45,1.95,0,Yes,Yes,Stayed
15591360,642,France,Female,33,4,"£84,607.34",2,0,1,"£60,059.47",0,31-45,1.41,0,No,Yes,Stayed
15810485,486,Germany,Male,37,1,"£101,438.00",1,0,0,"£51,364.56",0,31-45,1.97,0,No,No,Stayed
15611973,804,France,Male,55,7,£0.00,2,1,1,"£118,752.60",0,46-60,0,0,Yes,Yes,Stayed
15735572,629,France,Male,59,9,"£113,657.83",1,1,1,"£116,848.79",1,46-60,0.97,0,Yes,Yes,Churned
15567860,581,Spain,Female,44,7,"£189,318.16",2,1,0,"£45,026.23",1,31-45,4.2,0,Yes,No,Churned
15795690,667,France,Male,31,3,"£99,513.91",1,1,1,"£189,657.26",0,31-45,0.52,0,Yes,Yes,Stayed
15706464,667,Spain,Male,35,4,"£97,585.32",2,0,0,"£57,213.46",0,31-45,1.71,0,No,No,Stayed
15725028,679,France,Male,29,3,£0.00,2,1,1,"£63,687.06",0,18-30,0,0,Yes,Yes,Stayed
15751167,680,France,Female,43,4,£0.00,2,1,1,"£58,761.33",0,31-45,0,0,Yes,Yes,Stayed
15633944,644,Spain,Male,32,3,"£136,659.74",1,1,1,"£14,187.78",0,31-45,9.63,0,Yes,Yes,Stayed
15672637,571,France,Female,30,4,"£85,755.86",1,1,0,"£145,115.95",0,18-30,0.59,0,Yes,No,Stayed
15680895,627,Spain,Female,35,7,£0.00,1,1,0,"£187,718.26",0,31-45,0,0,Yes,No,Stayed
15793825,536,France,Male,39,4,£0.00,2,1,0,"£27,150.35",0,31-45,0,0,Yes,No,Stayed
15611318,599,Spain,Male,33,4,"£51,690.89",1,1,0,"£111,622.76",1,31-45,0.46,0,Yes,No,Churned
15768474,744,Spain,Male,34,3,£0.00,2,1,0,"£27,244.35",0,31-45,0,0,Yes,No,Stayed
15716276,709,France,Female,34,2,"£111,669.68",1,1,0,"£57,029.66",0,31-45,1.96,0,Yes,No,Stayed
15623668,653,Germany,Male,31,2,"£154,741.45",2,0,0,"£25,183.01",0,31-45,6.14,0,No,No,Stayed
15696361,648,Germany,Male,31,7,"£125,681.51",1,0,1,"£129,980.93",0,31-45,0.97,0,No,Yes,Stayed
15607988,663,Germany,Female,37,8,"£155,303.71",1,1,0,"£118,716.63",0,31-45,1.31,0,Yes,No,Stayed
15637891,613,Germany,Female,43,4,"£140,681.68",1,0,1,"£20,134.07",0,31-45,6.99,0,No,Yes,Stayed
15789865,620,France,Male,28,9,"£71,902.52",1,0,1,"£190,208.23",0,18-30,0.38,0,No,Yes,Stayed
15627190,661,France,Male,51,6,"£146,606.60",1,1,1,"£68,021.90",0,46-60,2.16,0,Yes,Yes,Stayed
15788224,669,Germany,Male,45,1,"£123,949.75",1,0,0,"£110,881.56",0,31-45,1.12,0,No,No,Stayed
15702149,767,Germany,Female,33,1,"£144,753.21",1,1,1,"£132,480.75",0,31-45,1.09,0,Yes,Yes,Stayed
15708236,491,France,Female,72,6,"£91,285.22",1,1,1,"£7,032.95",0,60+,12.98,0,Yes,Yes,Stayed
15568469,653,France,Male,43,0,£0.00,2,1,0,"£27,862.58",0,31-45,0,0,Yes,No,Stayed
15764444,679,Germany,Male,58,8,"£125,850.53",2,1,1,"£87,008.17",0,46-60,1.45,0,Yes,Yes,Stayed
15794204,687,France,Male,28,7,"£108,116.66",1,1,1,"£27,411.19",0,18-30,3.94,0,Yes,Yes,Stayed
15807546,837,France,Female,38,2,£0.00,2,1,1,"£46,395.21",0,31-45,0,0,Yes,Yes,Stayed
15782159,850,France,Male,28,8,"£67,639.56",2,1,1,"£194,245.29",0,18-30,0.35,0,Yes,Yes,Stayed
15618703,663,Spain,Female,53,6,"£150,200.23",1,0,1,"£151,317.27",1,46-60,0.99,0,No,Yes,Churned
15793317,547,Spain,Female,22,7,"£141,287.15",1,1,0,"£118,142.79",0,18-30,1.2,0,Yes,No,Stayed
15740487,627,France,Female,41,6,£0.00,3,1,1,"£138,700.75",1,31-45,0,1,Yes,Yes,Churned
15722479,707,France,Male,37,1,£0.00,2,0,1,"£6,035.51",0,31-45,0,0,No,Yes,Stayed
15688264,629,France,Female,43,0,£0.00,2,1,1,"£41,263.69",0,31-45,0,0,Yes,Yes,Stayed
15583067,687,France,Female,36,4,"£97,157.96",1,0,1,"£63,185.05",0,31-45,1.54,0,No,Yes,Stayed
15686670,588,France,Female,36,2,£0.00,2,1,0,"£92,536.00",1,31-45,0,0,Yes,No,Churned
15593345,502,Germany,Female,33,6,"£125,241.17",2,1,1,"£158,736.07",0,31-45,0.79,0,Yes,Yes,Stayed
15811690,793,Germany,Male,54,2,"£128,966.13",1,0,0,"£18,633.40",1,46-60,6.92,0,No,No,Churned
15734008,727,Germany,Male,59,5,"£152,581.06",1,1,0,"£71,830.10",1,46-60,2.12,0,Yes,No,Churned
15771856,632,Spain,Female,32,1,£0.00,2,1,0,"£19,525.65",0,31-45,0,0,Yes,No,Stayed
15762045,474,Germany,Female,37,5,"£142,688.57",2,1,1,"£110,953.33",0,31-45,1.29,0,Yes,Yes,Stayed
15778142,850,Germany,Female,31,1,"£130,089.56",2,1,1,"£4,466.21",0,31-45,29.13,0,Yes,Yes,Stayed
15689268,584,France,Male,36,9,£0.00,1,1,1,"£105,818.51",0,31-45,0,0,Yes,Yes,Stayed
15721507,713,France,Female,32,1,"£117,094.02",1,0,0,"£149,558.83",1,31-45,0.78,0,No,No,Churned
15750476,742,Spain,Male,24,8,£0.00,2,1,0,"£4,070.28",0,18-30,0,0,Yes,No,Stayed
15810723,607,France,Female,39,10,£0.00,3,1,0,"£132,741.13",1,31-45,0,1,Yes,No,Churned
15787229,761,Spain,Female,34,2,£0.00,2,1,0,"£61,251.25",0,31-45,0,0,Yes,No,Stayed
15570508,600,France,Male,49,7,"£90,218.90",1,1,0,"£91,347.76",0,46-60,0.99,0,Yes,No,Stayed
15617065,650,Spain,Male,42,4,"£194,532.66",1,1,0,"£171,045.31",1,31-45,1.14,0,Yes,No,Churned
15689786,850,Germany,Male,56,1,"£169,743.83",1,0,0,"£155,850.40",1,46-60,1.09,0,No,No,Churned
15648876,501,France,Female,34,5,£0.00,1,1,0,"£27,380.99",0,31-45,0,0,Yes,No,Stayed
15802106,418,France,Male,34,8,"£155,973.88",1,1,0,"£154,208.96",0,31-45,1.01,0,Yes,No,Stayed
15773869,797,Spain,Male,59,4,"£129,321.44",1,1,1,"£93,624.55",0,46-60,1.38,0,Yes,Yes,Stayed
15711635,788,Germany,Female,42,6,"£138,650.49",2,1,0,"£64,746.07",0,31-45,2.14,0,Yes,No,Stayed
15795527,699,Spain,Male,43,2,"£136,487.86",2,1,0,"£82,815.93",0,31-45,1.65,0,Yes,No,Stayed
15759133,616,France,Male,18,6,£0.00,2,1,1,"£27,308.58",0,18-30,0,0,Yes,Yes,Stayed
15679394,651,France,Female,41,4,"£38,617.20",1,1,1,"£104,876.80",0,31-45,0.37,0,Yes,Yes,Stayed
15801072,654,France,Female,28,7,£0.00,2,1,0,"£151,316.37",0,18-30,0,0,Yes,No,Stayed
15646082,676,France,Female,34,8,"£82,909.14",1,1,0,"£91,817.38",1,31-45,0.9,0,Yes,No,Churned
15796111,708,Germany,Female,54,8,"£145,151.40",1,0,1,"£125,311.17",1,46-60,1.16,0,No,Yes,Churned
15670646,499,Spain,Female,42,0,"£147,187.84",1,1,1,"£14,868.94",1,31-45,9.9,0,Yes,Yes,Churned
15578722,689,France,Male,39,4,£0.00,2,1,0,"£196,112.45",0,31-45,0,0,Yes,No,Stayed
15815095,850,Spain,Male,54,7,"£108,185.81",2,0,0,"£24,093.40",1,46-60,4.49,0,No,No,Churned
15730360,502,France,Male,30,4,£0.00,2,1,1,"£66,263.87",0,18-30,0,0,Yes,Yes,Stayed
15763194,643,France,Male,34,7,£0.00,2,0,1,"£100,304.13",0,31-45,0,0,No,Yes,Stayed
15720725,762,France,Male,28,2,£0.00,2,1,0,"£167,909.52",0,18-30,0,0,Yes,No,Stayed
15567834,719,France,Male,49,5,"£105,918.10",1,1,1,"£16,246.59",0,46-60,6.52,0,Yes,Yes,Stayed
15720644,789,France,Male,27,6,£0.00,2,1,0,"£103,603.65",0,18-30,0,0,Yes,No,Stayed
15811742,553,Spain,Male,42,7,£0.00,2,1,0,"£7,680.23",0,31-45,0,0,Yes,No,Stayed
15813363,448,Spain,Male,25,2,£0.00,2,0,0,"£95,215.73",0,18-30,0,0,No,No,Stayed
15717629,632,Germany,Male,42,6,"£59,972.26",2,0,1,"£148,172.94",0,31-45,0.4,0,No,Yes,Stayed
15713160,669,Spain,Male,25,7,"£157,228.61",2,1,0,"£124,382.90",0,18-30,1.26,0,Yes,No,Stayed
15568878,654,Spain,Male,34,5,£0.00,2,1,0,"£159,311.46",0,31-45,0,0,Yes,No,Stayed
15809800,726,France,Female,38,4,£0.00,2,0,0,"£6,787.48",0,31-45,0,0,No,No,Stayed
15736420,596,France,Male,21,4,"£210,433.08",2,0,1,"£197,297.77",1,18-30,1.07,0,No,Yes,Churned
15757933,733,Germany,Female,30,1,"£102,452.71",1,1,0,"£21,556.95",0,18-30,4.75,0,Yes,No,Stayed
15623072,529,Spain,Female,35,5,£0.00,2,1,0,"£56,518.00",0,31-45,0,0,Yes,No,Stayed
15683993,493,France,Female,37,8,"£142,987.46",2,1,0,"£158,840.99",0,31-45,0.9,0,Yes,No,Stayed
15570947,615,Spain,Female,29,7,"£143,330.56",2,1,1,"£126,396.01",0,18-30,1.13,0,Yes,Yes,Stayed
15797767,600,France,Female,49,6,£0.00,1,0,1,"£148,087.88",1,46-60,0,0,No,Yes,Churned
15731989,666,France,Male,36,4,"£120,165.40",2,1,0,"£33,701.50",0,31-45,3.57,0,Yes,No,Stayed
15591035,644,Spain,Male,54,6,£0.00,1,0,1,"£84,622.37",0,46-60,0,0,No,Yes,Stayed
15586479,692,France,Female,36,4,£0.00,1,1,0,"£185,580.89",1,31-45,0,0,Yes,No,Churned
15605872,707,France,Male,73,6,"£66,573.17",1,1,1,"£62,768.80",0,60+,1.06,0,Yes,Yes,Stayed
15666012,603,France,Male,40,4,"£102,833.46",2,1,1,"£38,829.11",0,31-45,2.65,0,Yes,Yes,Stayed
15641733,671,France,Female,34,5,"£164,757.56",1,1,0,"£110,748.88",0,31-45,1.49,0,Yes,No,Stayed
15593178,568,Spain,Female,36,10,"£153,610.61",1,1,1,"£54,083.80",1,31-45,2.84,0,Yes,Yes,Churned
15649183,598,Spain,Female,35,8,£0.00,3,0,1,"£88,658.73",0,31-45,0,1,No,Yes,Stayed
15736399,606,Spain,Male,42,10,£0.00,2,1,0,"£177,938.52",0,31-45,0,0,Yes,No,Stayed
15751137,850,Germany,Female,36,3,"£169,025.83",1,1,0,"£174,235.06",0,31-45,0.97,0,Yes,No,Stayed
15757188,644,Spain,Female,26,4,"£153,455.72",2,1,1,"£82,696.84",0,18-30,1.86,0,Yes,Yes,Stayed
15726167,655,France,Male,37,4,£0.00,2,1,1,"£142,415.97",0,31-45,0,0,Yes,Yes,Stayed
15624850,850,France,Male,30,10,"£153,972.89",2,1,0,"£62,811.03",0,18-30,2.45,0,Yes,No,Stayed
15717700,683,Spain,Male,34,9,"£114,609.55",2,0,1,"£25,339.29",0,31-45,4.52,0,No,Yes,Stayed
15716347,663,Germany,Male,37,7,"£143,625.83",2,0,1,"£176,487.05",0,31-45,0.81,0,No,Yes,Stayed
15696287,682,Germany,Female,38,1,"£116,520.28",1,1,1,"£49,833.50",1,31-45,2.34,0,Yes,Yes,Churned
15638871,639,France,Male,77,6,"£80,926.02",2,1,1,"£55,829.25",0,60+,1.45,0,Yes,Yes,Stayed
15765093,704,France,Male,23,6,"£166,594.78",1,1,1,"£155,823.20",0,18-30,1.07,0,Yes,Yes,Stayed
15592999,691,France,Female,40,0,"£115,465.98",1,1,1,"£60,622.61",0,31-45,1.9,0,Yes,Yes,Stayed
15641715,599,France,Male,34,8,£0.00,2,1,1,"£174,196.68",0,31-45,0,0,Yes,Yes,Stayed
15607746,573,France,Female,36,1,£0.00,1,1,1,"£56,905.38",0,31-45,0,0,Yes,Yes,Stayed
15625311,589,Germany,Female,41,7,"£92,618.62",1,1,1,"£101,178.85",0,31-45,0.92,0,Yes,Yes,Stayed
15573077,620,Germany,Female,25,8,"£141,825.88",1,1,1,"£73,857.94",1,18-30,1.92,0,Yes,Yes,Churned
15735106,647,Spain,Male,28,6,"£149,594.02",2,1,0,"£102,325.19",0,18-30,1.46,0,Yes,No,Stayed
15672912,737,Spain,Female,39,7,"£130,051.66",2,0,0,"£55,356.39",1,31-45,2.35,0,No,No,Churned
15589881,634,France,Female,41,7,£0.00,2,1,1,"£131,284.93",0,31-45,0,0,Yes,Yes,Stayed
15660144,660,France,Male,38,4,£0.00,2,0,0,"£88,080.43",0,31-45,0,0,No,No,Stayed
15664083,666,Germany,Female,37,2,"£158,468.76",1,0,1,"£93,266.01",0,31-45,1.7,0,No,Yes,Stayed
15690898,696,France,Male,44,8,"£161,889.79",1,0,0,"£75,562.47",0,31-45,2.14,0,No,No,Stayed
15808023,836,France,Female,29,9,"£133,681.78",1,1,1,"£153,747.73",0,18-30,0.87,0,Yes,Yes,Stayed
15676909,667,Spain,Female,34,5,£0.00,2,1,0,"£163,830.64",0,31-45,0,0,Yes,No,Stayed
15764922,596,Spain,Male,20,3,"£187,294.46",1,1,0,"£103,456.47",0,18-30,1.81,0,Yes,No,Stayed
15766734,430,France,Male,31,5,£0.00,1,1,0,"£95,655.16",0,31-45,0,0,Yes,No,Stayed
15795079,596,Spain,Male,67,6,£0.00,2,1,1,"£138,350.74",0,60+,0,0,Yes,Yes,Stayed
15757434,599,France,Male,28,7,"£119,706.22",1,0,0,"£31,190.42",0,18-30,3.84,0,No,No,Stayed
15673747,519,France,Female,22,8,£0.00,1,0,1,"£167,553.06",0,18-30,0,0,No,Yes,Stayed
15808386,721,Germany,Female,45,7,"£138,523.20",1,0,0,"£59,604.45",1,31-45,2.32,0,No,No,Churned
15603565,603,Spain,Female,56,5,"£90,778.76",2,1,0,"£162,223.67",1,46-60,0.56,0,Yes,No,Churned
15744044,572,Germany,Male,47,4,"£99,353.42",1,1,0,"£196,549.85",1,46-60,0.51,0,Yes,No,Churned
15577771,453,Germany,Female,40,1,"£111,524.49",1,1,1,"£120,373.84",1,31-45,0.93,0,Yes,Yes,Churned
15769548,668,France,Female,37,7,"£128,645.67",1,1,0,"£92,149.64",0,31-45,1.4,0,Yes,No,Stayed
15802071,762,Germany,Male,35,1,"£117,458.51",1,0,1,"£178,361.48",1,31-45,0.66,0,No,Yes,Churned
15677395,633,France,Female,39,9,"£129,189.15",2,0,0,"£170,998.83",0,31-45,0.76,0,No,No,Stayed
15632010,647,Spain,Male,33,7,"£121,260.19",2,1,0,"£77,216.48",0,31-45,1.57,0,Yes,No,Stayed
15779492,796,Spain,Male,56,6,"£94,231.13",1,0,0,"£121,164.60",1,46-60,0.78,0,No,No,Churned
15694677,733,France,Male,39,1,£0.00,2,1,1,"£141,841.31",0,31-45,0,0,Yes,Yes,Stayed
15704315,556,France,Male,34,8,"£163,757.06",1,1,1,"£104,000.06",0,31-45,1.57,0,Yes,Yes,Stayed
15742009,489,Spain,Male,58,4,£0.00,2,1,1,"£191,419.32",0,46-60,0,0,Yes,Yes,Stayed
15766663,639,France,Male,22,4,£0.00,2,1,0,"£28,188.96",0,18-30,0,0,Yes,No,Stayed
15742297,715,France,Male,35,2,"£141,005.47",1,1,1,"£60,407.93",0,31-45,2.33,0,Yes,Yes,Stayed
15688059,807,Germany,Female,42,9,"£105,356.09",2,1,1,"£130,489.37",0,31-45,0.81,0,Yes,Yes,Stayed
15752344,714,Spain,Male,34,5,£0.00,2,1,0,"£193,040.32",0,31-45,0,0,Yes,No,Stayed
15698749,626,Germany,Female,23,6,"£85,897.95",1,1,0,"£109,742.80",0,18-30,0.78,0,Yes,No,Stayed
15631693,697,France,Male,36,7,£0.00,2,1,1,"£74,760.32",0,31-45,0,0,Yes,Yes,Stayed
15604536,850,Germany,Female,31,4,"£164,672.66",1,0,1,"£61,936.10",0,31-45,2.66,0,No,Yes,Stayed
15802869,737,Germany,Female,45,2,"£99,169.67",2,1,1,"£78,650.95",0,31-45,1.26,0,Yes,Yes,Stayed
15635598,812,France,Male,29,6,£0.00,2,0,0,"£168,023.60",0,18-30,0,0,No,No,Stayed
15592326,583,France,Male,36,8,£0.00,2,0,1,"£5,571.59",0,31-45,0,0,No,Yes,Stayed
15736533,730,Germany,Female,37,5,"£124,053.03",1,1,0,"£118,591.67",0,31-45,1.05,0,Yes,No,Stayed
15647191,677,France,Male,36,4,£0.00,2,1,0,"£7,824.31",0,31-45,0,0,Yes,No,Stayed
15622507,748,Germany,Female,40,3,"£103,499.09",2,0,0,"£38,153.19",0,31-45,2.71,0,No,No,Stayed
15765487,753,Germany,Female,38,9,"£151,766.71",1,1,1,"£180,829.99",0,31-45,0.84,0,Yes,Yes,Stayed
15646521,634,Spain,Female,36,1,£0.00,1,1,1,"£143,960.72",0,31-45,0,0,Yes,Yes,Stayed
15746258,622,France,Male,29,7,"£101,486.96",1,1,1,"£8,788.35",0,18-30,11.55,0,Yes,Yes,Stayed
15692430,699,Germany,Male,36,2,"£123,601.56",2,1,0,"£103,557.85",0,31-45,1.19,0,Yes,No,Stayed
15625501,570,Germany,Male,38,1,"£127,201.58",1,1,0,"£147,168.28",1,31-45,0.86,0,Yes,No,Churned
15640521,552,Germany,Male,33,3,"£144,962.74",1,1,0,"£58,844.84",1,31-45,2.46,0,Yes,No,Churned
15790630,619,France,Female,48,4,£0.00,1,0,0,"£18,094.96",1,46-60,0,0,No,No,Churned
15664720,714,Spain,Male,33,8,"£122,017.19",1,0,0,"£162,515.17",0,31-45,0.75,0,No,No,Stayed
15750055,503,Spain,Male,32,9,"£100,262.88",2,1,1,"£157,921.25",0,31-45,0.63,0,Yes,Yes,Stayed
15644878,685,Spain,Female,43,6,"£117,302.62",1,0,0,"£68,701.73",0,31-45,1.71,0,No,No,Stayed
15754578,606,France,Female,35,0,"£135,984.15",2,1,0,"£186,778.89",0,31-45,0.73,0,Yes,No,Stayed
15705379,678,France,Male,38,3,£0.00,2,1,0,"£66,561.60",0,31-45,0,0,Yes,No,Stayed
15761047,724,Germany,Male,31,2,"£160,997.54",2,0,1,"£64,831.36",0,31-45,2.48,0,No,Yes,Stayed
15671293,779,Germany,Female,37,2,"£128,389.63",1,1,1,"£6,589.16",1,31-45,19.48,0,Yes,Yes,Churned
15687527,638,Spain,Male,35,1,£0.00,2,1,0,"£165,370.66",0,31-45,0,0,Yes,No,Stayed
15647898,610,Spain,Female,50,5,"£130,554.51",3,1,0,"£184,758.17",1,46-60,0.71,1,Yes,No,Churned
15671534,646,Germany,Female,57,6,"£90,212.00",1,1,0,"£13,911.27",1,46-60,6.48,0,Yes,No,Churned
15591248,628,France,Female,29,9,"£71,996.29",1,1,1,"£34,857.46",0,18-30,2.07,0,Yes,Yes,Stayed
15676156,528,France,Female,32,4,"£85,615.66",2,1,0,"£156,192.43",0,31-45,0.55,0,Yes,No,Stayed
15812918,432,France,Female,27,6,"£62,339.81",2,0,0,"£53,874.67",0,18-30,1.16,0,No,No,Stayed
15604130,622,Spain,Female,47,6,"£142,319.03",1,0,0,"£100,183.05",0,46-60,1.42,0,No,No,Stayed
15700549,721,France,Male,54,5,£0.00,2,1,1,"£4,493.12",0,46-60,0,0,Yes,Yes,Stayed
15715519,614,Spain,Male,36,5,£0.00,2,1,0,"£130,610.78",0,31-45,0,0,Yes,No,Stayed
15707042,634,France,Female,24,2,"£87,413.19",1,1,0,"£63,340.65",0,18-30,1.38,0,Yes,No,Stayed
15605276,742,France,Female,29,4,£0.00,2,1,1,"£180,066.59",0,18-30,0,0,Yes,Yes,Stayed
15630592,516,France,Female,45,4,£0.00,1,1,0,"£95,273.73",1,31-45,0,0,Yes,No,Churned
15636626,718,France,Male,35,3,"£97,560.16",1,1,1,"£53,511.74",0,31-45,1.82,0,Yes,Yes,Stayed
15740411,636,Germany,Male,30,8,"£141,787.31",2,1,1,"£109,685.61",0,18-30,1.29,0,Yes,Yes,Stayed
15593834,691,Spain,Male,36,7,"£129,934.64",1,0,0,"£75,664.56",1,31-45,1.72,0,No,No,Churned
15804235,698,France,Female,37,2,"£166,178.02",2,1,1,"£71,972.95",0,31-45,2.31,0,Yes,Yes,Stayed
15679801,712,Spain,Female,39,5,"£163,097.55",2,1,1,"£23,702.42",0,31-45,6.88,0,Yes,Yes,Stayed
15673907,659,France,Male,20,8,£0.00,2,0,0,"£112,572.02",0,18-30,0,0,No,No,Stayed
15636562,573,Spain,Male,44,8,£0.00,2,0,0,"£62,424.46",0,31-45,0,0,No,No,Stayed
15702571,778,Germany,Female,35,1,"£151,958.19",3,1,1,"£131,238.37",1,31-45,1.16,1,Yes,Yes,Churned
15627365,732,France,Male,46,0,£0.00,2,1,1,"£184,350.78",0,46-60,0,0,Yes,Yes,Stayed
15748499,550,Germany,Male,33,4,"£118,400.91",1,0,1,"£13,999.64",1,31-45,8.46,0,No,Yes,Churned
15598614,790,Spain,Male,20,8,£0.00,2,1,0,"£168,152.76",0,18-30,0,0,Yes,No,Stayed
15668889,665,Germany,Female,43,2,"£116,322.27",4,1,0,"£35,640.12",1,31-45,3.26,1,Yes,No,Churned
15800049,728,Spain,Female,43,5,£0.00,1,1,1,"£120,088.17",0,31-45,0,0,Yes,Yes,Stayed
15583724,645,Spain,Female,29,4,£0.00,2,1,1,"£74,346.11",0,18-30,0,0,Yes,Yes,Stayed
15622083,647,Germany,Male,30,6,"£143,138.91",2,1,0,"£2,955.46",0,18-30,48.43,0,Yes,No,Stayed
15645571,596,Spain,Male,32,4,£0.00,2,0,1,"£146,504.35",0,31-45,0,0,No,Yes,Stayed
15598266,610,France,Male,40,9,£0.00,1,1,1,"£149,602.54",0,31-45,0,0,Yes,Yes,Stayed
15667934,512,France,Male,36,0,"£129,804.17",1,1,0,"£53,020.90",0,31-45,2.45,0,Yes,No,Stayed
15569682,768,Germany,Male,37,9,"£108,308.11",1,1,0,"£41,788.25",1,31-45,2.59,0,Yes,No,Churned
15772941,666,Germany,Male,30,3,"£110,153.27",1,0,1,"£74,849.46",0,18-30,1.47,0,No,Yes,Stayed
15586174,700,Germany,Female,30,4,"£116,377.48",1,1,1,"£134,417.31",0,18-30,0.87,0,Yes,Yes,Stayed
15803682,651,Germany,Female,37,10,"£117,791.06",2,1,1,"£75,837.58",0,31-45,1.55,0,Yes,Yes,Stayed
15627328,542,Spain,Female,26,2,£0.00,2,1,1,"£54,869.54",0,18-30,0,0,Yes,Yes,Stayed
15717065,686,France,Female,35,8,"£105,419.73",1,1,0,"£35,356.46",0,31-45,2.98,0,Yes,No,Stayed
15602456,850,Germany,Female,47,4,"£99,219.47",2,1,1,"£122,141.13",0,46-60,0.81,0,Yes,Yes,Stayed
15721569,658,Germany,Female,55,8,"£119,327.93",1,0,1,"£119,439.66",0,46-60,1,0,No,Yes,Stayed
15573798,448,France,Female,36,6,"£83,947.12",2,1,0,"£81,999.53",0,31-45,1.02,0,Yes,No,Stayed
15638272,609,Spain,Male,32,4,"£99,883.16",1,1,1,"£120,594.85",0,31-45,0.83,0,Yes,Yes,Stayed
15799859,704,France,Male,50,4,"£165,438.26",1,1,0,"£120,770.75",1,46-60,1.37,0,Yes,No,Churned
15599152,698,France,Male,31,1,"£156,111.24",1,0,0,"£134,790.74",0,31-45,1.16,0,No,No,Stayed
15737909,759,France,Male,44,2,"£111,095.58",2,1,0,"£100,137.70",0,31-45,1.11,0,Yes,No,Stayed
15646190,677,France,Female,56,0,"£119,963.45",1,0,0,"£158,325.87",1,46-60,0.76,0,No,No,Churned
15711249,544,Spain,Male,22,4,£0.00,2,1,0,"£70,007.67",0,18-30,0,0,Yes,No,Stayed
15671987,567,Spain,Male,35,8,"£153,137.74",1,1,0,"£88,659.07",0,31-45,1.73,0,Yes,No,Stayed
15812766,490,Spain,Male,40,6,"£156,111.08",1,0,0,"£190,889.13",0,31-45,0.82,0,No,No,Stayed
15778589,626,France,Male,34,7,"£113,014.70",2,1,1,"£56,646.28",0,31-45,2,0,Yes,Yes,Stayed
15750104,718,Germany,Male,43,5,"£132,615.73",2,1,0,"£32,999.10",0,31-45,4.02,0,Yes,No,Stayed
15784526,616,France,Male,44,5,"£102,016.38",1,0,1,"£178,235.37",1,31-45,0.57,0,No,Yes,Churned
15646563,772,France,Female,35,9,£0.00,1,0,1,"£25,448.31",0,31-45,0,0,No,Yes,Stayed
15744423,561,France,Male,32,5,£0.00,2,1,0,"£84,871.99",0,31-45,0,0,Yes,No,Stayed
15593694,814,France,Male,49,8,£0.00,2,0,0,"£157,822.54",0,46-60,0,0,No,No,Stayed
15785367,651,France,Female,56,4,£0.00,1,0,0,"£84,383.22",1,46-60,0,0,No,No,Churned
15687765,538,Germany,Female,42,4,"£80,380.24",1,1,0,"£119,216.46",0,31-45,0.67,0,Yes,No,Stayed
15789014,600,France,Female,26,6,"£108,909.12",1,1,0,"£82,547.01",0,18-30,1.32,0,Yes,No,Stayed
15703177,654,France,Female,35,2,"£90,865.80",1,1,1,"£86,764.46",0,31-45,1.05,0,Yes,Yes,Stayed
15660263,622,France,Male,40,4,"£99,799.76",2,1,0,"£197,372.13",0,31-45,0.51,0,Yes,No,Stayed
15776545,682,France,Male,28,10,"£200,724.96",1,0,1,"£82,872.64",1,18-30,2.42,0,No,Yes,Churned
15683276,610,Spain,Female,37,10,"£140,363.95",2,1,1,"£129,563.86",0,31-45,1.08,0,Yes,Yes,Stayed
15599272,795,France,Female,36,1,"£151,844.64",1,1,1,"£135,388.89",0,31-45,1.12,0,Yes,Yes,Stayed
15589541,557,France,Female,27,2,£0.00,2,0,1,"£4,497.55",0,18-30,0,0,No,Yes,Stayed
15608804,824,Germany,Male,49,8,"£133,231.48",1,1,1,"£67,885.37",0,46-60,1.96,0,Yes,Yes,Stayed
15645820,698,France,Male,27,7,£0.00,2,1,0,"£111,471.55",0,18-30,0,0,Yes,No,Stayed
15659031,630,France,Female,36,8,"£126,598.99",2,1,1,"£134,407.93",0,31-45,0.94,0,Yes,Yes,Stayed
15790113,609,Germany,Female,71,6,"£113,317.10",1,1,0,"£108,258.22",1,60+,1.05,0,Yes,No,Churned
15652289,694,France,Male,47,4,£0.00,2,1,0,"£197,528.62",0,46-60,0,0,Yes,No,Stayed
15605341,681,France,Female,58,8,"£93,173.88",1,1,1,"£139,761.25",0,46-60,0.67,0,Yes,Yes,Stayed
15697844,721,Spain,Female,32,10,£0.00,1,1,0,"£136,119.96",1,31-45,0,0,Yes,No,Churned
15652048,563,Germany,Male,44,7,"£105,007.31",2,1,1,"£197,812.16",0,31-45,0.53,0,Yes,Yes,Stayed
15587038,654,Spain,Female,32,2,£0.00,1,1,1,"£51,972.92",1,31-45,0,0,Yes,Yes,Churned
15660528,659,Spain,Male,27,4,£0.00,2,1,0,"£99,341.87",0,18-30,0,0,Yes,No,Stayed
15700300,674,Germany,Female,44,4,"£131,593.85",1,0,1,"£171,345.02",1,31-45,0.77,0,No,Yes,Churned
15642001,576,Germany,Male,44,9,"£119,530.52",1,1,0,"£119,056.68",1,31-45,1,0,Yes,No,Churned
15580366,566,Germany,Male,54,4,"£118,614.60",2,1,1,"£172,601.62",0,46-60,0.69,0,Yes,Yes,Stayed
15657228,545,Germany,Male,37,9,"£95,829.13",2,0,1,"£104,936.88",0,31-45,0.91,0,No,Yes,Stayed
15729377,798,France,Male,36,1,£0.00,2,1,1,"£159,044.10",0,31-45,0,0,Yes,Yes,Stayed
15686913,757,France,Male,38,0,£0.00,1,1,0,"£83,263.06",0,31-45,0,0,Yes,No,Stayed
15631267,641,France,Male,50,6,"£153,590.73",2,1,1,"£130,910.78",0,46-60,1.17,0,Yes,Yes,Stayed
15632275,718,France,Male,29,2,£0.00,1,1,0,"£126,336.72",0,18-30,0,0,Yes,No,Stayed
15715907,699,France,Male,64,9,"£113,109.52",1,1,0,"£27,980.80",1,60+,4.04,0,Yes,No,Churned
15764841,623,France,Female,35,0,"£130,557.24",1,1,1,"£47,880.71",0,31-45,2.73,0,Yes,Yes,Stayed
15748649,644,France,Male,40,8,"£93,183.19",1,1,0,"£73,882.49",0,31-45,1.26,0,Yes,No,Stayed
15771409,586,France,Male,58,7,"£151,933.63",1,1,0,"£162,960.05",1,46-60,0.93,0,Yes,No,Churned
15779207,500,Germany,Male,30,2,"£125,495.64",2,1,1,"£68,807.47",0,18-30,1.82,0,Yes,Yes,Stayed
15814116,583,France,Female,42,7,£0.00,2,1,0,"£144,039.05",0,31-45,0,0,Yes,No,Stayed
15665087,595,Germany,Female,26,8,"£118,547.72",1,1,1,"£151,192.18",0,18-30,0.78,0,Yes,Yes,Stayed
15611189,670,Spain,Male,43,1,"£97,792.21",1,0,0,"£120,225.62",0,31-45,0.81,0,No,No,Stayed
15729718,610,France,Male,41,6,£0.00,3,0,0,"£56,118.81",1,31-45,0,1,No,No,Churned
15733602,814,Spain,Female,72,2,£0.00,2,0,1,"£130,853.03",0,60+,0,0,No,Yes,Stayed
15620103,660,France,Female,40,8,"£167,181.01",1,1,1,"£185,156.94",0,31-45,0.9,0,Yes,Yes,Stayed
15770406,580,Germany,Male,35,9,"£121,355.19",1,0,1,"£35,671.45",0,31-45,3.4,0,No,Yes,Stayed
15800554,850,France,Female,81,1,£0.00,2,1,1,"£59,568.24",0,60+,0,0,Yes,Yes,Stayed
15611409,676,Spain,Male,35,0,£0.00,2,0,0,"£139,911.58",0,31-45,0,0,No,No,Stayed
15646535,578,France,Male,46,5,"£113,226.47",1,1,0,"£56,770.76",0,46-60,1.99,0,Yes,No,Stayed
15575430,579,France,Female,33,1,"£118,392.75",1,1,1,"£157,564.75",0,31-45,0.75,0,Yes,Yes,Stayed
15711299,711,Germany,Female,52,8,"£145,262.54",1,0,1,"£131,473.31",0,46-60,1.1,0,No,Yes,Stayed
15642063,692,France,Male,40,6,"£163,505.16",1,0,0,"£90,424.09",0,31-45,1.81,0,No,No,Stayed
15706602,760,Spain,Female,33,1,"£118,114.28",2,0,1,"£156,660.21",0,31-45,0.75,0,No,Yes,Stayed
15592773,630,Germany,Female,51,0,"£108,449.23",3,0,0,"£88,372.69",1,46-60,1.23,1,No,No,Churned
15786539,808,France,Male,32,1,£0.00,2,1,1,"£46,200.71",0,31-45,0,0,Yes,Yes,Stayed
15737542,611,Germany,Female,36,10,"£103,294.56",1,1,0,"£160,548.12",0,31-45,0.64,0,Yes,No,Stayed
15590234,697,France,Female,42,1,£0.00,1,1,0,"£1,262.83",1,31-45,0,0,Yes,No,Churned
15773776,655,France,Female,38,6,£0.00,1,1,1,"£188,639.28",0,31-45,0,0,Yes,Yes,Stayed
15728082,601,Spain,Male,28,6,£0.00,2,1,0,"£14,665.28",0,18-30,0,0,Yes,No,Stayed
15609987,755,France,Male,42,2,"£119,919.12",1,1,0,"£156,868.21",0,31-45,0.76,0,Yes,No,Stayed
15735330,553,France,Male,37,1,£0.00,1,1,0,"£30,461.55",0,31-45,0,0,Yes,No,Stayed
15649430,723,France,Male,28,4,£0.00,2,1,1,"£123,885.88",0,18-30,0,0,Yes,Yes,Stayed
15768777,507,Spain,Female,34,4,£0.00,2,1,1,"£60,688.38",0,31-45,0,0,Yes,Yes,Stayed
15777893,777,France,Male,43,1,£0.00,2,1,0,"£21,785.91",0,31-45,0,0,Yes,No,Stayed
15791326,566,France,Male,34,3,£0.00,1,0,0,"£188,135.69",0,31-45,0,0,No,No,Stayed
15615176,732,France,Male,26,7,£0.00,2,1,0,"£154,364.66",0,18-30,0,0,Yes,No,Stayed
15735221,697,France,Female,42,10,£0.00,2,1,0,"£61,312.15",0,31-45,0,0,Yes,No,Stayed
15617991,555,France,Male,29,4,"£128,744.04",1,1,1,"£47,454.93",0,18-30,2.71,0,Yes,Yes,Stayed
15658504,584,Germany,Female,62,9,"£137,727.34",2,0,1,"£121,102.90",0,60+,1.14,0,No,Yes,Stayed
15785705,705,Germany,Female,44,10,"£106,731.58",1,1,0,"£137,419.87",1,31-45,0.78,0,Yes,No,Churned
15801817,688,France,Female,38,7,"£123,544.21",1,1,1,"£157,664.02",0,31-45,0.78,0,Yes,Yes,Stayed
15752578,626,France,Female,37,2,"£133,968.96",2,1,0,"£148,689.65",0,31-45,0.9,0,Yes,No,Stayed
15781574,636,Spain,Male,76,9,"£126,534.60",1,1,1,"£39,789.62",0,60+,3.18,0,Yes,Yes,Stayed
15792107,719,Spain,Female,35,8,£0.00,1,1,1,"£165,162.40",0,31-45,0,0,Yes,Yes,Stayed
15569917,706,Spain,Male,30,6,"£87,609.68",2,0,0,"£137,674.55",1,18-30,0.64,0,No,No,Churned
15721504,731,Spain,Male,41,3,£0.00,2,1,0,"£101,371.72",0,31-45,0,0,Yes,No,Stayed
15757306,738,Spain,Male,49,3,£0.00,3,1,1,"£65,066.48",1,46-60,0,1,Yes,Yes,Churned
15647295,426,France,Male,34,9,£0.00,2,1,0,"£107,876.91",0,31-45,0,0,Yes,No,Stayed
15642098,622,Spain,Female,36,0,"£108,960.00",2,1,0,"£111,180.30",1,31-45,0.98,0,Yes,No,Churned
15696120,701,Spain,Female,30,2,£0.00,2,1,0,"£115,650.63",0,18-30,0,0,Yes,No,Stayed
15675176,512,France,Male,51,6,"£144,953.31",1,1,1,"£165,035.17",0,46-60,0.88,0,Yes,Yes,Stayed
15700046,635,France,Male,41,4,"£103,544.88",2,1,0,"£193,746.55",0,31-45,0.53,0,Yes,No,Stayed
15782089,685,France,Male,33,6,£0.00,1,1,0,"£58,458.26",0,31-45,0,0,Yes,No,Stayed
15706394,609,France,Male,53,7,£0.00,2,0,1,"£52,332.85",0,46-60,0,0,No,Yes,Stayed
15759387,598,Germany,Male,38,1,"£101,487.18",1,1,1,"£75,959.10",1,31-45,1.34,0,Yes,Yes,Churned
15623369,708,France,Male,52,10,"£105,355.81",1,1,0,£123.07,1,46-60,856.06,0,Yes,No,Churned
15732943,574,Spain,Male,36,4,"£77,967.50",1,1,0,"£167,066.95",1,31-45,0.47,0,Yes,No,Churned
15750545,629,France,Male,44,5,£0.00,4,0,0,"£117,572.59",1,31-45,0,1,No,No,Churned
15809909,422,Spain,Female,54,4,£0.00,2,1,1,"£7,166.71",0,46-60,0,0,Yes,Yes,Stayed
15642448,656,Spain,Male,28,8,"£120,047.77",1,1,1,"£137,173.39",0,18-30,0.88,0,Yes,Yes,Stayed
15791944,697,France,Male,32,7,"£175,464.85",3,1,0,"£116,442.42",1,31-45,1.51,1,Yes,No,Churned
15768342,718,France,Male,52,8,"£79,475.30",3,1,1,"£32,421.32",1,46-60,2.45,1,Yes,Yes,Churned
15567919,586,Germany,Male,37,8,"£167,735.69",2,0,1,"£104,665.79",0,31-45,1.6,0,No,Yes,Stayed
15674750,481,Spain,Female,37,8,£0.00,2,1,0,"£44,215.86",0,31-45,0,0,Yes,No,Stayed
15778345,749,France,Female,33,1,"£74,385.98",1,1,0,"£20,164.47",0,31-45,3.69,0,Yes,No,Stayed
15687634,561,Germany,Male,49,5,"£94,754.00",1,1,1,"£26,691.31",0,46-60,3.55,0,Yes,Yes,Stayed
15666096,676,Spain,Male,27,4,£0.00,1,0,1,"£107,955.67",0,18-30,0,0,No,Yes,Stayed
15581700,615,Germany,Male,43,3,"£86,920.86",1,1,1,"£150,048.37",0,31-45,0.58,0,Yes,Yes,Stayed
15656417,582,France,Female,39,1,"£132,077.48",2,1,0,"£192,255.15",0,31-45,0.69,0,Yes,No,Stayed
15649101,601,France,Male,40,10,"£127,847.86",1,0,0,"£173,245.68",0,31-45,0.74,0,No,No,Stayed
15781975,708,France,Male,34,3,£0.00,1,0,1,"£121,457.88",1,31-45,0,0,No,Yes,Churned
15700511,708,Germany,Male,42,9,"£176,702.36",2,1,1,"£104,804.74",0,31-45,1.69,0,Yes,Yes,Stayed
15770255,797,Germany,Female,33,10,"£83,555.58",1,0,0,"£69,767.14",0,31-45,1.2,0,No,No,Stayed
15643574,682,France,Male,26,8,£0.00,2,1,0,"£178,373.43",0,18-30,0,0,Yes,No,Stayed
15595010,694,Spain,Female,39,9,£0.00,2,0,0,"£99,924.04",0,31-45,0,0,No,No,Stayed
15580579,490,France,Female,40,1,£0.00,1,1,1,"£49,594.19",1,31-45,0,0,Yes,Yes,Churned
15748532,828,Spain,Male,42,10,£0.00,1,1,1,"£186,071.14",0,31-45,0,0,Yes,Yes,Stayed
15773789,594,Spain,Female,38,7,"£96,858.35",1,1,0,"£77,511.45",0,31-45,1.25,0,Yes,No,Stayed
15600027,579,Spain,Male,33,1,£0.00,2,1,1,"£54,816.57",0,31-45,0,0,Yes,Yes,Stayed
15620832,723,France,Female,35,0,£0.00,2,0,1,"£61,290.99",0,31-45,0,0,No,Yes,Stayed
15568819,619,Germany,Female,42,8,"£132,796.04",3,1,1,"£191,821.35",1,31-45,0.69,1,Yes,Yes,Churned
15748691,794,Spain,Female,30,1,"£154,970.54",1,0,1,"£156,768.45",0,18-30,0.99,0,No,Yes,Stayed
15583552,674,Germany,Male,44,3,"£88,902.21",1,1,0,"£73,731.32",0,31-45,1.21,0,Yes,No,Stayed
15588019,418,France,Male,28,7,"£98,738.92",1,1,0,"£122,190.22",0,18-30,0.81,0,Yes,No,Stayed
15713250,502,France,Male,33,8,£0.00,2,1,1,"£123,509.01",0,31-45,0,0,Yes,Yes,Stayed
15569595,678,France,Female,50,6,£0.00,1,1,0,"£8,199.50",0,46-60,0,0,Yes,No,Stayed
15794868,599,Germany,Male,40,10,"£137,456.28",2,1,1,"£14,113.11",0,31-45,9.74,0,Yes,Yes,Stayed
15576680,736,France,Male,29,4,£0.00,2,0,0,"£51,705.01",0,18-30,0,0,No,No,Stayed
15613699,430,France,Female,60,7,"£73,937.02",1,1,0,"£161,937.62",1,46-60,0.46,0,Yes,No,Churned
15609758,537,France,Female,45,7,"£158,621.04",1,1,0,"£120,892.96",1,31-45,1.31,0,Yes,No,Churned
15762392,683,Spain,Male,30,1,"£113,257.20",1,1,1,"£65,035.02",0,18-30,1.74,0,Yes,Yes,Stayed
15693382,828,France,Male,31,9,£0.00,1,0,1,"£164,257.37",0,31-45,0,0,No,Yes,Stayed
15791769,691,France,Female,29,9,"£116,536.43",1,1,0,"£51,987.99",0,18-30,2.24,0,Yes,No,Stayed
15712483,608,Spain,Female,28,4,£0.00,2,1,0,"£10,899.63",1,18-30,0,0,Yes,No,Churned
15636454,691,France,Female,60,6,"£101,070.69",1,1,0,"£177,355.80",1,46-60,0.57,0,Yes,No,Churned
15710138,718,Spain,Male,39,6,£0.00,2,0,1,"£63,889.10",0,31-45,0,0,No,Yes,Stayed
15571571,680,Germany,Female,31,3,"£127,331.46",3,1,1,"£176,433.60",0,31-45,0.72,1,Yes,Yes,Stayed
15638751,838,Spain,Female,41,5,£0.00,2,1,0,"£81,313.51",0,31-45,0,0,Yes,No,Stayed
15598574,695,Spain,Female,31,5,£0.00,2,0,1,"£13,998.88",0,31-45,0,0,No,Yes,Stayed
15796787,681,France,Male,46,0,"£105,969.42",1,1,0,"£5,771.56",0,46-60,18.36,0,Yes,No,Stayed
15615670,762,France,Male,36,5,"£119,547.46",1,1,1,"£42,693.65",0,31-45,2.8,0,Yes,Yes,Stayed
15705506,751,Spain,Male,38,7,£0.00,2,0,0,"£90,839.61",0,31-45,0,0,No,No,Stayed
15599535,678,Spain,Male,28,5,"£138,668.18",1,1,1,"£54,144.01",0,18-30,2.56,0,Yes,Yes,Stayed
15768449,634,France,Female,37,7,"£51,582.50",2,1,1,"£184,312.88",0,31-45,0.28,0,Yes,Yes,Stayed
15725002,749,France,Male,37,7,£0.00,2,1,0,"£20,306.79",0,31-45,0,0,Yes,No,Stayed
15611682,590,Spain,Male,37,6,"£169,902.92",1,1,1,"£128,256.18",0,31-45,1.32,0,Yes,Yes,Stayed
15749964,610,France,Female,27,4,"£87,262.40",2,1,0,"£182,720.07",0,18-30,0.48,0,Yes,No,Stayed
15678779,502,France,Male,33,7,£0.00,2,0,1,"£4,082.52",0,31-45,0,0,No,Yes,Stayed
15752601,578,France,Female,40,7,£0.00,2,0,0,"£102,233.73",0,31-45,0,0,No,No,Stayed
15758477,547,France,Female,32,2,£0.00,2,1,0,"£132,002.83",0,31-45,0,0,Yes,No,Stayed
15629133,579,France,Female,27,9,£0.00,2,1,0,"£126,838.70",0,18-30,0,0,Yes,No,Stayed
15604963,661,France,Male,39,5,£0.00,2,0,0,"£181,461.46",0,31-45,0,0,No,No,Stayed
15796413,794,France,Male,46,6,£0.00,2,1,0,"£195,325.74",0,46-60,0,0,Yes,No,Stayed
15812470,719,France,Male,61,5,£0.00,2,0,1,"£29,132.43",0,60+,0,0,No,Yes,Stayed
15587443,728,France,Female,69,1,£0.00,2,1,1,"£131,804.86",0,60+,0,0,Yes,Yes,Stayed
15689692,598,Germany,Male,19,3,"£150,348.37",1,1,1,"£173,784.04",0,18-30,0.87,0,Yes,Yes,Stayed
15779586,822,Germany,Female,46,3,"£115,074.02",2,1,0,"£26,249.86",0,46-60,4.38,0,Yes,No,Stayed
15667588,670,Spain,Female,40,3,£0.00,1,1,1,"£182,650.15",0,31-45,0,0,Yes,Yes,Stayed
15624423,850,France,Male,28,8,"£99,986.98",1,1,0,"£196,582.55",0,18-30,0.51,0,Yes,No,Stayed
15591107,723,Germany,Female,68,3,"£110,357.00",1,0,0,"£141,977.54",1,60+,0.78,0,No,No,Churned
15748986,705,Germany,Male,42,8,"£166,685.92",2,1,1,"£55,313.51",0,31-45,3.01,0,Yes,Yes,Stayed
15793896,677,Spain,Male,40,7,"£95,312.80",1,1,1,"£62,944.75",0,31-45,1.51,0,Yes,Yes,Stayed
15620570,736,France,Male,43,4,"£202,443.47",1,1,0,"£72,375.03",0,31-45,2.8,0,Yes,No,Stayed
15727811,661,Germany,Female,47,0,"£109,493.62",1,0,0,"£188,324.01",1,46-60,0.58,0,No,No,Churned
15707681,501,Germany,Male,38,9,"£88,977.39",2,0,1,"£133,403.07",0,31-45,0.67,0,No,Yes,Stayed
15702030,516,France,Female,29,2,"£104,982.57",1,1,0,"£157,378.50",0,18-30,0.67,0,Yes,No,Stayed
15673238,517,Germany,Female,59,8,"£154,110.99",2,1,0,"£101,240.08",1,46-60,1.52,0,Yes,No,Churned
15604196,766,France,Male,32,6,"£185,714.28",1,1,1,"£102,502.50",0,31-45,1.81,0,Yes,Yes,Stayed
15769356,520,Germany,Female,23,3,"£116,022.53",2,1,1,"£37,577.66",0,18-30,3.09,0,Yes,Yes,Stayed
15665590,541,France,Male,46,6,£0.00,2,1,1,"£83,456.67",0,46-60,0,0,Yes,Yes,Stayed
15572361,790,Germany,Female,34,2,"£164,011.48",1,1,0,"£199,420.41",0,31-45,0.82,0,Yes,No,Stayed
15667460,797,France,Male,31,9,£0.00,2,1,1,"£24,748.89",0,31-45,0,0,Yes,Yes,Stayed
15654760,811,France,Male,40,1,"£101,514.89",1,1,1,"£121,765.00",0,31-45,0.83,0,Yes,Yes,Stayed
15632669,722,Spain,Female,32,4,£0.00,2,1,1,"£113,666.48",0,31-45,0,0,Yes,Yes,Stayed
15613673,675,France,Male,28,9,£0.00,1,1,0,"£134,110.93",0,18-30,0,0,Yes,No,Stayed
15698522,660,Germany,Male,39,9,"£134,599.33",2,1,0,"£183,095.87",0,31-45,0.74,0,Yes,No,Stayed
15741633,566,Spain,Male,32,10,"£147,511.26",1,1,1,"£159,891.03",0,31-45,0.92,0,Yes,Yes,Stayed
15674583,768,France,Male,25,0,"£78,396.08",1,1,1,"£8,316.19",0,18-30,9.43,0,Yes,Yes,Stayed
15665374,610,Spain,Female,31,5,£0.00,2,0,0,"£63,736.36",0,31-45,0,0,No,No,Stayed
15588854,715,France,Female,31,3,"£110,581.29",1,1,1,"£94,715.24",0,31-45,1.17,0,Yes,Yes,Stayed
15810716,750,Germany,Male,42,8,"£151,836.36",2,1,0,"£68,695.38",0,31-45,2.21,0,Yes,No,Stayed
15776921,431,Germany,Male,45,5,"£83,624.55",2,0,0,"£36,899.62",0,31-45,2.27,0,No,No,Stayed
15569394,704,France,Male,24,2,"£148,197.15",2,1,0,"£182,775.08",0,18-30,0.81,0,Yes,No,Stayed
15788215,535,Spain,Female,30,5,"£122,924.75",1,0,0,"£62,390.59",1,18-30,1.97,0,No,No,Churned
15641007,614,France,Female,38,4,"£72,594.00",1,1,1,"£76,042.48",0,31-45,0.95,0,Yes,Yes,Stayed
15594651,748,France,Male,38,4,"£115,221.36",1,0,1,"£70,956.75",0,31-45,1.62,0,No,Yes,Stayed
15575146,492,Germany,Male,51,8,"£117,808.74",2,1,1,"£67,311.12",0,46-60,1.75,0,Yes,Yes,Stayed
15608916,573,France,Male,40,7,"£147,754.68",1,1,1,"£110,454.46",0,31-45,1.34,0,Yes,Yes,Stayed
15666297,706,Spain,Female,53,3,£0.00,3,0,0,"£88,479.02",1,46-60,0,1,No,No,Churned
15598586,680,France,Male,31,10,"£113,292.17",1,1,1,"£122,639.73",0,31-45,0.92,0,Yes,Yes,Stayed
15665014,458,Spain,Male,36,5,£0.00,2,1,0,"£79,723.78",0,31-45,0,0,Yes,No,Stayed
15701738,612,Germany,Male,44,2,"£115,163.38",1,1,1,"£97,677.52",1,31-45,1.18,0,Yes,Yes,Churned
15650591,809,Germany,Male,50,10,"£118,098.62",1,1,1,"£100,720.02",1,46-60,1.17,0,Yes,Yes,Churned
15652667,590,France,Male,39,9,£0.00,2,1,1,"£104,730.52",0,31-45,0,0,Yes,Yes,Stayed
15679622,602,France,Male,35,8,£0.00,1,1,1,"£22,499.29",0,31-45,0,0,Yes,Yes,Stayed
15730150,540,Spain,Male,37,0,"£120,825.70",1,1,0,"£28,257.89",0,31-45,4.28,0,Yes,No,Stayed
15813192,494,France,Male,25,6,£0.00,2,0,1,"£109,988.09",0,18-30,0,0,No,Yes,Stayed
15606554,797,France,Male,29,1,£0.00,1,0,1,"£149,991.32",0,18-30,0,0,No,Yes,Stayed
15611794,526,Germany,Male,61,6,"£133,845.28",2,1,1,"£45,180.80",0,60+,2.96,0,Yes,Yes,Stayed
15672357,631,Spain,Male,38,7,£0.00,2,1,0,"£181,605.85",0,31-45,0,0,Yes,No,Stayed
15711759,576,France,Female,29,5,"£108,541.04",1,1,1,"£126,469.09",0,18-30,0.86,0,Yes,Yes,Stayed
15615296,405,France,Male,39,10,£0.00,1,1,0,"£160,810.85",1,31-45,0,0,Yes,No,Churned
15699294,555,France,Male,30,1,£0.00,2,0,0,"£88,146.86",0,18-30,0,0,No,No,Stayed
15788634,750,Spain,Female,37,2,"£113,817.06",1,0,0,"£88,333.74",0,31-45,1.29,0,No,No,Stayed
15660871,665,France,Male,28,8,"£137,300.23",1,1,0,"£90,174.83",0,18-30,1.52,0,Yes,No,Stayed
15618258,640,Spain,Male,37,5,"£158,024.38",1,1,0,"£81,298.09",0,31-45,1.94,0,Yes,No,Stayed
15722535,457,France,Female,33,7,"£127,837.54",1,0,1,"£60,013.17",0,31-45,2.13,0,No,Yes,Stayed
15711977,695,France,Male,36,4,"£161,533.00",1,1,0,"£100,940.91",0,31-45,1.6,0,Yes,No,Stayed
15690169,645,France,Male,31,7,"£161,171.70",2,1,0,"£12,599.94",1,31-45,12.79,0,Yes,No,Churned
15790689,647,Spain,Male,32,9,"£80,958.36",1,1,1,"£128,590.73",0,31-45,0.63,0,Yes,Yes,Stayed
15665181,808,Spain,Male,25,7,£0.00,2,0,1,"£23,180.37",0,18-30,0,0,No,Yes,Stayed
15633608,641,France,Male,33,2,"£146,193.60",2,1,1,"£55,796.83",1,31-45,2.62,0,Yes,Yes,Churned
15805261,700,Spain,Male,29,8,£0.00,2,0,1,"£152,097.02",0,18-30,0,0,No,Yes,Stayed
15740356,660,Germany,Male,26,4,"£115,021.76",1,0,1,"£162,443.05",0,18-30,0.71,0,No,Yes,Stayed
15808223,615,Spain,Male,41,1,"£126,773.43",1,1,1,"£55,551.26",0,31-45,2.28,0,Yes,Yes,Stayed
15769980,705,Germany,Female,40,3,"£92,889.91",1,1,1,"£109,496.69",0,31-45,0.85,0,Yes,Yes,Stayed
15675450,718,France,Male,48,9,£0.00,2,1,1,"£72,105.63",0,46-60,0,0,Yes,Yes,Stayed
15776494,754,France,Male,61,5,"£146,622.35",1,1,1,"£41,815.22",1,60+,3.51,0,Yes,Yes,Churned
15592412,713,Germany,Male,45,4,"£131,038.14",1,1,0,"£74,005.04",1,31-45,1.77,0,Yes,No,Churned
15777452,587,France,Female,46,6,"£88,820.29",1,0,0,"£70,224.34",0,46-60,1.26,0,No,No,Stayed
15692258,569,Spain,Male,31,1,"£115,406.97",1,0,0,"£145,528.22",0,31-45,0.79,0,No,No,Stayed
15791045,568,France,Female,38,3,"£132,951.92",1,0,1,"£124,486.28",0,31-45,1.07,0,No,Yes,Stayed
15807889,634,Germany,Male,74,5,"£108,891.70",1,1,0,"£10,078.02",0,60+,10.8,0,Yes,No,Stayed
15602043,770,Germany,Female,46,5,"£141,788.63",2,0,0,"£164,967.21",0,46-60,0.86,0,No,No,Stayed
15807335,676,Spain,Female,64,4,"£116,954.32",1,1,1,"£91,149.48",0,60+,1.28,0,Yes,Yes,Stayed
15629985,723,Germany,Female,47,10,"£90,450.00",2,0,0,"£103,379.31",1,46-60,0.87,0,No,No,Churned
15679453,614,Germany,Female,39,8,"£125,997.22",1,1,1,"£128,049.34",1,31-45,0.98,0,Yes,Yes,Churned
15637315,601,Spain,Female,41,3,£0.00,2,1,0,"£54,342.83",0,31-45,0,0,Yes,No,Stayed
15691513,592,France,Male,60,9,£0.00,4,1,1,"£13,614.01",1,46-60,0,1,Yes,Yes,Churned
15622289,605,Spain,Female,36,9,£0.00,2,0,1,"£35,521.63",0,31-45,0,0,No,Yes,Stayed
15715184,752,Spain,Female,31,4,"£144,637.86",2,1,0,"£40,496.72",0,31-45,3.57,0,Yes,No,Stayed
15702801,677,France,Female,29,3,"£86,616.35",1,0,0,"£91,903.90",1,18-30,0.94,0,No,No,Churned
15719931,850,France,Male,31,8,£0.00,2,1,0,"£178,667.70",0,31-45,0,0,Yes,No,Stayed
15806081,608,Germany,Female,48,2,"£127,924.25",2,1,0,"£32,202.61",0,46-60,3.97,0,Yes,No,Stayed
15796336,786,Spain,Female,34,9,£0.00,2,1,0,"£117,034.32",0,31-45,0,0,Yes,No,Stayed
15647306,777,France,Female,29,9,"£131,240.61",1,1,1,"£163,746.09",1,18-30,0.8,0,Yes,Yes,Churned
15742369,667,Spain,Male,31,5,£0.00,2,1,1,"£20,346.69",0,31-45,0,0,Yes,Yes,Stayed
15655859,848,Spain,Male,35,5,"£120,046.74",2,1,0,"£84,710.65",0,31-45,1.42,0,Yes,No,Stayed
15675650,486,France,Female,39,8,"£97,819.36",1,0,1,"£120,531.31",0,31-45,0.81,0,No,Yes,Stayed
15574119,598,Spain,Female,64,1,"£62,979.93",1,1,1,"£152,273.57",0,60+,0.41,0,Yes,Yes,Stayed
15754168,506,France,Female,40,3,£0.00,1,1,1,"£144,345.58",0,31-45,0,0,Yes,Yes,Stayed
15763029,612,Germany,Male,46,9,"£161,450.03",1,1,1,"£96,961.00",1,46-60,1.67,0,Yes,Yes,Churned
15765048,545,France,Male,30,3,£0.00,2,1,0,"£170,307.43",0,18-30,0,0,Yes,No,Stayed
15786215,793,France,Male,56,8,"£119,496.25",2,1,0,"£29,880.99",0,46-60,4,0,Yes,No,Stayed
15707559,682,France,Female,30,9,£0.00,2,1,1,"£195,104.91",0,18-30,0,0,Yes,Yes,Stayed
15582129,517,France,Male,62,1,"£43,772.66",3,1,0,"£187,756.24",1,60+,0.23,1,Yes,No,Churned
15687540,684,France,Male,32,9,"£100,249.41",2,0,1,"£67,599.69",0,31-45,1.48,0,No,Yes,Stayed
15787196,692,Spain,Male,46,2,£0.00,2,1,1,"£105,983.09",0,46-60,0,0,Yes,Yes,Stayed
15670898,740,France,Female,60,5,"£108,028.08",2,0,0,"£25,980.42",1,46-60,4.16,0,No,No,Churned
15775433,666,Germany,Male,71,1,"£53,013.29",2,1,1,"£112,222.64",0,60+,0.47,0,Yes,Yes,Stayed
15700693,693,France,Male,68,2,£0.00,2,1,1,"£59,864.96",0,60+,0,0,Yes,Yes,Stayed
15677955,757,Germany,Male,33,1,"£122,088.67",1,1,0,"£42,581.09",0,31-45,2.87,0,Yes,No,Stayed
15570086,684,Germany,Male,18,9,"£90,544.00",1,0,1,"£4,777.23",0,18-30,18.95,0,No,Yes,Stayed
15794875,691,Spain,Male,35,6,£0.00,2,0,1,"£178,038.17",0,31-45,0,0,No,Yes,Stayed
15673591,842,France,Male,44,3,"£141,252.18",4,0,1,"£128,521.16",1,31-45,1.1,1,No,Yes,Churned
15631756,482,France,Female,35,5,"£147,813.05",2,0,0,"£109,029.72",0,31-45,1.36,0,No,No,Stayed
15757617,735,France,Male,55,6,"£134,140.68",1,1,0,"£2,267.88",0,46-60,59.15,0,Yes,No,Stayed
15612729,681,France,Female,63,7,£0.00,2,1,1,"£55,054.48",0,60+,0,0,Yes,Yes,Stayed
15637857,616,France,Female,31,8,£0.00,1,0,1,"£76,456.17",0,31-45,0,0,No,Yes,Stayed
15681007,850,France,Female,35,2,"£128,548.49",4,1,0,"£75,478.95",1,31-45,1.7,1,Yes,No,Churned
15593622,635,France,Male,43,10,"£122,198.21",2,0,1,"£179,144.54",0,31-45,0.68,0,No,Yes,Stayed
15629273,638,Germany,Male,42,8,"£145,177.84",1,1,0,"£193,471.74",1,31-45,0.75,0,Yes,No,Churned
15765846,820,Spain,Female,31,2,"£94,222.53",1,1,0,"£103,570.80",0,31-45,0.91,0,Yes,No,Stayed
15596013,694,Germany,Female,58,1,"£143,212.22",1,0,0,"£102,628.56",1,46-60,1.4,0,No,No,Churned
15722473,713,France,Male,41,3,£0.00,2,1,0,"£55,772.04",0,31-45,0,0,Yes,No,Stayed
15774936,543,Germany,Male,41,6,"£143,350.41",1,1,1,"£192,070.16",1,31-45,0.75,0,Yes,Yes,Churned
15685640,649,France,Female,41,3,"£130,931.83",1,1,1,"£144,808.37",0,31-45,0.9,0,Yes,Yes,Stayed
15566563,777,France,Female,30,4,"£137,851.31",1,1,0,"£5,008.23",1,18-30,27.52,0,Yes,No,Churned
15768746,561,France,Male,33,6,£0.00,2,0,0,"£173,680.39",0,31-45,0,0,No,No,Stayed
15689952,724,Spain,Male,41,5,£0.00,1,0,1,"£115,753.94",0,31-45,0,0,No,Yes,Stayed
15725906,665,Spain,Female,51,8,£0.00,1,1,1,"£38,928.48",1,46-60,0,0,Yes,Yes,Churned
15634501,441,France,Male,60,1,"£140,614.15",1,0,1,"£174,381.23",0,46-60,0.81,0,No,Yes,Stayed
15571940,579,Spain,Male,22,3,"£118,680.57",1,1,1,"£49,829.80",0,18-30,2.38,0,Yes,Yes,Stayed
15741643,777,Germany,Male,35,7,"£122,917.69",1,1,1,"£76,169.68",0,31-45,1.61,0,Yes,Yes,Stayed
15806822,739,France,Female,36,0,£0.00,2,0,0,"£133,465.57",0,31-45,0,0,No,No,Stayed
15701166,660,France,Male,40,5,"£131,754.11",2,1,1,"£38,761.61",0,31-45,3.4,0,Yes,Yes,Stayed
15718531,554,France,Female,35,8,£0.00,2,1,1,"£176,779.46",0,31-45,0,0,Yes,Yes,Stayed
15628308,850,France,Female,24,6,£0.00,2,1,1,"£13,159.90",0,18-30,0,0,Yes,Yes,Stayed
15585287,842,Germany,Female,35,9,"£119,948.09",1,1,0,"£48,217.97",1,31-45,2.49,0,Yes,No,Churned
15781619,785,France,Female,38,1,£0.00,1,1,0,"£134,964.85",1,31-45,0,0,Yes,No,Churned
15805162,550,France,Male,25,0,£0.00,2,1,1,"£184,221.11",0,18-30,0,0,Yes,Yes,Stayed
15588535,750,Spain,Female,39,6,£0.00,2,0,0,"£19,264.33",0,31-45,0,0,No,No,Stayed
15775307,490,Spain,Female,38,3,"£97,266.10",1,1,1,"£92,797.23",0,31-45,1.05,0,Yes,Yes,Stayed
15777616,605,Germany,Male,28,10,"£113,690.83",1,1,0,"£33,114.24",0,18-30,3.43,0,Yes,No,Stayed
15692291,563,Spain,Female,42,6,"£99,056.22",2,1,0,"£154,347.95",1,31-45,0.64,0,Yes,No,Churned
15680843,675,France,Male,34,8,£0.00,2,1,1,"£184,842.21",0,31-45,0,0,Yes,Yes,Stayed
15606232,621,Spain,Female,36,7,"£116,338.68",1,1,1,"£155,743.48",0,31-45,0.75,0,Yes,Yes,Stayed
15641585,850,France,Male,40,6,"£97,339.99",1,0,1,"£88,815.25",0,31-45,1.1,0,No,Yes,Stayed
15684358,711,France,Male,41,3,£0.00,2,1,1,"£193,747.57",0,31-45,0,0,Yes,Yes,Stayed
15806389,549,Germany,Female,55,1,"£137,592.31",2,0,1,"£116,548.02",1,46-60,1.18,0,No,Yes,Churned
15641860,764,Germany,Male,34,6,"£108,760.27",2,1,0,"£166,324.79",1,31-45,0.65,0,Yes,No,Churned
15814237,627,Germany,Male,30,3,"£128,770.88",2,1,1,"£40,199.01",0,18-30,3.2,0,Yes,Yes,Stayed
15808780,850,France,Female,34,2,£0.00,2,0,0,"£51,919.04",0,31-45,0,0,No,No,Stayed
15767064,614,Spain,Female,36,1,"£44,054.84",1,1,1,"£73,329.08",0,31-45,0.6,0,Yes,Yes,Stayed
15751177,685,Germany,Female,44,2,"£119,657.53",1,1,0,"£145,387.05",1,31-45,0.82,0,Yes,No,Churned
15613427,683,Germany,Female,49,7,"£108,797.63",2,0,0,"£140,763.18",0,46-60,0.77,0,No,No,Stayed
15647259,643,Spain,Male,35,2,£0.00,2,0,0,"£67,979.35",0,31-45,0,0,No,No,Stayed
15748660,561,Germany,Female,49,1,"£102,025.32",1,1,0,"£133,051.64",1,46-60,0.77,0,Yes,No,Churned
15726695,601,Spain,Female,20,9,"£122,446.61",2,1,0,"£86,791.90",0,18-30,1.41,0,Yes,No,Stayed
15757473,766,France,Female,27,7,"£158,786.67",2,0,1,"£47,579.25",0,18-30,3.34,0,No,Yes,Stayed
15809509,699,France,Male,29,3,"£125,689.29",1,1,1,"£151,623.71",0,18-30,0.83,0,Yes,Yes,Stayed
15715512,850,Germany,Male,29,1,"£154,640.41",1,1,1,"£164,039.51",0,18-30,0.94,0,Yes,Yes,Stayed
15614168,792,Germany,Female,50,4,"£146,710.76",1,1,0,"£16,528.40",1,46-60,8.88,0,Yes,No,Churned
15679818,636,Germany,Male,67,7,"£136,709.35",1,0,1,"£66,753.10",1,60+,2.05,0,No,Yes,Churned
15609928,850,Germany,Male,43,5,"£129,305.09",2,0,1,"£19,244.58",0,31-45,6.72,0,No,Yes,Stayed
15731246,628,Spain,Male,40,10,£0.00,2,1,0,"£103,832.58",0,31-45,0,0,Yes,No,Stayed
15685243,736,France,Female,63,10,£0.00,2,0,1,£502.70,0,60+,0,0,No,Yes,Stayed
15638730,711,France,Female,21,0,"£82,844.33",2,0,1,"£1,408.68",0,18-30,58.81,0,No,Yes,Stayed
15697034,583,Spain,Female,22,2,£0.00,2,0,1,"£5,985.36",0,18-30,0,0,No,Yes,Stayed
15699225,757,France,Male,46,0,£0.00,2,1,0,"£37,460.05",0,46-60,0,0,Yes,No,Stayed
15677387,749,Germany,Female,33,10,"£76,692.22",1,0,1,"£30,396.43",0,31-45,2.52,0,No,Yes,Stayed
15759184,705,France,Male,34,7,"£117,715.84",1,1,0,"£2,498.67",0,31-45,47.11,0,Yes,No,Stayed
15595991,585,France,Male,54,8,"£87,105.32",1,1,1,"£55,346.14",0,46-60,1.57,0,Yes,Yes,Stayed
15681332,437,France,Female,43,6,£0.00,1,1,0,"£148,330.97",1,31-45,0,0,Yes,No,Churned
15756299,741,France,Female,64,2,"£69,311.16",1,1,1,"£59,237.72",0,60+,1.17,0,Yes,Yes,Stayed
15750547,738,France,Male,26,9,£0.00,2,1,1,"£48,644.94",0,18-30,0,0,Yes,Yes,Stayed
15566380,586,Spain,Female,33,10,"£66,948.67",2,1,1,"£140,759.03",0,31-45,0.48,0,Yes,Yes,Stayed
15675963,627,France,Female,57,9,£0.00,2,1,1,"£107,712.42",0,46-60,0,0,Yes,Yes,Stayed
15674671,551,Spain,Male,76,2,"£128,410.71",2,1,1,"£181,718.73",0,60+,0.71,0,Yes,Yes,Stayed
15621466,606,Germany,Male,38,3,"£99,897.53",1,0,0,"£37,054.65",0,31-45,2.7,0,No,No,Stayed
15607176,674,France,Male,22,3,£0.00,1,1,1,"£173,940.59",0,18-30,0,0,Yes,Yes,Stayed
15570299,584,Germany,Female,31,6,"£152,622.34",1,1,0,"£99,298.80",0,31-45,1.54,0,Yes,No,Stayed
15613197,590,France,Male,40,8,£0.00,2,1,0,"£62,933.03",0,31-45,0,0,Yes,No,Stayed
15798885,585,France,Male,56,4,"£138,227.19",2,1,1,"£55,287.84",0,46-60,2.5,0,Yes,Yes,Stayed
15714883,508,France,Female,25,2,"£111,395.53",1,0,1,"£48,197.06",0,18-30,2.31,0,No,Yes,Stayed
15604497,458,Germany,Male,44,7,"£84,386.57",1,1,0,"£178,642.73",0,31-45,0.47,0,Yes,No,Stayed
15773949,692,France,Female,36,3,£0.00,2,1,1,"£8,282.22",0,31-45,0,0,Yes,Yes,Stayed
15774164,502,Germany,Male,33,5,"£174,673.65",2,1,0,"£33,300.56",0,31-45,5.25,0,Yes,No,Stayed
15774127,518,France,Male,46,3,£0.00,2,1,0,"£76,515.79",0,46-60,0,0,Yes,No,Stayed
15619016,660,Germany,Male,46,5,"£109,019.65",2,1,1,"£33,680.56",0,46-60,3.24,0,Yes,Yes,Stayed
15795759,698,Germany,Female,52,1,"£107,906.75",1,1,0,"£168,886.39",1,46-60,0.64,0,Yes,No,Churned
15798844,678,France,Male,54,7,"£128,914.97",1,0,0,"£191,746.23",1,46-60,0.67,0,No,No,Churned
15717962,773,Spain,Male,63,9,"£111,179.83",1,1,1,"£93,091.02",0,60+,1.19,0,Yes,Yes,Stayed
15691504,619,Germany,Female,52,8,"£124,099.13",1,0,0,"£23,904.52",0,46-60,5.19,0,No,No,Stayed
15693893,684,Germany,Male,59,9,"£122,471.09",1,0,1,"£15,807.07",0,46-60,7.75,0,No,Yes,Stayed
15672499,635,France,Male,34,3,"£134,692.40",2,1,1,"£83,773.02",0,31-45,1.61,0,Yes,Yes,Stayed
15750410,680,France,Female,25,4,"£123,816.50",1,1,1,"£90,162.35",0,18-30,1.37,0,Yes,Yes,Stayed
15568904,608,Germany,Male,34,3,"£106,288.54",1,1,1,"£36,639.25",0,31-45,2.9,0,Yes,Yes,Stayed
15649033,603,Germany,Female,55,7,"£127,723.25",2,1,0,"£139,469.11",1,46-60,0.92,0,Yes,No,Churned
15780989,579,Spain,Male,43,2,"£145,843.82",1,1,1,"£198,402.37",1,31-45,0.74,0,Yes,Yes,Churned
15771059,756,Germany,Female,34,2,"£148,200.72",1,0,0,"£194,584.48",0,31-45,0.76,0,No,No,Stayed
15687852,611,France,Male,30,2,"£104,145.65",1,0,0,"£159,629.64",0,18-30,0.65,0,No,No,Stayed
15695280,532,Germany,Male,24,8,"£142,755.25",1,0,0,"£34,231.48",0,18-30,4.17,0,No,No,Stayed
15592751,684,Germany,Female,63,3,"£81,245.79",1,1,0,"£69,643.31",1,60+,1.17,0,Yes,No,Churned
15598338,647,Germany,Female,33,3,"£168,560.46",2,0,0,"£90,270.16",0,31-45,1.87,0,No,No,Stayed
15735784,583,France,Male,38,8,£0.00,1,1,0,"£47,848.56",0,31-45,0,0,Yes,No,Stayed
15629128,774,Germany,Male,42,2,"£132,193.94",2,1,1,"£162,865.52",0,31-45,0.81,0,Yes,Yes,Stayed
15642870,677,France,Male,58,9,£0.00,1,0,1,"£168,650.40",0,46-60,0,0,No,Yes,Stayed
15637977,542,Germany,Male,25,8,"£139,330.10",1,0,0,"£54,372.37",0,18-30,2.56,0,No,No,Stayed
15600792,613,Spain,Male,29,0,£0.00,2,0,1,"£133,897.32",0,18-30,0,0,No,Yes,Stayed
15576131,666,France,Male,40,5,£0.00,2,1,0,"£147,878.05",0,31-45,0,0,Yes,No,Stayed
15686588,777,France,Female,28,2,"£134,571.50",1,0,1,"£118,313.38",0,18-30,1.14,0,No,Yes,Stayed
15761018,581,Germany,Male,50,2,"£143,829.20",2,1,0,"£181,224.24",1,46-60,0.79,0,Yes,No,Churned
15616029,705,France,Male,32,7,£0.00,2,1,0,"£7,921.57",0,31-45,0,0,Yes,No,Stayed
15761149,673,France,Female,44,8,"£133,444.97",1,0,1,"£5,708.19",0,31-45,23.38,0,No,Yes,Stayed
15802758,594,Germany,Female,23,4,"£104,753.84",2,1,0,"£56,756.52",1,18-30,1.85,0,Yes,No,Churned
15647838,648,Germany,Female,51,2,"£116,574.84",1,1,0,"£4,121.04",1,46-60,28.29,0,Yes,No,Churned
15735968,605,France,Male,41,10,£0.00,2,0,1,"£97,213.09",0,31-45,0,0,No,Yes,Stayed
15581286,734,France,Female,40,9,"£176,914.80",1,1,1,"£12,799.23",0,31-45,13.82,0,Yes,Yes,Stayed
15625445,572,France,Female,36,8,"£68,348.18",2,0,1,"£50,400.32",0,31-45,1.36,0,No,Yes,Stayed
15600173,595,France,Female,33,9,£0.00,2,1,1,"£41,447.86",0,31-45,0,0,Yes,Yes,Stayed
15635143,749,France,Male,42,2,"£56,726.83",2,0,1,"£185,543.35",0,31-45,0.31,0,No,Yes,Stayed
15664849,573,Spain,Male,46,3,"£65,269.23",1,0,1,"£189,988.65",1,46-60,0.34,0,No,Yes,Churned
15762455,624,Spain,Male,33,6,"£66,220.17",1,0,1,"£170,819.01",0,31-45,0.39,0,No,Yes,Stayed
15797165,703,France,Male,56,9,£0.00,1,0,0,"£85,547.33",1,46-60,0,0,No,No,Churned
15788189,665,France,Female,41,8,"£96,147.55",1,1,0,"£137,037.97",0,31-45,0.7,0,Yes,No,Stayed
15780492,648,France,Male,42,4,£0.00,2,1,0,"£19,283.14",0,31-45,0,0,Yes,No,Stayed
15678497,850,Spain,Male,48,2,£0.00,1,1,0,"£169,425.30",1,46-60,0,0,Yes,No,Churned
15588560,569,Germany,Female,32,8,"£145,330.43",1,1,1,"£132,038.65",0,31-45,1.1,0,Yes,Yes,Stayed
15606003,566,France,Female,21,3,£0.00,2,1,1,"£3,626.47",0,18-30,0,0,Yes,Yes,Stayed
15611756,537,Germany,Female,47,4,"£124,192.28",2,1,1,"£50,881.51",0,46-60,2.44,0,Yes,Yes,Stayed
15789563,706,Germany,Female,46,7,"£111,288.18",1,1,1,"£149,170.25",1,46-60,0.75,0,Yes,Yes,Churned
15702416,734,France,Male,43,7,"£107,805.67",1,0,0,"£182,505.68",0,31-45,0.59,0,No,No,Stayed
15766288,586,Germany,Female,36,5,"£103,700.69",1,1,0,"£194,072.56",1,31-45,0.53,0,Yes,No,Churned
15667633,612,France,Female,38,1,£0.00,2,1,1,"£9,209.21",0,31-45,0,0,Yes,Yes,Stayed
15622774,648,France,Male,34,0,£0.00,1,1,1,"£167,931.81",0,31-45,0,0,Yes,Yes,Stayed
15755416,557,France,Female,27,3,"£87,739.08",1,1,1,"£123,096.56",0,18-30,0.71,0,Yes,Yes,Stayed
15769915,643,Spain,Female,20,0,"£133,313.34",1,1,1,"£3,965.69",0,18-30,33.62,0,Yes,Yes,Stayed
15643908,433,France,Female,49,10,£0.00,1,1,1,"£87,711.61",0,46-60,0,0,Yes,Yes,Stayed
15627395,643,Germany,Male,41,7,"£154,902.66",1,1,1,"£49,667.28",0,31-45,3.12,0,Yes,Yes,Stayed
15679663,488,France,Female,36,0,£0.00,2,1,0,"£136,675.22",0,31-45,0,0,Yes,No,Stayed
15651581,758,Germany,Male,68,6,"£112,595.85",1,1,0,"£35,865.44",1,60+,3.14,0,Yes,No,Churned
15596379,743,Germany,Male,39,3,"£119,695.75",1,0,1,"£26,136.13",0,31-45,4.58,0,No,Yes,Stayed
15746674,730,France,Female,47,7,£0.00,1,1,0,"£33,373.26",1,46-60,0,0,Yes,No,Churned
15801256,746,Spain,Male,49,7,£0.00,2,0,1,"£10,096.25",0,46-60,0,0,No,Yes,Stayed
15663808,666,Germany,Female,59,8,"£152,614.51",2,1,1,"£188,782.30",0,46-60,0.81,0,Yes,Yes,Stayed
15598521,580,Germany,Female,33,7,"£131,647.01",2,0,0,"£79,775.19",0,31-45,1.65,0,No,No,Stayed
15621457,850,France,Male,27,6,"£96,654.72",2,0,0,"£152,740.16",0,18-30,0.63,0,No,No,Stayed
15764726,563,France,Male,22,3,"£137,583.04",1,0,1,"£5,791.85",0,18-30,23.75,0,No,Yes,Stayed
15646374,766,Germany,Female,28,3,"£62,717.84",2,1,1,"£13,182.43",0,18-30,4.76,0,Yes,Yes,Stayed
15716501,659,France,Male,32,9,"£95,377.13",1,0,1,"£187,551.24",0,31-45,0.51,0,No,Yes,Stayed
15589948,607,Spain,Male,28,1,"£135,936.10",2,1,1,"£110,560.14",0,18-30,1.23,0,Yes,Yes,Stayed
15811343,644,Germany,Male,35,5,"£161,591.11",3,1,1,"£63,795.62",0,31-45,2.53,1,Yes,Yes,Stayed
15659677,746,France,Male,47,8,"£142,382.03",1,1,1,"£62,086.62",0,46-60,2.29,0,Yes,Yes,Stayed
15594436,588,Spain,Male,33,2,£0.00,2,1,1,"£12,483.56",0,31-45,0,0,Yes,Yes,Stayed
15748995,691,Spain,Male,30,9,£0.00,2,0,1,"£10,963.04",0,18-30,0,0,No,Yes,Stayed
15677062,666,France,Female,38,6,"£127,043.09",1,1,1,"£8,247.00",0,31-45,15.4,0,Yes,Yes,Stayed
15697201,640,Spain,Female,46,3,£0.00,1,1,1,"£156,260.08",0,46-60,0,0,Yes,Yes,Stayed
15666453,611,Germany,Female,29,4,"£78,885.88",2,1,1,"£26,927.69",0,18-30,2.93,0,Yes,Yes,Stayed
15693771,651,Spain,Female,45,8,"£95,922.90",1,1,0,"£84,782.42",1,31-45,1.13,0,Yes,No,Churned
15569867,529,France,Female,29,8,£0.00,2,1,0,"£19,842.11",0,18-30,0,0,Yes,No,Stayed
15711602,676,France,Female,36,3,"£91,711.59",1,1,1,"£95,393.43",0,31-45,0.96,0,Yes,Yes,Stayed
15717736,639,Germany,Female,46,10,"£110,031.09",2,1,1,"£133,995.59",0,46-60,0.82,0,Yes,Yes,Stayed
15750441,782,France,Male,36,5,"£81,210.72",2,0,1,"£108,003.38",0,31-45,0.75,0,No,Yes,Stayed
15732791,641,Germany,Male,32,5,"£122,947.92",1,1,1,"£99,154.86",0,31-45,1.24,0,Yes,Yes,Stayed
15775104,697,France,Female,38,1,"£182,065.85",1,1,0,"£49,503.50",0,31-45,3.68,0,Yes,No,Stayed
15757607,623,France,Male,45,0,£0.00,1,1,0,"£196,533.72",1,31-45,0,0,Yes,No,Churned
15793070,494,Spain,Female,41,2,"£69,974.66",2,1,0,"£188,426.13",1,31-45,0.37,0,Yes,No,Churned
15760456,731,France,Female,38,10,"£123,711.73",2,1,0,"£171,340.68",1,31-45,0.72,0,Yes,No,Churned
15665385,657,France,Male,44,6,"£76,495.04",1,1,0,"£79,071.89",0,31-45,0.97,0,Yes,No,Stayed
15612418,744,France,Female,38,9,£0.00,2,0,0,"£20,940.76",0,31-45,0,0,No,No,Stayed
15727138,774,Spain,Male,46,9,£0.00,2,1,1,"£34,774.26",0,46-60,0,0,Yes,Yes,Stayed
15732061,850,Germany,Female,45,1,"£121,874.89",1,0,0,"£6,865.41",1,31-45,17.75,0,No,No,Churned
15776051,551,France,Female,45,6,£0.00,2,1,1,"£51,143.43",0,31-45,0,0,Yes,Yes,Stayed
15616530,638,France,Male,36,6,"£188,455.19",1,0,0,"£47,031.40",1,31-45,4.01,0,No,No,Churned
15632344,792,France,Female,42,0,"£99,045.93",2,1,0,"£47,160.01",0,31-45,2.1,0,Yes,No,Stayed
15744979,666,France,Female,36,8,£0.00,1,0,1,"£158,666.99",0,31-45,0,0,No,Yes,Stayed
15745433,716,Germany,Female,30,2,"£205,770.78",2,0,0,"£65,464.66",0,18-30,3.14,0,No,No,Stayed
15683657,594,France,Female,31,0,"£79,340.95",1,1,0,"£78,255.86",0,31-45,1.01,0,Yes,No,Stayed
15718572,600,Germany,Male,57,9,"£138,456.03",2,1,1,"£103,548.25",0,46-60,1.34,0,Yes,Yes,Stayed
15665783,565,France,Male,49,7,£0.00,2,1,1,"£89,609.26",0,46-60,0,0,Yes,Yes,Stayed
15652782,678,Germany,Male,48,2,"£101,099.90",2,0,1,"£193,476.04",0,46-60,0.52,0,No,Yes,Stayed
15707025,648,Spain,Female,31,5,£0.00,2,1,1,"£5,199.02",0,31-45,0,0,Yes,Yes,Stayed
15647807,642,France,Male,40,8,"£109,219.83",1,1,0,"£52,827.51",0,31-45,2.07,0,Yes,No,Stayed
15718281,706,Germany,Male,67,1,"£123,276.69",2,1,1,"£86,507.88",1,60+,1.43,0,Yes,Yes,Churned
15660571,668,Spain,Male,43,10,"£113,034.31",1,1,1,"£100,423.88",0,31-45,1.13,0,Yes,Yes,Stayed
15727857,635,Spain,Male,41,1,£0.00,2,1,0,"£175,611.50",0,31-45,0,0,Yes,No,Stayed
15639252,603,Spain,Male,30,6,"£129,548.50",2,1,1,"£19,282.85",0,18-30,6.72,0,Yes,Yes,Stayed
15628144,635,France,Female,72,4,"£74,812.84",1,0,1,"£27,448.33",0,60+,2.73,0,No,Yes,Stayed
15683560,642,France,Female,40,7,£0.00,2,1,0,"£183,963.34",0,31-45,0,0,Yes,No,Stayed
15653275,785,Spain,Female,54,1,£0.00,2,1,0,"£45,113.92",1,46-60,0,0,Yes,No,Churned
15622182,628,Germany,Female,28,3,"£153,538.13",2,1,0,"£110,776.01",0,18-30,1.39,0,Yes,No,Stayed
15613962,499,France,Female,38,9,£0.00,2,0,1,"£183,042.20",0,31-45,0,0,No,Yes,Stayed
15618437,567,Spain,Male,34,10,£0.00,2,0,1,"£161,571.79",0,31-45,0,0,No,Yes,Stayed
15783338,449,Spain,Male,32,0,"£155,619.36",1,1,1,"£166,692.03",0,31-45,0.93,0,Yes,Yes,Stayed
15764491,701,Spain,Male,35,10,"£159,693.90",2,1,1,"£71,173.64",0,31-45,2.24,0,Yes,Yes,Stayed
15712960,613,Spain,Male,37,3,"£171,653.17",1,0,1,"£5,353.12",0,31-45,32.07,0,No,Yes,Stayed
15688157,683,Germany,Female,39,2,"£47,685.47",2,1,1,"£86,019.48",0,31-45,0.55,0,Yes,Yes,Stayed
15579287,581,France,Male,35,4,£0.00,2,0,1,"£86,383.82",0,31-45,0,0,No,Yes,Stayed
15570931,620,France,Male,61,5,£0.00,1,0,0,"£31,641.52",1,60+,0,0,No,No,Churned
15615177,561,Spain,Male,28,6,"£123,692.00",1,1,1,"£70,548.96",0,18-30,1.75,0,Yes,Yes,Stayed
15809906,558,Germany,Male,26,1,"£148,853.29",2,1,1,"£24,411.02",0,18-30,6.1,0,Yes,Yes,Stayed
15652169,642,France,Male,35,2,"£133,161.95",1,0,1,"£122,254.86",0,31-45,1.09,0,No,Yes,Stayed
15649450,805,Germany,Male,24,6,"£143,221.35",2,1,0,"£186,035.72",0,18-30,0.77,0,Yes,No,Stayed
15777179,687,France,Male,35,9,£0.00,2,0,1,"£73,133.82",0,31-45,0,0,No,Yes,Stayed
15803538,695,Spain,Male,56,1,£0.00,3,1,0,"£187,734.49",1,46-60,0,1,Yes,No,Churned
15610936,562,France,Male,33,6,£0.00,2,1,0,"£111,590.35",0,31-45,0,0,Yes,No,Stayed
15590094,613,Germany,Male,38,9,"£126,265.88",2,0,0,"£15,859.95",0,31-45,7.96,0,No,No,Stayed
15572706,589,France,Male,37,5,£0.00,1,1,0,"£61,324.87",0,31-45,0,0,Yes,No,Stayed
15634564,593,Spain,Male,31,8,"£112,713.34",1,1,1,"£176,868.89",0,31-45,0.64,0,Yes,Yes,Stayed
15684296,714,France,Male,34,5,"£141,173.03",1,0,1,"£98,896.06",0,31-45,1.43,0,No,Yes,Stayed
15702293,588,Spain,Female,35,7,£0.00,2,1,1,"£108,739.15",0,31-45,0,0,Yes,Yes,Stayed
15642099,679,Spain,Male,39,6,£0.00,2,1,0,"£12,266.06",0,31-45,0,0,Yes,No,Stayed
15773273,730,Spain,Male,38,5,"£118,866.36",1,1,1,"£163,317.50",0,31-45,0.73,0,Yes,Yes,Stayed
15613337,833,France,Male,47,2,£0.00,2,1,1,"£182,247.77",0,46-60,0,0,Yes,Yes,Stayed
15800482,586,Spain,Female,33,7,£0.00,2,1,1,"£168,261.40",0,31-45,0,0,Yes,Yes,Stayed
15732644,567,Spain,Female,54,5,"£92,316.31",2,1,0,"£158,590.66",1,46-60,0.58,0,Yes,No,Churned
15713426,637,Germany,Male,30,1,"£122,185.53",1,1,0,"£102,566.46",1,18-30,1.19,0,Yes,No,Churned
15640789,711,France,Male,38,4,"£123,345.85",1,1,0,"£141,827.83",0,31-45,0.87,0,Yes,No,Stayed
15598892,828,France,Male,30,4,"£73,070.18",2,0,0,"£161,671.15",0,18-30,0.45,0,No,No,Stayed
15606436,500,Spain,Male,38,7,£0.00,2,0,0,"£192,013.23",0,31-45,0,0,No,No,Stayed
15751227,807,France,Male,47,1,"£95,120.59",1,0,0,"£127,875.10",0,46-60,0.74,0,No,No,Stayed
15812365,850,France,Male,40,8,"£102,800.65",1,1,0,"£60,811.56",0,31-45,1.69,0,Yes,No,Stayed
15616088,782,France,Female,70,7,"£97,072.42",1,0,1,"£131,177.22",0,60+,0.74,0,No,Yes,Stayed
15803886,629,Spain,Male,31,6,"£132,876.55",1,1,1,"£130,862.11",0,31-45,1.02,0,Yes,Yes,Stayed
15587311,582,Spain,Male,33,6,£0.00,2,0,1,"£72,970.93",0,31-45,0,0,No,Yes,Stayed
15617401,468,France,Male,22,2,£0.00,2,1,0,"£28,123.99",0,18-30,0,0,Yes,No,Stayed
15775886,670,France,Male,36,3,£0.00,1,1,0,"£140,754.19",1,31-45,0,0,Yes,No,Churned
15807305,805,France,Male,39,2,£0.00,1,0,0,"£166,650.32",0,31-45,0,0,No,No,Stayed
15761717,720,France,Male,26,10,"£51,962.91",2,1,0,"£45,507.24",0,18-30,1.14,0,Yes,No,Stayed
15628008,781,Spain,Female,29,6,"£98,759.89",1,0,0,"£112,202.64",0,18-30,0.88,0,No,No,Stayed
15583755,592,Germany,Male,33,2,"£156,570.86",1,1,1,"£37,140.20",0,31-45,4.22,0,Yes,Yes,Stayed
15661409,542,France,Female,42,1,£0.00,1,1,1,"£178,256.58",1,31-45,0,0,Yes,Yes,Churned
15774250,532,France,Male,42,1,"£159,024.71",1,1,0,"£100,982.93",1,31-45,1.57,0,Yes,No,Churned
15681476,520,France,Female,39,1,"£73,493.17",1,0,1,"£109,626.13",1,31-45,0.67,0,No,Yes,Churned
15654870,759,France,Female,45,8,£0.00,2,1,1,"£99,251.24",0,31-45,0,0,Yes,Yes,Stayed
15790448,473,France,Female,35,6,"£69,617.36",1,1,0,"£143,345.69",0,31-45,0.49,0,Yes,No,Stayed
15785326,639,Spain,Female,35,5,"£136,526.26",2,1,0,"£59,653.03",0,31-45,2.29,0,Yes,No,Stayed
15592854,705,France,Male,25,3,"£113,736.27",1,0,1,"£196,864.61",0,18-30,0.58,0,No,Yes,Stayed
15617486,530,France,Male,52,1,"£106,723.28",1,0,0,"£109,960.40",1,46-60,0.97,0,No,No,Churned
15806796,516,Germany,Female,33,10,"£138,847.90",1,1,1,"£127,256.70",0,31-45,1.09,0,Yes,Yes,Stayed
15644699,850,France,Female,40,0,£0.00,2,1,0,"£1,099.95",0,31-45,0,0,Yes,No,Stayed
15622305,746,Germany,Female,33,2,"£107,868.14",2,1,1,"£146,192.40",0,31-45,0.74,0,Yes,Yes,Stayed
15608209,622,Germany,Male,33,3,"£96,926.12",2,1,0,"£48,553.77",0,31-45,2,0,Yes,No,Stayed
15626898,743,France,Male,30,7,"£77,599.23",1,0,0,"£144,407.10",0,18-30,0.54,0,No,No,Stayed
15644297,732,Germany,Male,38,5,"£178,787.54",1,1,1,"£195,760.53",0,31-45,0.91,0,Yes,Yes,Stayed
15731569,850,France,Male,81,5,£0.00,2,1,1,"£44,827.47",0,60+,0,0,Yes,Yes,Stayed
15582149,850,Germany,Female,34,3,"£129,668.43",2,1,1,"£88,743.99",0,31-45,1.46,0,Yes,Yes,Stayed
15802483,686,France,Male,34,6,"£146,178.13",2,1,1,"£88,837.11",0,31-45,1.65,0,Yes,Yes,Stayed
15686999,556,France,Female,40,8,£0.00,2,1,0,"£62,112.70",0,31-45,0,0,Yes,No,Stayed
15772479,673,France,Male,37,4,£0.00,2,0,0,"£163,563.07",0,31-45,0,0,No,No,Stayed
15778884,809,France,Female,38,2,"£154,763.21",2,1,1,"£174,800.31",0,31-45,0.89,0,Yes,Yes,Stayed
15623630,634,Germany,Female,56,3,"£116,251.24",1,0,1,"£42,429.88",1,46-60,2.74,0,No,Yes,Churned
15774316,630,France,Male,37,6,£0.00,2,1,1,"£82,647.65",0,31-45,0,0,Yes,Yes,Stayed
15695097,564,Germany,Female,30,0,"£100,954.88",2,0,0,"£134,175.15",0,18-30,0.75,0,No,No,Stayed
15645404,625,France,Female,51,4,"£124,620.01",2,1,0,"£92,243.94",1,46-60,1.35,0,Yes,No,Churned
15750574,677,Spain,Female,34,4,£0.00,2,1,1,"£6,175.53",0,31-45,0,0,Yes,Yes,Stayed
15636812,583,France,Male,40,9,"£112,701.04",1,0,0,"£29,213.63",0,31-45,3.86,0,No,No,Stayed
15712068,592,Spain,Male,45,8,"£84,692.50",1,0,1,"£67,214.02",0,31-45,1.26,0,No,Yes,Stayed
15652030,637,Germany,Male,49,2,"£108,204.52",1,1,0,"£169,037.84",1,46-60,0.64,0,Yes,No,Churned
15577398,850,France,Male,30,6,"£86,449.39",1,1,1,"£188,809.23",0,18-30,0.46,0,Yes,Yes,Stayed
15756848,633,Spain,Male,42,10,£0.00,1,0,1,"£79,408.17",0,31-45,0,0,No,Yes,Stayed
15806929,751,Germany,Male,36,5,"£73,194.99",1,1,1,"£89,222.66",0,31-45,0.82,0,Yes,Yes,Stayed
15656005,592,Germany,Male,31,7,"£124,593.23",1,1,0,"£86,079.67",0,31-45,1.45,0,Yes,No,Stayed
15722632,716,Germany,Male,50,2,"£119,655.77",1,1,1,"£12,944.17",1,46-60,9.24,0,Yes,Yes,Churned
15794356,641,Germany,Male,42,3,"£121,765.37",2,1,1,"£166,516.84",0,31-45,0.73,0,Yes,Yes,Stayed
15659656,849,France,Male,35,4,"£110,837.73",1,0,0,"£126,419.80",0,31-45,0.88,0,No,No,Stayed
15588341,647,Spain,Male,47,10,"£99,835.17",1,0,1,"£89,103.05",0,46-60,1.12,0,No,Yes,Stayed
15709142,608,Germany,Female,30,2,"£91,057.37",2,1,0,"£132,973.17",0,18-30,0.68,0,Yes,No,Stayed
15627042,555,France,Female,26,7,£0.00,2,1,0,"£93,122.41",0,18-30,0,0,Yes,No,Stayed
15627517,497,Spain,Male,27,7,"£149,400.27",1,0,0,"£167,522.19",0,18-30,0.89,0,No,No,Stayed
15803032,599,Germany,Male,38,9,"£89,111.63",1,0,0,"£157,239.60",0,31-45,0.57,0,No,No,Stayed
15665129,545,Germany,Male,33,1,"£132,527.90",2,0,1,"£107,429.71",0,31-45,1.23,0,No,Yes,Stayed
15628272,774,France,Female,36,9,"£114,997.42",1,1,0,"£75,304.09",0,31-45,1.53,0,Yes,No,Stayed
15678206,464,France,Male,46,6,"£161,798.53",1,1,0,"£182,944.47",0,46-60,0.88,0,Yes,No,Stayed
15678427,696,Germany,Female,27,2,"£96,129.32",2,1,1,"£5,983.70",0,18-30,16.07,0,Yes,Yes,Stayed
15678067,667,Spain,Male,45,3,£0.00,2,0,0,"£163,655.01",0,31-45,0,0,No,No,Stayed
15793331,812,France,Male,32,5,"£133,050.97",2,1,0,"£89,385.92",0,31-45,1.49,0,Yes,No,Stayed
15699532,516,France,Male,51,8,"£120,124.35",2,0,1,"£168,773.54",0,46-60,0.71,0,No,Yes,Stayed
15605827,645,France,Male,39,8,£0.00,2,0,0,"£96,864.36",0,31-45,0,0,No,No,Stayed
15643635,664,Spain,Male,32,5,"£133,705.74",1,0,0,"£134,455.84",0,31-45,0.99,0,No,No,Stayed
15787710,427,Spain,Female,39,9,£0.00,2,1,0,"£28,368.37",0,31-45,0,0,Yes,No,Stayed
15614137,685,France,Female,40,7,£0.00,2,1,0,"£103,898.59",0,31-45,0,0,Yes,No,Stayed
15754494,585,France,Female,33,4,"£152,805.05",1,1,0,"£63,239.65",0,31-45,2.42,0,Yes,No,Stayed
15713440,519,Germany,Female,21,1,"£151,701.45",3,1,1,"£170,138.68",1,18-30,0.89,1,Yes,Yes,Churned
15803479,708,France,Female,67,1,£0.00,2,0,1,"£3,837.08",0,60+,0,0,No,Yes,Stayed
15709639,717,France,Female,22,5,"£112,465.06",1,1,1,"£92,977.75",0,18-30,1.21,0,Yes,Yes,Stayed
15601719,465,Germany,Male,24,6,"£156,007.09",1,1,0,"£191,368.37",0,18-30,0.82,0,Yes,No,Stayed
15772482,829,Germany,Male,28,3,"£132,405.52",3,1,0,"£104,889.20",1,18-30,1.26,1,Yes,No,Churned
15591489,826,France,Male,26,5,"£142,662.68",1,0,0,"£60,285.30",0,18-30,2.37,0,No,No,Stayed
15629002,747,Germany,Male,36,8,"£102,603.30",2,1,1,"£180,693.61",0,31-45,0.57,0,Yes,Yes,Stayed
15798053,707,Spain,Male,32,9,£0.00,2,1,0,"£126,475.79",0,31-45,0,0,Yes,No,Stayed
15753895,590,Spain,Male,37,1,£0.00,2,0,0,"£133,535.99",0,31-45,0,0,No,No,Stayed
15595426,603,Spain,Male,57,6,"£105,000.85",2,1,1,"£87,412.24",1,46-60,1.2,0,Yes,Yes,Churned
15645815,615,France,Male,45,5,£0.00,2,1,1,"£164,886.64",0,31-45,0,0,Yes,Yes,Stayed
15632848,634,France,Female,36,1,"£69,518.95",1,1,0,"£116,238.39",0,31-45,0.6,0,Yes,No,Stayed
15703068,716,Germany,Male,41,8,"£126,145.54",2,1,1,"£138,051.19",0,31-45,0.91,0,Yes,Yes,Stayed
15791513,647,France,Male,41,4,"£138,937.35",1,1,1,"£101,617.64",1,31-45,1.37,0,Yes,Yes,Churned
15587210,591,Germany,Female,44,10,"£113,581.98",1,1,0,"£1,985.41",0,31-45,57.21,0,Yes,No,Stayed
15793803,574,France,Male,34,1,"£112,572.39",1,0,0,"£165,626.60",0,31-45,0.68,0,No,No,Stayed
15787756,467,Germany,Male,51,10,"£114,514.71",2,1,0,"£177,784.68",1,46-60,0.64,0,Yes,No,Churned
15723437,701,France,Female,35,2,£0.00,2,1,1,"£65,765.22",0,31-45,0,0,Yes,Yes,Stayed
15702715,747,France,Female,34,10,£0.00,2,1,1,"£50,759.80",0,31-45,0,0,Yes,Yes,Stayed
15809872,650,France,Male,32,2,"£84,906.45",1,1,0,"£163,216.48",0,31-45,0.52,0,Yes,No,Stayed
15644295,731,Spain,Female,39,2,"£126,816.18",1,1,1,"£74,850.93",0,31-45,1.69,0,Yes,Yes,Stayed
15778694,638,Germany,Female,26,1,"£105,249.76",2,1,1,"£23,491.09",0,18-30,4.48,0,Yes,Yes,Stayed
15759555,569,Spain,Male,41,2,£0.00,2,1,0,"£134,272.57",0,31-45,0,0,Yes,No,Stayed
15631406,459,Germany,Male,50,5,"£109,387.90",1,1,0,"£155,721.15",0,46-60,0.7,0,Yes,No,Stayed
15616676,632,Germany,Male,23,3,"£122,478.51",1,1,0,"£147,230.77",1,18-30,0.83,0,Yes,No,Churned
15771154,683,France,Female,73,8,"£137,732.23",2,1,1,"£133,210.44",0,60+,1.03,0,Yes,Yes,Stayed
15669491,850,France,Female,46,2,"£157,866.77",1,1,1,"£18,986.12",0,46-60,8.31,0,Yes,Yes,Stayed
15697691,512,France,Female,41,6,£0.00,1,1,1,"£100,507.81",0,31-45,0,0,Yes,Yes,Stayed
15665180,616,France,Female,31,3,"£136,789.14",1,1,0,"£59,346.40",1,31-45,2.3,0,Yes,No,Churned
15752588,664,France,Male,36,1,£0.00,2,1,1,"£95,372.64",0,31-45,0,0,Yes,Yes,Stayed
15743051,694,France,Male,30,10,"£144,684.03",1,1,1,"£31,805.49",0,18-30,4.55,0,Yes,Yes,Stayed
15571873,655,France,Male,24,9,"£107,065.31",1,1,1,"£51,959.82",0,18-30,2.06,0,Yes,Yes,Stayed
15679743,607,France,Female,33,8,"£91,301.72",1,0,1,"£130,824.57",0,31-45,0.7,0,No,Yes,Stayed
15769412,684,Spain,Male,39,4,"£207,034.96",2,0,0,"£157,694.76",1,31-45,1.31,0,No,No,Churned
15775124,763,Spain,Male,37,8,£0.00,2,1,1,£933.38,0,31-45,0,0,Yes,Yes,Stayed
15732113,671,Spain,Male,50,8,£0.00,1,0,1,"£2,560.11",0,46-60,0,0,No,Yes,Stayed
15578141,592,Spain,Male,38,3,£0.00,1,1,1,"£12,905.89",1,31-45,0,0,Yes,Yes,Churned
15595874,666,Spain,Female,36,6,£0.00,2,1,0,"£176,692.87",0,31-45,0,0,Yes,No,Stayed
15755642,667,France,Male,34,5,£0.00,2,1,1,"£102,908.63",0,31-45,0,0,Yes,Yes,Stayed
15576526,850,Spain,Male,36,6,£0.00,2,0,1,"£41,291.05",0,31-45,0,0,No,Yes,Stayed
15792489,622,Spain,Male,42,9,£0.00,2,1,0,"£119,127.06",0,31-45,0,0,Yes,No,Stayed
15733705,577,France,Female,30,8,"£92,472.10",2,0,1,"£126,434.61",0,18-30,0.73,0,No,Yes,Stayed
15807221,555,Spain,Male,21,1,£0.00,2,0,0,"£103,901.35",0,18-30,0,0,No,No,Stayed
15573045,547,France,Male,62,10,"£127,738.75",2,1,1,"£85,153.00",0,60+,1.5,0,Yes,Yes,Stayed
15756824,613,Germany,Female,50,5,"£101,242.98",2,1,0,"£12,493.61",0,46-60,8.1,0,Yes,No,Stayed
15773520,672,France,Female,43,4,"£92,599.55",2,1,1,"£167,336.78",0,31-45,0.55,0,Yes,Yes,Stayed
15627439,624,Spain,Female,36,10,£0.00,2,0,1,"£186,180.42",0,31-45,0,0,No,Yes,Stayed
15701439,698,Spain,Female,50,1,£0.00,4,1,0,"£88,566.90",1,46-60,0,1,Yes,No,Churned
15785352,606,France,Male,37,6,"£82,373.94",1,0,0,"£172,526.90",1,31-45,0.48,0,No,No,Churned
15616525,720,Spain,Male,31,4,"£141,356.47",1,0,0,"£137,985.69",0,31-45,1.02,0,No,No,Stayed
15717489,835,France,Male,23,9,£0.00,1,1,0,"£19,793.73",1,18-30,0,0,Yes,No,Churned
15795737,771,Spain,Female,47,3,"£72,664.00",2,1,1,"£107,874.39",0,46-60,0.67,0,Yes,Yes,Stayed
15693877,811,France,Female,47,3,"£123,365.34",2,0,0,"£171,995.34",0,46-60,0.72,0,No,No,Stayed
15576111,734,Germany,Male,33,5,"£121,898.58",1,1,0,"£61,829.89",0,31-45,1.97,0,Yes,No,Stayed
15595713,548,Spain,Male,33,6,£0.00,1,1,1,"£31,728.35",0,31-45,0,0,Yes,Yes,Stayed
15808868,652,France,Female,31,3,"£103,696.97",3,0,0,"£155,221.05",1,31-45,0.67,1,No,No,Churned
15708193,707,France,Male,33,2,£0.00,2,0,0,"£130,866.95",0,31-45,0,0,No,No,Stayed
15697801,605,Germany,Female,56,1,"£74,129.18",2,1,1,"£62,199.78",1,46-60,1.19,0,Yes,Yes,Churned
15770121,623,France,Female,34,9,£0.00,1,1,0,"£24,255.21",0,31-45,0,0,Yes,No,Stayed
15800524,686,Germany,Male,29,3,"£185,379.02",1,1,0,"£64,679.07",0,18-30,2.87,0,Yes,No,Stayed
15686236,525,Germany,Female,47,1,"£118,087.68",1,1,0,"£88,120.78",1,46-60,1.34,0,Yes,No,Churned
15659807,657,Spain,Male,41,8,"£109,402.13",1,1,1,"£66,463.62",0,31-45,1.65,0,Yes,Yes,Stayed
15736078,730,Germany,Female,33,7,"£130,367.87",1,1,0,"£15,142.10",1,31-45,8.61,0,Yes,No,Churned
15620836,816,Germany,Female,34,2,"£108,410.87",2,1,0,"£102,908.91",0,31-45,1.05,0,Yes,No,Stayed
15698184,484,France,Female,50,2,"£90,408.16",2,0,0,"£48,170.57",0,46-60,1.88,0,No,No,Stayed
15717643,728,France,Female,34,6,"£90,425.15",2,1,1,"£11,597.69",0,31-45,7.8,0,Yes,Yes,Stayed
15776596,730,Spain,Female,39,6,"£140,094.59",1,1,0,"£172,450.04",1,31-45,0.81,0,Yes,No,Churned
15814757,477,Spain,Male,31,9,£0.00,2,0,1,"£184,061.17",0,31-45,0,0,No,Yes,Stayed
15812607,663,Germany,Female,46,6,"£95,439.40",1,1,1,"£21,038.58",1,46-60,4.54,0,Yes,Yes,Churned
15663888,549,Germany,Male,34,6,"£204,017.40",2,1,0,"£109,538.35",0,31-45,1.86,0,Yes,No,Stayed
15748882,714,Spain,Male,29,9,£0.00,2,1,0,"£129,192.55",0,18-30,0,0,Yes,No,Stayed
15690829,430,Germany,Male,49,3,"£137,115.16",1,1,0,"£146,516.86",1,46-60,0.94,0,Yes,No,Churned
15695819,504,Germany,Male,43,5,"£134,740.19",2,1,0,"£181,430.91",0,31-45,0.74,0,Yes,No,Stayed
15696834,530,France,Female,29,5,£0.00,2,0,0,"£121,451.21",0,18-30,0,0,No,No,Stayed
15797710,619,Germany,Male,29,4,"£98,955.87",1,0,1,"£131,712.51",0,18-30,0.75,0,No,Yes,Stayed
15700654,617,Germany,Male,44,9,"£49,157.09",2,1,0,"£53,294.17",0,31-45,0.92,0,Yes,No,Stayed
15583764,791,Germany,Male,31,1,"£130,240.33",1,0,0,"£96,546.55",0,31-45,1.35,0,No,No,Stayed
15688849,609,France,Male,48,1,"£108,019.27",3,1,1,"£184,524.65",1,46-60,0.59,1,Yes,Yes,Churned
15661473,780,Germany,Male,51,4,"£126,725.25",1,1,0,"£195,259.31",1,46-60,0.65,0,Yes,No,Churned
15601030,777,Germany,Female,34,5,"£96,693.66",1,1,1,"£172,618.52",0,31-45,0.56,0,Yes,Yes,Stayed
15789557,817,Germany,Female,27,7,"£129,810.60",1,1,1,"£59,259.44",0,18-30,2.19,0,Yes,Yes,Stayed
15745250,850,France,Male,58,8,"£156,652.13",1,0,0,"£25,899.21",1,46-60,6.05,0,No,No,Churned
15590349,732,France,Female,36,9,£0.00,1,0,0,"£3,749.00",1,31-45,0,0,No,No,Churned
15741693,693,France,Male,40,4,"£130,661.96",1,1,1,"£101,918.96",0,31-45,1.28,0,Yes,Yes,Stayed
15618446,576,France,Female,50,8,£0.00,2,1,1,"£57,802.62",0,46-60,0,0,Yes,Yes,Stayed
15766552,643,France,Male,37,6,£0.00,2,0,0,"£142,454.77",0,31-45,0,0,No,No,Stayed
15668775,757,France,Male,47,3,"£130,747.10",1,1,0,"£143,829.54",0,46-60,0.91,0,Yes,No,Stayed
15757895,569,Germany,Male,30,6,"£106,629.49",1,0,1,"£44,114.88",0,18-30,2.42,0,No,Yes,Stayed
15774551,772,Spain,Male,36,3,"£112,029.83",1,1,1,"£186,948.35",0,31-45,0.6,0,Yes,Yes,Stayed
15684011,576,Germany,Male,29,7,"£130,575.26",1,0,1,"£173,629.78",0,18-30,0.75,0,No,Yes,Stayed
15736146,608,Germany,Male,28,4,"£96,679.71",1,1,1,"£49,133.45",0,18-30,1.97,0,Yes,Yes,Stayed
15656286,794,France,Male,33,0,£0.00,2,0,0,"£178,122.71",0,31-45,0,0,No,No,Stayed
15774847,593,France,Male,50,6,"£171,740.69",1,0,0,"£20,893.61",0,46-60,8.22,0,No,No,Stayed
15619340,597,Spain,Male,38,1,£0.00,2,1,0,"£41,303.29",0,31-45,0,0,Yes,No,Stayed
15815656,541,Germany,Female,39,9,"£100,116.67",1,1,1,"£199,808.10",1,31-45,0.5,0,Yes,Yes,Churned
15623357,692,Germany,Male,24,2,"£120,596.93",1,0,1,"£180,490.53",0,18-30,0.67,0,No,Yes,Stayed
15601324,697,France,Female,48,1,£0.00,2,1,1,"£87,400.53",0,46-60,0,0,Yes,Yes,Stayed
15715510,768,France,Male,29,2,"£95,984.69",2,1,1,"£73,686.75",0,18-30,1.3,0,Yes,Yes,Stayed
15663770,802,France,Male,38,1,"£142,557.11",1,1,1,"£172,497.73",0,31-45,0.83,0,Yes,Yes,Stayed
15779267,584,France,Male,47,5,£0.00,2,1,0,"£89,286.29",0,46-60,0,0,Yes,No,Stayed
15597957,614,Spain,Male,66,2,£0.00,2,0,1,"£180,082.70",0,60+,0,0,No,Yes,Stayed
15584620,850,Germany,Female,36,6,"£143,644.16",1,1,0,"£22,102.25",1,31-45,6.5,0,Yes,No,Churned
15750772,671,France,Female,38,6,"£132,129.72",1,0,1,"£76,068.95",0,31-45,1.74,0,No,Yes,Stayed
15706557,626,France,Female,52,0,£0.00,2,1,0,"£32,159.46",1,46-60,0,0,Yes,No,Churned
15594391,770,France,Female,68,2,"£183,555.24",1,0,0,"£159,557.28",1,60+,1.15,0,No,No,Churned
15661656,633,France,Male,38,2,"£91,902.56",2,1,1,"£107,673.35",0,31-45,0.85,0,Yes,Yes,Stayed
15631217,663,France,Male,40,6,"£156,218.19",1,0,1,"£33,607.72",0,31-45,4.65,0,No,Yes,Stayed
15588955,581,Germany,Female,43,5,"£93,259.57",3,1,0,"£141,035.65",1,31-45,0.66,1,Yes,No,Churned
15758252,561,Germany,Female,45,2,"£168,085.38",2,0,1,"£115,719.08",0,31-45,1.45,0,No,Yes,Stayed
15740223,479,Germany,Male,51,1,"£107,714.74",3,1,0,"£86,128.21",1,46-60,1.25,1,Yes,No,Churned
15805413,769,France,Female,31,6,"£117,852.26",2,1,0,"£147,668.64",0,31-45,0.8,0,Yes,No,Stayed
15635116,659,Spain,Male,60,2,£0.00,1,1,0,"£177,480.45",1,46-60,0,0,Yes,No,Churned
15764892,590,Spain,Female,51,10,"£84,474.62",2,1,1,"£190,937.09",0,46-60,0.44,0,Yes,Yes,Stayed
15795936,560,France,Male,50,3,£0.00,2,1,0,"£84,531.79",0,46-60,0,0,Yes,No,Stayed
15655232,437,Germany,Male,35,6,"£126,803.34",2,1,1,"£161,133.40",0,31-45,0.79,0,Yes,Yes,Stayed
15640133,661,France,Female,34,0,£0.00,2,1,0,"£185,555.63",0,31-45,0,0,Yes,No,Stayed
15751524,677,Germany,Female,36,10,"£68,806.84",1,1,0,"£33,075.24",0,31-45,2.08,0,Yes,No,Stayed
15670552,560,France,Female,31,3,"£115,141.18",1,1,0,"£39,806.75",0,31-45,2.89,0,Yes,No,Stayed
15623966,578,France,Female,35,2,£0.00,2,0,1,"£26,389.92",0,31-45,0,0,No,Yes,Stayed
15752193,421,Spain,Male,34,6,"£90,723.36",1,1,1,"£12,162.76",0,31-45,7.46,0,Yes,Yes,Stayed
15607269,492,Germany,Female,49,2,"£151,249.45",2,1,1,"£167,237.94",0,46-60,0.9,0,Yes,Yes,Stayed
15700752,545,France,Female,32,6,£0.00,2,1,1,"£52,067.37",0,31-45,0,0,Yes,Yes,Stayed
15777901,640,Germany,Female,43,9,"£94,752.49",1,1,0,"£184,006.36",1,31-45,0.51,0,Yes,No,Churned
15639117,624,Spain,Female,34,6,£0.00,1,1,0,£582.59,1,31-45,0,0,Yes,No,Churned
15720203,577,Spain,Male,28,7,£0.00,1,1,0,"£143,274.41",0,18-30,0,0,Yes,No,Stayed
15586236,704,France,Male,31,5,"£132,084.66",3,1,1,"£54,474.48",1,31-45,2.42,1,Yes,Yes,Churned
15676645,523,France,Male,45,5,£0.00,2,1,1,"£121,428.20",0,31-45,0,0,Yes,Yes,Stayed
15715988,793,France,Male,35,2,£0.00,2,1,1,"£79,704.12",0,31-45,0,0,Yes,Yes,Stayed
15603749,564,France,Female,53,2,"£45,472.28",1,1,1,"£41,055.71",1,46-60,1.11,0,Yes,Yes,Churned
15608956,711,France,Male,33,1,£0.00,1,0,0,"£41,590.40",0,31-45,0,0,No,No,Stayed
15733872,791,Germany,Female,33,10,"£130,229.71",2,0,0,"£54,019.93",1,31-45,2.41,0,No,No,Churned
15666982,629,Germany,Female,38,9,"£123,948.85",1,1,0,"£76,053.07",0,31-45,1.63,0,Yes,No,Stayed
15602647,729,Germany,Male,39,6,"£127,415.85",1,1,1,"£184,977.20",1,31-45,0.69,0,Yes,Yes,Churned
15623063,651,Germany,Male,35,8,"£110,067.71",1,1,0,"£127,678.95",1,31-45,0.86,0,Yes,No,Churned
15682928,695,Spain,Male,39,4,"£65,521.20",1,1,1,"£1,243.97",0,31-45,52.67,0,Yes,Yes,Stayed
15729246,847,Spain,Male,31,5,£0.00,2,1,1,"£76,326.67",0,31-45,0,0,Yes,Yes,Stayed
15588928,704,France,Male,47,5,£0.00,2,1,1,"£145,338.61",0,46-60,0,0,Yes,Yes,Stayed
15803352,613,Germany,Male,33,3,"£155,736.42",2,1,1,"£57,751.21",0,31-45,2.7,0,Yes,Yes,Stayed
15607485,692,Spain,Female,29,4,£0.00,2,0,0,"£138,880.24",0,18-30,0,0,No,No,Stayed
15656249,720,France,Female,34,3,"£118,307.57",2,1,1,"£136,120.29",0,31-45,0.87,0,Yes,Yes,Stayed
15761783,577,France,Male,41,6,£0.00,1,1,1,"£167,621.18",0,31-45,0,0,Yes,Yes,Stayed
15716605,710,Germany,Female,24,7,"£103,099.17",2,1,0,"£173,276.62",0,18-30,0.59,0,Yes,No,Stayed
15757425,716,France,Female,38,1,£0.00,2,1,1,"£99,661.46",0,31-45,0,0,Yes,Yes,Stayed
15603096,410,France,Male,33,6,"£125,789.69",1,0,0,"£66,333.56",1,31-45,1.9,0,No,No,Churned
15588580,584,Germany,Female,36,4,"£109,646.83",1,1,1,"£70,240.79",0,31-45,1.56,0,Yes,Yes,Stayed
15770539,792,France,Male,30,1,"£127,187.86",1,1,1,"£113,553.42",0,18-30,1.12,0,Yes,Yes,Stayed
15572022,605,France,Female,36,6,£0.00,1,0,1,£690.84,0,31-45,0,0,No,Yes,Stayed
15571843,486,Spain,Male,24,1,£0.00,1,1,0,"£98,802.76",0,18-30,0,0,Yes,No,Stayed
15752502,615,France,Male,41,4,"£130,385.82",1,0,1,"£130,661.95",0,31-45,1,0,No,Yes,Stayed
15609058,676,France,Male,23,1,"£107,787.47",1,0,1,"£116,378.82",0,18-30,0.93,0,No,Yes,Stayed
15775108,571,France,Male,34,1,"£99,325.04",2,0,1,"£186,052.15",0,31-45,0.53,0,No,Yes,Stayed
15708904,850,France,Female,37,9,£0.00,1,0,0,"£100,101.06",0,31-45,0,0,No,No,Stayed
15600086,717,France,Male,48,7,"£123,764.95",1,1,1,"£169,952.82",0,46-60,0.73,0,Yes,Yes,Stayed
15814675,642,Germany,Female,39,8,"£128,264.03",1,1,0,"£61,792.76",1,31-45,2.08,0,Yes,No,Churned
15572777,780,Spain,Male,47,7,"£86,006.21",1,1,1,"£37,973.13",0,46-60,2.26,0,Yes,Yes,Stayed
15585106,492,Germany,Female,38,8,"£57,068.43",2,1,0,"£188,974.81",0,31-45,0.3,0,Yes,No,Stayed
15738936,760,Germany,Male,29,5,"£103,607.24",2,0,1,"£86,334.64",0,18-30,1.2,0,No,Yes,Stayed
15750970,500,Spain,Male,40,1,"£99,004.24",1,1,1,"£152,845.99",0,31-45,0.65,0,Yes,Yes,Stayed
15725772,654,Spain,Female,36,2,£0.00,2,1,1,"£146,652.11",0,31-45,0,0,Yes,Yes,Stayed
15692106,606,Spain,Female,25,3,"£147,386.72",3,1,0,"£45,482.04",1,18-30,3.24,1,Yes,No,Churned
15791533,367,Spain,Male,42,6,"£93,608.28",1,1,0,"£168,816.73",1,31-45,0.55,0,Yes,No,Churned
15715715,799,Spain,Male,38,2,£0.00,2,1,1,"£59,297.34",0,31-45,0,0,Yes,Yes,Stayed
15785576,434,Germany,Male,71,9,"£119,496.87",1,1,0,"£125,848.88",0,60+,0.95,0,Yes,No,Stayed
15798834,719,Spain,Female,32,7,£0.00,1,0,0,"£76,264.27",0,31-45,0,0,No,No,Stayed
15744127,641,France,Female,37,2,£0.00,2,1,0,"£3,939.87",0,31-45,0,0,Yes,No,Stayed
15637427,461,Spain,Female,25,6,£0.00,2,1,1,"£15,306.29",0,18-30,0,0,Yes,Yes,Stayed
15576990,790,Germany,Female,25,5,"£152,885.77",1,1,0,"£58,214.79",0,18-30,2.63,0,Yes,No,Stayed
15615352,588,France,Male,31,4,"£99,607.37",2,0,1,"£35,877.03",0,31-45,2.78,0,No,Yes,Stayed
15647333,621,France,Male,27,4,"£137,003.68",1,1,0,"£21,254.06",0,18-30,6.45,0,Yes,No,Stayed
15572050,768,Germany,Male,48,3,"£122,831.58",1,1,1,"£24,533.89",1,46-60,5.01,0,Yes,Yes,Churned
15581370,681,Spain,Male,38,2,"£99,811.44",2,1,0,"£23,531.50",0,31-45,4.24,0,Yes,No,Stayed
15813503,606,Spain,Male,37,8,"£154,712.58",2,1,0,"£89,099.18",0,31-45,1.74,0,Yes,No,Stayed
15769783,542,Spain,Male,37,8,£0.00,1,1,1,£807.06,0,31-45,0,0,Yes,Yes,Stayed
15793135,713,Germany,Female,24,7,"£147,687.24",1,1,1,"£121,592.50",0,18-30,1.21,0,Yes,Yes,Stayed
15599182,597,Spain,Female,33,2,£0.00,2,1,1,"£4,700.66",0,31-45,0,0,Yes,Yes,Stayed
15689517,635,France,Male,27,3,"£127,009.83",1,1,0,"£161,909.95",0,18-30,0.78,0,Yes,No,Stayed
15641366,599,Germany,Male,61,1,"£124,737.96",1,0,1,"£90,389.61",1,60+,1.38,0,No,Yes,Churned
15588859,496,Spain,Female,44,0,"£179,356.28",2,1,0,"£2,919.21",1,31-45,61.44,0,Yes,No,Churned
15732293,759,Spain,Male,31,8,£0.00,2,1,1,"£99,086.74",0,31-45,0,0,Yes,Yes,Stayed
15568032,757,Germany,Male,31,1,"£127,320.36",3,1,0,"£163,170.32",0,31-45,0.78,1,Yes,No,Stayed
15623525,564,Spain,Male,31,0,"£125,175.58",1,1,1,"£72,757.33",0,31-45,1.72,0,Yes,Yes,Stayed
15606601,561,France,Female,22,6,"£186,788.96",2,1,0,"£73,286.80",0,18-30,2.55,0,Yes,No,Stayed
15800811,702,France,Male,40,3,"£148,556.74",1,0,1,"£146,056.29",0,31-45,1.02,0,No,Yes,Stayed
15610711,678,Germany,Female,40,8,"£128,644.46",1,0,0,"£167,673.37",0,31-45,0.77,0,No,No,Stayed
15809654,707,France,Female,46,7,"£127,476.73",2,1,1,"£146,011.55",0,46-60,0.87,0,Yes,Yes,Stayed
15576077,610,France,Female,27,9,"£159,561.93",1,0,1,"£103,381.47",0,18-30,1.54,0,No,Yes,Stayed
15643378,744,France,Male,42,1,"£112,419.92",1,1,1,"£83,022.92",0,31-45,1.35,0,Yes,Yes,Stayed
15566790,598,France,Male,28,8,"£129,991.76",2,0,1,"£46,041.08",0,18-30,2.82,0,No,Yes,Stayed
15774402,562,Spain,Male,36,5,£0.00,1,0,1,"£182,843.24",0,31-45,0,0,No,Yes,Stayed
15694641,621,Spain,Female,59,2,£0.00,2,1,1,"£171,364.18",0,46-60,0,0,Yes,Yes,Stayed
15605916,659,France,Female,50,3,£0.00,1,1,0,"£183,399.12",1,46-60,0,0,Yes,No,Churned
15812356,722,Germany,Female,40,6,"£89,175.06",2,0,1,"£152,883.95",0,31-45,0.58,0,No,Yes,Stayed
15644179,606,France,Female,39,3,£0.00,2,1,0,"£50,560.45",1,31-45,0,0,Yes,No,Churned
15771674,603,Spain,Female,39,5,"£162,390.52",2,1,0,"£54,702.66",0,31-45,2.97,0,Yes,No,Stayed
15623314,506,Germany,Female,59,3,"£190,353.08",1,1,0,"£78,365.75",0,46-60,2.43,0,Yes,No,Stayed
15613292,715,France,Male,21,8,£0.00,2,1,0,"£68,666.63",0,18-30,0,0,Yes,No,Stayed
15813871,690,France,Male,47,2,£0.00,2,1,0,"£151,375.73",0,46-60,0,0,Yes,No,Stayed
15759480,644,France,Female,40,10,"£139,180.97",1,1,1,"£19,959.67",0,31-45,6.97,0,Yes,Yes,Stayed
15587712,589,France,Male,36,8,"£114,435.47",1,1,0,"£26,955.72",0,31-45,4.25,0,Yes,No,Stayed
15671165,592,France,Female,66,5,"£149,950.19",1,1,1,"£76,267.59",0,60+,1.97,0,Yes,Yes,Stayed
15620746,632,France,Male,42,4,"£126,115.60",1,1,0,"£100,998.50",0,31-45,1.25,0,Yes,No,Stayed
15706537,577,Germany,Female,59,7,"£111,396.97",1,0,1,"£191,070.01",0,46-60,0.58,0,No,Yes,Stayed
15589312,588,France,Male,30,3,"£115,007.08",1,0,0,"£176,858.50",0,18-30,0.65,0,No,No,Stayed
15741180,617,France,Male,54,6,"£102,141.90",1,1,1,"£45,325.26",0,46-60,2.25,0,Yes,Yes,Stayed
15733888,668,Spain,Female,36,3,"£133,686.52",1,1,0,"£190,958.48",1,31-45,0.7,0,Yes,No,Churned
15798532,810,France,Male,32,9,"£120,879.73",2,0,1,"£78,896.59",0,31-45,1.53,0,No,Yes,Stayed
15577359,767,Spain,Male,47,5,£0.00,1,1,0,"£121,964.46",1,46-60,0,0,Yes,No,Churned
15614936,718,Spain,Female,49,10,"£82,321.88",1,0,1,"£11,144.40",0,46-60,7.39,0,No,Yes,Stayed
15747647,589,Spain,Female,27,4,£0.00,2,1,0,"£144,181.48",0,18-30,0,0,Yes,No,Stayed
15588566,778,Spain,Male,33,5,"£116,474.28",2,1,1,"£32,757.55",0,31-45,3.56,0,Yes,Yes,Stayed
15570141,724,France,Female,34,3,"£132,352.69",1,1,0,"£80,320.30",0,31-45,1.65,0,Yes,No,Stayed
15800793,477,Germany,Female,39,4,"£182,491.57",1,1,0,"£185,830.72",0,31-45,0.98,0,Yes,No,Stayed
15572415,580,France,Male,34,6,£0.00,2,1,1,"£160,095.31",0,31-45,0,0,Yes,Yes,Stayed
15635125,566,Spain,Male,63,2,"£120,787.18",2,1,1,"£52,198.84",0,60+,2.31,0,Yes,Yes,Stayed
15636551,711,France,Female,29,3,"£130,181.47",2,1,0,"£31,811.44",0,18-30,4.09,0,Yes,No,Stayed
15600912,706,Germany,Male,32,5,"£88,348.43",2,1,1,"£104,181.78",0,31-45,0.85,0,Yes,Yes,Stayed
15768476,703,Spain,Male,31,6,£0.00,2,1,1,"£67,667.19",0,31-45,0,0,Yes,Yes,Stayed
15650266,679,Germany,Male,39,2,"£146,186.28",2,1,1,"£193,974.47",0,31-45,0.75,0,Yes,Yes,Stayed
15621004,603,France,Male,32,7,£0.00,1,1,0,"£198,055.94",1,31-45,0,0,Yes,No,Churned
15748352,598,Spain,Male,34,0,"£104,488.17",1,0,1,"£43,249.67",0,31-45,2.42,0,No,Yes,Stayed
15788920,836,Germany,Female,32,4,"£109,196.67",2,1,0,"£55,218.02",0,31-45,1.98,0,Yes,No,Stayed
15743236,687,France,Female,61,7,"£80,538.56",1,1,0,"£131,305.37",1,60+,0.61,0,Yes,No,Churned
15637717,704,Germany,Male,41,4,"£109,026.80",2,1,1,"£43,117.10",0,31-45,2.53,0,Yes,Yes,Stayed
15635500,605,Germany,Male,75,2,"£61,319.63",1,0,1,"£186,655.11",0,60+,0.33,0,No,Yes,Stayed
15634792,516,France,Female,40,9,£0.00,2,0,1,"£33,266.29",0,31-45,0,0,No,Yes,Stayed
15607560,572,France,Female,39,2,£0.00,2,1,1,£555.28,0,31-45,0,0,Yes,Yes,Stayed
15727177,557,France,Male,42,6,"£177,822.03",1,1,0,"£150,944.31",1,31-45,1.18,0,Yes,No,Churned
15774358,443,Germany,Male,59,4,"£110,939.30",1,1,0,"£72,846.58",1,46-60,1.52,0,Yes,No,Churned
15791304,604,Germany,Male,25,7,"£165,413.43",1,1,1,"£35,279.74",0,18-30,4.69,0,Yes,Yes,Stayed
15603328,483,France,Male,27,1,"£77,805.66",1,1,1,"£2,101.89",0,18-30,37.02,0,Yes,Yes,Stayed
15804937,702,France,Male,50,3,£0.00,2,0,0,"£94,949.84",0,46-60,0,0,No,No,Stayed
15804142,670,Spain,Female,57,3,"£175,575.95",2,1,0,"£99,061.75",1,46-60,1.77,0,Yes,No,Churned
15608845,804,Spain,Female,38,3,"£124,197.22",1,1,0,"£74,692.06",0,31-45,1.66,0,Yes,No,Stayed
15702434,850,France,Female,30,3,£0.00,2,1,0,"£116,692.80",0,18-30,0,0,Yes,No,Stayed
15632609,554,France,Female,39,10,"£160,132.75",1,1,0,"£32,824.15",0,31-45,4.88,0,Yes,No,Stayed
15603550,588,Germany,Female,37,7,"£70,258.88",2,1,0,"£139,607.61",0,31-45,0.5,0,Yes,No,Stayed
15755239,758,Germany,Male,32,4,"£162,657.64",2,1,1,"£115,525.13",0,31-45,1.41,0,Yes,Yes,Stayed
15670528,787,Germany,Male,43,0,"£132,217.45",1,1,0,"£20,955.03",1,31-45,6.31,0,Yes,No,Churned
15732704,582,Spain,Male,25,9,"£148,042.97",2,1,0,"£52,341.15",0,18-30,2.83,0,Yes,No,Stayed
15589019,633,Spain,Female,33,4,"£92,855.02",1,1,1,"£159,813.18",0,31-45,0.58,0,Yes,Yes,Stayed
15677796,766,Germany,Male,47,9,"£129,289.98",1,1,0,"£169,935.46",1,46-60,0.76,0,Yes,No,Churned
15760177,564,Spain,Male,37,9,"£100,252.18",1,1,1,"£146,033.52",0,31-45,0.69,0,Yes,Yes,Stayed
15636595,602,Spain,Male,37,3,"£107,592.89",2,0,1,"£153,122.73",0,31-45,0.7,0,No,Yes,Stayed
15737275,649,France,Male,39,3,"£113,096.41",1,1,1,"£60,335.24",0,31-45,1.87,0,Yes,Yes,Stayed
15672905,679,Spain,Female,40,7,£0.00,2,1,1,"£163,757.29",0,31-45,0,0,Yes,Yes,Stayed
15753955,639,Spain,Male,34,7,"£149,940.04",2,0,0,"£156,648.81",0,31-45,0.96,0,No,No,Stayed
15708504,790,Germany,Male,50,8,"£121,438.58",1,1,1,"£176,471.78",1,46-60,0.69,0,Yes,Yes,Churned
15592451,565,France,Male,32,9,£0.00,2,1,0,"£5,388.30",0,31-45,0,0,Yes,No,Stayed
15790455,478,France,Female,50,2,£0.00,1,0,1,"£93,332.64",1,46-60,0,0,No,Yes,Churned
15572174,825,France,Male,29,3,"£148,874.01",2,0,1,"£71,192.82",0,18-30,2.09,0,No,Yes,Stayed
15656330,528,Spain,Female,32,0,"£68,138.37",1,1,1,"£170,309.19",0,31-45,0.4,0,Yes,Yes,Stayed
15569626,577,Spain,Male,35,5,"£110,080.30",1,1,1,"£109,794.31",0,31-45,1,0,Yes,Yes,Stayed
15608726,663,France,Male,24,7,£0.00,2,1,1,"£166,310.82",0,18-30,0,0,Yes,Yes,Stayed
15637366,505,Germany,Female,25,5,"£114,268.85",2,1,1,"£126,728.27",0,18-30,0.9,0,Yes,Yes,Stayed
15778049,633,Germany,Male,29,6,"£117,412.35",1,0,0,"£30,338.94",0,18-30,3.87,0,No,No,Stayed
15727421,586,France,Female,38,6,£0.00,2,1,1,"£37,935.83",0,31-45,0,0,Yes,Yes,Stayed
15688865,850,France,Female,35,9,£0.00,2,0,0,"£25,329.48",0,31-45,0,0,No,No,Stayed
15751032,629,Germany,Female,37,1,"£35,549.81",2,0,0,"£49,676.33",0,31-45,0.72,0,No,No,Stayed
15734737,744,France,Male,56,9,£0.00,2,1,1,"£169,498.61",0,46-60,0,0,Yes,Yes,Stayed
15746515,750,France,Male,36,7,"£136,492.92",3,1,1,"£26,500.29",1,31-45,5.15,1,Yes,Yes,Churned
15664311,637,Germany,Male,28,3,"£123,675.69",1,1,1,"£166,458.41",0,18-30,0.74,0,Yes,Yes,Stayed
15708139,575,France,Female,40,1,"£139,532.34",1,1,0,"£181,294.39",0,31-45,0.77,0,Yes,No,Stayed
15768574,671,Spain,Male,58,1,"£178,713.98",1,1,1,"£21,768.21",0,46-60,8.21,0,Yes,Yes,Stayed
15738018,571,France,Male,40,5,£0.00,2,0,0,"£72,849.29",0,31-45,0,0,No,No,Stayed
15699753,590,France,Male,41,1,"£89,086.31",1,1,0,"£24,499.97",0,31-45,3.64,0,Yes,No,Stayed
15703199,619,Spain,Male,38,3,"£96,143.47",1,0,0,"£98,994.92",0,31-45,0.97,0,No,No,Stayed
15627830,640,Germany,Female,30,5,"£32,197.64",1,0,1,"£141,446.01",0,18-30,0.23,0,No,Yes,Stayed
15570855,670,France,Male,38,7,£0.00,2,1,1,"£77,864.41",0,31-45,0,0,Yes,Yes,Stayed
15772503,737,France,Female,33,4,£0.00,2,1,0,"£115,115.32",0,31-45,0,0,Yes,No,Stayed
15584453,555,Spain,Male,32,10,£0.00,2,0,1,"£168,605.96",0,31-45,0,0,No,Yes,Stayed
15710111,742,France,Male,33,6,£0.00,2,0,0,"£38,550.40",0,31-45,0,0,No,No,Stayed
15618562,618,Germany,Female,40,0,"£140,306.38",1,1,0,"£160,618.61",1,31-45,0.87,0,Yes,No,Churned
15706764,560,France,Female,35,1,£0.00,2,1,0,"£3,701.63",0,31-45,0,0,Yes,No,Stayed
15798737,654,France,Male,38,8,£0.00,2,1,0,"£88,659.44",0,31-45,0,0,Yes,No,Stayed
15712608,787,Germany,Female,42,2,"£74,483.97",2,0,1,"£44,273.91",0,31-45,1.68,0,No,Yes,Stayed
15636736,611,France,Female,53,7,£0.00,2,0,1,"£156,495.39",1,46-60,0,0,No,Yes,Churned
15703544,559,Spain,Male,34,0,£0.00,1,1,0,"£182,988.94",0,31-45,0,0,Yes,No,Stayed
15815645,481,France,Male,37,8,"£152,303.66",2,1,1,"£175,082.20",0,31-45,0.87,0,Yes,Yes,Stayed
15705739,753,Germany,Male,32,5,"£159,904.79",1,1,0,"£148,811.14",0,31-45,1.07,0,Yes,No,Stayed
15709643,675,France,Male,32,1,£0.00,3,1,0,"£85,901.09",0,31-45,0,1,Yes,No,Stayed
15669805,748,Germany,Female,31,1,"£99,557.94",1,1,0,"£199,255.32",0,31-45,0.5,0,Yes,No,Stayed
15737489,610,Spain,Female,46,5,"£116,886.59",1,0,0,"£107,973.44",0,46-60,1.08,0,No,No,Stayed
15775131,580,Spain,Male,32,9,"£142,188.20",2,0,1,"£128,028.60",0,31-45,1.11,0,No,Yes,Stayed
15765283,624,Germany,Female,40,3,"£149,961.99",2,1,0,"£104,610.86",0,31-45,1.43,0,Yes,No,Stayed
15628715,709,France,Female,36,8,£0.00,2,1,1,"£69,676.55",0,31-45,0,0,Yes,Yes,Stayed
15813283,605,France,Female,34,2,£0.00,1,0,0,"£35,982.42",0,31-45,0,0,No,No,Stayed
15745716,706,Spain,Male,53,7,£0.00,2,0,1,"£117,939.17",0,46-60,0,0,No,Yes,Stayed
15598485,567,Spain,Male,40,8,"£28,649.64",1,1,1,"£95,140.62",0,31-45,0.3,0,Yes,Yes,Stayed
15696552,747,France,Female,21,4,"£81,025.60",2,1,0,"£167,682.57",0,18-30,0.48,0,Yes,No,Stayed
15754569,664,France,Male,57,1,£0.00,2,1,1,"£56,562.57",0,46-60,0,0,Yes,Yes,Stayed
15701741,711,France,Female,39,3,"£152,462.79",1,1,0,"£90,305.97",0,31-45,1.69,0,Yes,No,Stayed
15572631,609,France,Male,25,10,£0.00,1,0,1,"£109,895.16",0,18-30,0,0,No,Yes,Stayed
15636069,632,Spain,Male,28,7,"£155,519.59",1,1,0,"£1,843.24",0,18-30,84.37,0,Yes,No,Stayed
15682467,725,France,Female,36,1,"£118,851.05",1,1,1,"£102,747.02",0,31-45,1.16,0,Yes,Yes,Stayed
15790744,850,France,Female,34,9,"£92,899.27",2,1,0,"£97,465.89",0,31-45,0.95,0,Yes,No,Stayed
15625023,682,France,Male,40,4,£0.00,1,0,1,"£105,352.55",0,31-45,0,0,No,Yes,Stayed
15731267,797,France,Male,37,4,"£75,263.70",1,1,0,"£85,801.77",0,31-45,0.88,0,Yes,No,Stayed
15742879,668,Spain,Male,38,1,"£147,904.31",1,1,1,"£69,370.05",0,31-45,2.13,0,Yes,Yes,Stayed
15757015,783,Germany,Female,41,5,"£106,640.50",1,1,0,"£176,945.96",0,31-45,0.6,0,Yes,No,Stayed
15770711,766,Germany,Female,28,4,"£90,696.78",1,0,1,"£21,597.20",0,18-30,4.2,0,No,Yes,Stayed
15569430,704,Spain,Female,36,2,"£175,509.80",2,1,0,"£152,039.67",0,31-45,1.15,0,Yes,No,Stayed
15617304,722,France,Male,40,6,£0.00,2,1,1,"£111,893.09",0,31-45,0,0,Yes,Yes,Stayed
15704466,692,France,Female,34,7,£0.00,2,1,0,"£195,074.62",0,31-45,0,0,Yes,No,Stayed
15664681,584,France,Female,35,2,"£114,321.28",2,0,0,"£15,959.01",0,31-45,7.16,0,No,No,Stayed
15605534,644,Germany,Female,51,4,"£95,560.04",1,0,0,"£72,628.84",1,46-60,1.32,0,No,No,Churned
15792473,598,Germany,Female,50,5,"£88,379.81",3,0,1,"£64,157.24",1,46-60,1.38,1,No,Yes,Churned
15802625,733,Germany,Male,48,7,"£85,915.52",1,1,1,"£23,860.50",0,46-60,3.6,0,Yes,Yes,Stayed
15766017,615,Germany,Male,58,3,"£72,309.30",1,1,1,"£85,687.09",1,46-60,0.84,0,Yes,Yes,Churned
15762172,850,France,Female,39,2,£0.00,2,1,0,"£179,451.42",0,31-45,0,0,Yes,No,Stayed
15728333,521,France,Male,43,8,£0.00,1,1,1,"£93,180.09",0,31-45,0,0,Yes,Yes,Stayed
15792868,675,France,Male,69,1,£0.00,2,1,0,"£157,097.09",0,60+,0,0,Yes,No,Stayed
15605698,746,France,Male,58,3,£0.00,3,1,1,"£80,344.96",1,46-60,0,1,Yes,Yes,Churned
15777060,770,France,Female,33,4,£0.00,1,1,0,"£26,080.54",1,31-45,0,0,Yes,No,Churned
15626243,618,France,Male,30,3,"£133,844.22",1,1,1,"£31,406.93",0,18-30,4.26,0,Yes,Yes,Stayed
15719898,556,France,Male,36,7,"£154,872.08",2,1,1,"£32,044.64",0,31-45,4.83,0,Yes,Yes,Stayed
15599976,749,France,Female,27,9,£0.00,2,1,0,"£132,734.87",0,18-30,0,0,Yes,No,Stayed
15752809,702,Spain,Male,43,6,"£116,121.67",1,1,0,"£61,602.42",0,31-45,1.89,0,Yes,No,Stayed
15589698,555,Germany,Male,42,6,"£107,104.50",1,1,1,"£41,304.44",1,31-45,2.59,0,Yes,Yes,Churned
15609977,587,France,Male,47,6,"£71,026.77",1,1,0,"£57,962.41",0,46-60,1.23,0,Yes,No,Stayed
15750121,639,France,Male,38,3,£0.00,1,1,0,"£42,862.82",0,31-45,0,0,Yes,No,Stayed
15734177,643,France,Male,33,4,£0.00,2,1,1,"£152,992.04",0,31-45,0,0,Yes,Yes,Stayed
15781347,600,France,Female,41,1,£0.00,2,1,1,"£91,193.65",0,31-45,0,0,Yes,Yes,Stayed
15592025,651,France,Male,53,7,£0.00,2,1,1,"£130,132.41",0,46-60,0,0,Yes,Yes,Stayed
15670163,666,France,Female,27,4,£0.00,2,0,0,"£88,751.45",0,18-30,0,0,No,No,Stayed
15765402,520,France,Female,39,6,"£145,644.05",1,0,0,"£104,118.93",0,31-45,1.4,0,No,No,Stayed
15624343,650,Spain,Female,50,7,"£129,667.77",1,0,0,"£42,028.16",0,46-60,3.09,0,No,No,Stayed
15602354,564,Germany,Male,33,3,"£109,341.87",1,1,0,"£75,632.78",0,31-45,1.45,0,Yes,No,Stayed
15579183,586,France,Male,64,1,£0.00,2,1,1,"£53,710.23",0,60+,0,0,Yes,Yes,Stayed
15584899,617,France,Female,35,5,£0.00,2,0,1,"£13,066.30",0,31-45,0,0,No,Yes,Stayed
15723658,712,Spain,Female,30,6,£0.00,2,1,0,"£152,417.97",0,18-30,0,0,Yes,No,Stayed
15803965,654,France,Male,55,3,"£87,485.67",1,1,1,"£3,299.01",0,46-60,26.52,0,Yes,Yes,Stayed
15682489,605,France,Male,27,9,£0.00,2,1,0,"£198,091.81",0,18-30,0,0,Yes,No,Stayed
15813645,491,France,Female,36,0,"£53,369.13",1,1,1,"£103,934.12",0,31-45,0.51,0,Yes,Yes,Stayed
15766787,707,France,Female,35,9,£0.00,2,1,1,"£70,403.65",0,31-45,0,0,Yes,Yes,Stayed
15687171,638,Spain,Male,34,5,"£146,679.77",1,1,0,"£102,179.86",0,31-45,1.44,0,Yes,No,Stayed
15690744,683,France,Male,43,2,"£112,499.42",2,1,0,"£30,375.18",0,31-45,3.7,0,Yes,No,Stayed
15707974,815,Spain,Female,38,2,"£48,387.00",1,1,0,"£184,796.84",0,31-45,0.26,0,Yes,No,Stayed
15673084,645,Spain,Male,38,1,"£68,079.80",1,0,1,"£166,264.89",0,31-45,0.41,0,No,Yes,Stayed
15814772,645,Germany,Male,49,4,"£160,133.88",1,0,1,"£88,391.97",0,46-60,1.81,0,No,Yes,Stayed
15743709,683,France,Male,30,4,"£66,190.33",1,1,1,"£115,186.97",0,18-30,0.57,0,Yes,Yes,Stayed
15610343,705,France,Female,37,10,£0.00,2,1,1,"£13,935.53",1,31-45,0,0,Yes,Yes,Churned
15737414,647,France,Male,35,4,"£123,761.68",1,1,0,"£83,910.40",0,31-45,1.47,0,Yes,No,Stayed
15788480,786,Germany,Female,33,0,"£122,325.58",1,0,0,"£34,712.34",1,31-45,3.52,0,No,No,Churned
15568519,534,France,Male,41,9,£0.00,2,1,0,"£13,871.34",0,31-45,0,0,Yes,No,Stayed
15792453,602,Spain,Female,42,1,"£138,912.17",1,1,1,"£139,494.75",0,31-45,1,0,Yes,Yes,Stayed
15658100,695,France,Female,42,0,£0.00,2,0,1,"£140,724.64",0,31-45,0,0,No,Yes,Stayed
15695197,553,Germany,Female,25,7,"£128,524.19",2,1,0,"£20,682.46",0,18-30,6.21,0,Yes,No,Stayed
15749807,516,Spain,Female,31,3,£0.00,2,1,0,"£124,202.26",0,31-45,0,0,Yes,No,Stayed
15773876,655,France,Female,34,3,£0.00,2,1,0,"£159,638.77",0,31-45,0,0,Yes,No,Stayed
15591698,849,Germany,Female,49,9,"£132,934.89",1,1,0,"£171,056.65",1,46-60,0.78,0,Yes,No,Churned
15712813,520,Germany,Male,43,3,"£150,805.17",3,0,1,"£25,333.03",1,31-45,5.95,1,No,Yes,Churned
15763898,568,Spain,Female,46,3,£0.00,2,1,1,"£29,372.62",0,46-60,0,0,Yes,Yes,Stayed
15793324,695,Spain,Male,32,9,£0.00,3,0,1,"£38,533.79",0,31-45,0,1,No,Yes,Stayed
15757759,807,Spain,Female,28,7,"£165,969.26",3,1,0,"£156,122.13",1,18-30,1.06,1,Yes,No,Churned
15796230,642,Germany,Female,36,2,"£124,495.98",3,1,1,"£57,904.22",1,31-45,2.15,1,Yes,Yes,Churned
15611729,703,Germany,Male,39,1,"£141,559.50",1,1,1,"£31,257.10",1,31-45,4.53,0,Yes,Yes,Churned
15709531,556,France,Male,38,2,"£114,756.14",1,1,0,"£193,214.05",0,31-45,0.59,0,Yes,No,Stayed
15650751,585,France,Female,30,6,£0.00,2,1,1,"£137,757.69",0,18-30,0,0,Yes,Yes,Stayed
15641413,587,Germany,Female,49,7,"£155,393.98",2,1,0,"£13,308.20",1,46-60,11.68,0,Yes,No,Churned
15753840,524,Spain,Female,32,6,£0.00,1,1,1,"£132,861.90",1,31-45,0,0,Yes,Yes,Churned
15669994,556,Germany,Female,31,1,"£128,663.81",2,1,0,"£125,083.29",0,31-45,1.03,0,Yes,No,Stayed
15695301,504,Spain,Male,44,4,"£113,522.64",1,1,1,"£12,405.20",0,31-45,9.15,0,Yes,Yes,Stayed
15792004,731,Spain,Female,26,3,£0.00,2,1,0,"£37,697.29",0,18-30,0,0,Yes,No,Stayed
15603035,651,France,Male,34,3,£0.00,2,1,1,"£105,599.65",0,31-45,0,0,Yes,Yes,Stayed
15717286,675,Spain,Female,40,8,"£79,035.95",1,1,0,"£142,783.98",1,31-45,0.55,0,Yes,No,Churned
15577107,657,Spain,Female,22,6,£0.00,3,0,1,"£168,412.07",1,18-30,0,1,No,Yes,Churned
15754747,686,Germany,Male,33,9,"£141,918.09",2,0,1,"£184,036.47",0,31-45,0.77,0,No,Yes,Stayed
15705676,690,France,Female,35,9,"£107,944.33",2,0,0,"£48,478.47",0,31-45,2.23,0,No,No,Stayed
15751912,567,France,Male,36,7,£0.00,2,0,1,"£3,896.08",0,31-45,0,0,No,Yes,Stayed
15677336,557,Germany,Male,57,1,"£120,043.13",1,1,0,"£132,370.75",1,46-60,0.91,0,Yes,No,Churned
15684395,446,Spain,Female,45,10,"£125,191.69",1,1,1,"£128,260.86",1,31-45,0.98,0,Yes,Yes,Churned
15659949,850,France,Male,31,1,"£96,399.31",2,1,0,"£106,534.15",0,31-45,0.9,0,Yes,No,Stayed
15812422,637,France,Male,41,2,£0.00,2,0,1,"£102,515.42",0,31-45,0,0,No,Yes,Stayed
15806941,499,France,Male,60,7,"£76,961.60",2,1,1,"£83,643.87",0,46-60,0.92,0,Yes,Yes,Stayed
15637690,622,Germany,Female,34,7,"£98,675.74",1,1,0,"£138,906.85",1,31-45,0.71,0,Yes,No,Churned
15632882,684,Germany,Male,37,1,"£126,817.13",2,1,1,"£29,995.83",1,31-45,4.23,0,Yes,Yes,Churned
15807107,612,France,Male,32,3,"£121,394.42",1,1,0,"£164,081.42",0,31-45,0.74,0,Yes,No,Stayed
15661034,813,Germany,Female,29,5,"£106,059.40",1,0,0,"£187,976.88",1,18-30,0.56,0,No,No,Churned
15811958,850,Germany,Male,44,2,"£112,755.34",2,0,0,"£158,171.36",0,31-45,0.71,0,No,No,Stayed
15785167,795,Spain,Male,29,4,£0.00,2,0,0,"£155,711.64",0,18-30,0,0,No,No,Stayed
15646720,628,Spain,Female,55,7,£0.00,3,1,0,"£85,890.75",1,46-60,0,1,Yes,No,Churned
15658614,565,Germany,Female,38,7,"£145,400.69",2,1,1,"£83,844.79",0,31-45,1.73,0,Yes,Yes,Stayed
15704657,601,France,Male,39,3,"£72,647.64",1,1,0,"£41,777.90",1,31-45,1.74,0,Yes,No,Churned
15567147,802,Spain,Male,40,4,£0.00,2,1,1,"£81,908.09",0,31-45,0,0,Yes,Yes,Stayed
15701319,614,Germany,Female,37,6,"£96,340.81",2,1,1,"£139,377.24",1,31-45,0.69,0,Yes,Yes,Churned
15745266,434,Spain,Male,55,6,£0.00,1,0,1,"£73,562.05",1,46-60,0,0,No,Yes,Churned
15650437,522,Germany,Male,32,8,"£124,450.36",2,1,1,"£165,786.10",0,31-45,0.75,0,Yes,Yes,Stayed
15764314,550,Germany,Male,36,2,"£113,877.23",2,1,0,"£174,921.91",0,31-45,0.65,0,Yes,No,Stayed
15612594,599,Spain,Male,25,3,£0.00,2,1,1,"£120,790.02",0,18-30,0,0,Yes,Yes,Stayed
15593501,493,France,Female,36,5,"£148,667.81",2,1,0,"£56,092.51",0,31-45,2.65,0,Yes,No,Stayed
15804150,755,France,Male,34,3,£0.00,2,1,1,"£158,816.03",0,31-45,0,0,Yes,Yes,Stayed
15649297,605,France,Female,62,4,"£111,065.93",2,0,1,"£125,660.99",0,60+,0.88,0,No,Yes,Stayed
15641110,708,France,Male,41,0,£0.00,1,1,0,"£128,400.62",0,31-45,0,0,Yes,No,Stayed
15660608,699,France,Male,44,8,"£158,697.61",1,1,0,"£107,181.22",0,31-45,1.48,0,Yes,No,Stayed
15806570,763,France,Female,53,4,£0.00,1,1,0,"£77,203.72",1,46-60,0,0,Yes,No,Churned
15715345,743,Spain,Male,25,6,£0.00,2,1,0,"£129,740.11",0,18-30,0,0,Yes,No,Stayed
15755521,660,France,Female,48,0,"£90,044.32",2,0,1,"£187,604.97",1,46-60,0.48,0,No,Yes,Churned
15579074,619,Germany,Male,38,10,"£84,651.79",1,1,1,"£184,754.26",0,31-45,0.46,0,Yes,Yes,Stayed
15641158,739,Germany,Male,32,3,"£102,128.27",1,1,0,"£63,981.37",1,31-45,1.6,0,Yes,No,Churned
15752507,769,Germany,Male,60,9,"£148,846.39",1,1,0,"£192,831.67",1,46-60,0.77,0,Yes,No,Churned
15597983,692,France,Male,69,10,"£154,953.94",1,1,1,"£70,849.47",0,60+,2.19,0,Yes,Yes,Stayed
15586069,560,France,Female,30,0,"£108,883.29",1,1,0,"£27,914.95",0,18-30,3.9,0,Yes,No,Stayed
15655082,607,France,Female,48,4,"£112,070.86",3,1,0,"£173,568.30",1,46-60,0.65,1,Yes,No,Churned
15720155,630,Germany,Male,29,6,"£131,354.39",1,0,1,"£9,324.31",1,18-30,14.09,0,No,Yes,Churned
15582116,767,Germany,Female,45,7,"£132,746.20",2,1,0,"£26,628.88",1,31-45,4.99,0,Yes,No,Churned
15749365,543,France,Female,34,8,£0.00,2,0,1,"£145,601.80",0,31-45,0,0,No,Yes,Stayed
15632069,776,France,Male,39,8,"£125,211.55",2,1,0,"£144,496.07",0,31-45,0.87,0,Yes,No,Stayed
15663134,535,Spain,Male,58,1,£0.00,2,1,1,"£11,779.98",1,46-60,0,0,Yes,Yes,Churned
15766683,549,Germany,Male,36,6,"£139,422.37",1,0,0,"£83,983.39",1,31-45,1.66,0,No,No,Churned
15707219,844,France,Female,28,4,£0.00,2,0,1,"£123,318.37",0,18-30,0,0,No,Yes,Stayed
15709232,586,Germany,Female,47,5,"£157,099.47",2,1,1,"£65,481.86",0,46-60,2.4,0,Yes,Yes,Stayed
15801351,583,France,Male,40,3,£0.00,2,1,0,"£47,728.00",0,31-45,0,0,Yes,No,Stayed
15578747,701,Spain,Male,26,5,"£83,600.24",1,0,1,"£59,195.05",0,18-30,1.41,0,No,Yes,Stayed
15675626,726,France,Male,28,2,£0.00,1,0,0,"£98,060.51",0,18-30,0,0,No,No,Stayed
15583736,829,Germany,Male,36,4,"£81,795.74",2,1,0,"£90,106.94",0,31-45,0.91,0,Yes,No,Stayed
15590011,749,Spain,Male,38,9,"£129,378.32",1,1,1,"£13,549.34",0,31-45,9.55,0,Yes,Yes,Stayed
15609913,743,France,Female,46,9,£0.00,1,1,0,"£113,436.08",0,46-60,0,0,Yes,No,Stayed
15719479,619,Spain,Female,56,7,£0.00,2,1,1,"£42,442.21",0,46-60,0,0,Yes,Yes,Stayed
15575147,699,France,Male,22,9,"£99,339.00",1,1,0,"£68,297.61",1,18-30,1.45,0,Yes,No,Churned
15597309,749,Spain,Male,36,7,£0.00,2,0,0,"£80,134.65",0,31-45,0,0,No,No,Stayed
15648367,600,Germany,Female,29,6,"£74,430.10",2,1,1,"£96,051.10",0,18-30,0.77,0,Yes,Yes,Stayed
15758031,760,Spain,Male,38,3,"£91,241.85",1,0,1,"£80,682.35",0,31-45,1.13,0,No,Yes,Stayed
15751771,528,Germany,Male,32,2,"£99,092.45",1,0,1,"£111,149.98",0,31-45,0.89,0,No,Yes,Stayed
15689288,630,France,Female,26,5,£0.00,2,1,0,"£182,612.38",0,18-30,0,0,Yes,No,Stayed
15731026,683,Germany,Female,39,2,"£100,062.16",2,1,0,"£109,201.43",0,31-45,0.92,0,Yes,No,Stayed
15775809,677,Germany,Female,26,6,"£98,723.67",1,0,1,"£151,146.67",0,18-30,0.65,0,No,Yes,Stayed
15743076,669,Spain,Male,29,9,£0.00,1,1,1,"£93,901.61",0,18-30,0,0,Yes,Yes,Stayed
15658258,693,France,Male,43,6,"£128,760.32",1,1,0,"£36,342.79",0,31-45,3.54,0,Yes,No,Stayed
15756321,612,Spain,Female,52,5,"£144,772.69",1,0,0,"£98,302.57",1,46-60,1.47,0,No,No,Churned
15706799,719,Spain,Male,44,4,£0.00,1,0,0,"£84,972.90",1,31-45,0,0,No,No,Churned
15775703,702,France,Male,26,2,"£71,281.29",1,1,1,"£108,747.12",1,18-30,0.66,0,Yes,Yes,Churned
15642636,755,France,Male,29,9,"£117,035.89",1,1,1,"£21,862.19",0,18-30,5.35,0,Yes,Yes,Stayed
15704651,514,France,Male,26,1,£0.00,2,0,0,"£121,551.93",0,18-30,0,0,No,No,Stayed
15806771,753,France,Female,40,0,"£3,768.69",2,1,0,"£177,065.24",1,31-45,0.02,0,Yes,No,Churned
15566735,548,Germany,Female,36,2,"£108,913.84",2,1,1,"£140,460.01",0,31-45,0.78,0,Yes,Yes,Stayed
15681671,850,Germany,Male,28,2,"£101,100.22",2,1,1,"£35,337.31",0,18-30,2.86,0,Yes,Yes,Stayed
15775949,612,France,Female,38,7,"£110,615.47",1,1,1,"£193,502.93",0,31-45,0.57,0,Yes,Yes,Stayed
15586752,628,Germany,Male,33,8,"£152,143.89",1,1,1,"£32,174.03",0,31-45,4.73,0,Yes,Yes,Stayed
15582519,479,France,Male,47,6,"£121,797.09",1,0,1,"£5,811.90",1,46-60,20.96,0,No,Yes,Churned
15658233,724,France,Female,41,5,"£109,798.25",1,0,1,"£149,593.61",0,31-45,0.73,0,No,Yes,Stayed
15755330,512,Germany,Male,41,7,"£122,403.24",1,0,1,"£37,439.90",1,31-45,3.27,0,No,Yes,Churned
15605072,638,France,Female,43,3,"£145,860.98",1,1,1,"£142,763.51",1,31-45,1.02,0,Yes,Yes,Churned
15617538,834,Spain,Male,40,7,£0.00,2,0,0,"£45,038.74",0,31-45,0,0,No,No,Stayed
15591428,781,France,Male,29,9,£0.00,2,0,0,"£172,097.40",0,18-30,0,0,No,No,Stayed
15692142,707,Germany,Female,48,7,"£105,086.74",1,1,1,"£180,344.69",1,46-60,0.58,0,Yes,Yes,Churned
15692931,670,France,Male,22,2,"£114,991.45",1,1,1,"£37,392.56",0,18-30,3.08,0,Yes,Yes,Stayed
15781127,663,Spain,Female,33,8,"£96,769.04",1,1,1,"£36,864.05",0,31-45,2.63,0,Yes,Yes,Stayed
15677136,624,France,Female,23,5,£0.00,2,0,0,"£132,418.59",0,18-30,0,0,No,No,Stayed
15677828,598,France,Female,34,4,£0.00,2,0,0,"£60,894.26",0,31-45,0,0,No,No,Stayed
15567897,619,Germany,Male,23,5,"£132,725.10",1,1,1,"£143,913.33",0,18-30,0.92,0,Yes,Yes,Stayed
15793641,792,France,Female,70,3,£0.00,2,1,1,"£172,240.27",0,60+,0,0,Yes,Yes,Stayed
15678333,683,France,Female,26,7,£0.00,2,1,0,"£86,619.77",0,18-30,0,0,Yes,No,Stayed
15630511,691,France,Female,33,6,£0.00,2,1,0,"£164,074.89",0,31-45,0,0,Yes,No,Stayed
15792627,765,Spain,Female,33,5,"£84,557.82",1,1,1,"£69,039.43",0,31-45,1.22,0,Yes,Yes,Stayed
15717191,508,France,Male,49,1,"£93,817.41",2,1,1,"£132,468.76",1,46-60,0.71,0,Yes,Yes,Churned
15625716,637,France,Female,33,9,"£113,913.53",1,0,1,"£65,316.50",0,31-45,1.74,0,No,Yes,Stayed
15710053,667,Germany,Female,44,5,"£140,406.68",2,0,1,"£57,164.19",0,31-45,2.46,0,No,Yes,Stayed
15580043,575,Spain,Female,22,8,"£105,229.34",1,1,1,"£34,397.08",0,18-30,3.06,0,Yes,Yes,Stayed
15601410,744,Spain,Female,46,1,£0.00,3,1,1,"£177,431.59",1,46-60,0,1,Yes,Yes,Churned
15684669,567,France,Female,41,9,"£137,891.35",1,1,0,"£142,009.46",1,31-45,0.97,0,Yes,No,Churned
15619083,502,France,Female,35,6,£0.00,2,1,1,"£80,618.47",0,31-45,0,0,Yes,Yes,Stayed
15692207,609,France,Female,53,6,£0.00,2,1,1,"£124,218.27",0,46-60,0,0,Yes,Yes,Stayed
15730705,715,France,Male,37,9,"£165,252.52",1,1,0,"£85,286.30",0,31-45,1.94,0,Yes,No,Stayed
15749688,541,France,Male,32,8,£0.00,2,0,0,"£40,889.14",0,31-45,0,0,No,No,Stayed
15728542,850,France,Female,71,4,£0.00,2,1,1,"£107,236.87",0,60+,0,0,Yes,Yes,Stayed
15760063,595,Spain,Male,23,7,£0.00,2,1,1,"£168,085.97",0,18-30,0,0,Yes,Yes,Stayed
15658982,650,Germany,Female,28,5,"£122,034.40",3,0,1,"£146,663.43",1,18-30,0.83,1,No,Yes,Churned
15758769,625,France,Female,44,7,£0.00,1,1,0,"£4,791.80",0,31-45,0,0,Yes,No,Stayed
15778481,817,France,Male,59,1,"£118,962.58",1,1,1,"£120,819.58",0,46-60,0.98,0,Yes,Yes,Stayed
15661162,526,Spain,Male,49,2,£0.00,1,1,0,"£114,539.67",1,46-60,0,0,Yes,No,Churned
15568164,850,France,Female,34,4,"£71,379.53",2,1,1,"£154,000.99",0,31-45,0.46,0,Yes,Yes,Stayed
15601569,598,France,Female,40,2,"£171,178.25",1,1,0,"£137,980.58",1,31-45,1.24,0,Yes,No,Churned
15772383,613,France,Male,36,9,"£131,307.11",1,0,0,"£83,343.73",0,31-45,1.58,0,No,No,Stayed
15667456,709,Spain,Male,62,3,£0.00,2,1,1,"£82,195.15",0,60+,0,0,Yes,Yes,Stayed
15672983,678,Spain,Female,27,5,"£87,099.85",2,1,0,"£149,550.95",0,18-30,0.58,0,Yes,No,Stayed
15799534,720,France,Male,71,5,"£183,135.39",2,1,1,"£197,688.50",0,60+,0.93,0,Yes,Yes,Stayed
15582847,662,France,Male,26,0,£0.00,2,0,1,"£72,929.96",0,18-30,0,0,No,Yes,Stayed
15612478,525,France,Male,51,10,£0.00,3,1,0,"£171,045.35",1,46-60,0,1,Yes,No,Churned
15709621,662,France,Male,31,3,£0.00,2,0,1,"£27,731.05",0,31-45,0,0,No,Yes,Stayed
15802009,770,France,Female,33,6,£0.00,2,1,1,"£126,131.90",0,31-45,0,0,Yes,Yes,Stayed
15698816,721,Spain,Female,33,4,"£72,535.45",1,1,1,"£103,931.49",0,31-45,0.7,0,Yes,Yes,Stayed
15574830,633,Germany,Male,58,2,"£128,137.42",2,1,0,"£147,635.33",1,46-60,0.87,0,Yes,No,Churned
15603082,701,France,Male,51,9,£0.00,2,0,0,"£61,961.57",0,46-60,0,0,No,No,Stayed
15685947,556,Germany,Male,42,0,"£115,915.53",2,0,1,"£125,435.47",1,31-45,0.92,0,No,Yes,Churned
15643048,639,France,Male,66,0,£0.00,2,0,1,"£42,240.54",0,60+,0,0,No,Yes,Stayed
15807568,632,France,Male,50,2,£0.00,2,0,0,"£57,942.88",0,46-60,0,0,No,No,Stayed
15597591,456,France,Male,29,5,"£107,000.49",1,1,1,"£153,419.62",0,18-30,0.7,0,Yes,Yes,Stayed
15747558,729,Spain,Female,38,10,£0.00,2,1,0,"£189,727.12",0,31-45,0,0,Yes,No,Stayed
15756655,632,France,Female,34,2,£0.00,2,0,0,"£165,385.55",0,31-45,0,0,No,No,Stayed
15589949,433,Spain,Male,34,9,"£152,806.74",1,1,0,"£19,687.99",0,31-45,7.76,0,Yes,No,Stayed
15601012,802,France,Female,60,3,"£92,887.06",1,1,0,"£39,473.63",1,46-60,2.35,0,Yes,No,Churned
15724269,670,France,Male,25,7,£0.00,2,1,1,"£144,723.38",0,18-30,0,0,Yes,Yes,Stayed
15567506,738,Germany,Female,40,6,"£114,940.67",2,1,1,"£194,895.57",1,31-45,0.59,0,Yes,Yes,Churned
15791877,706,Germany,Male,34,0,"£140,641.26",2,1,1,"£77,271.91",0,31-45,1.82,0,Yes,Yes,Stayed
15794360,592,Germany,Female,70,5,"£71,816.74",2,1,0,"£105,096.82",1,60+,0.68,0,Yes,No,Churned
15686538,522,France,Female,41,7,£0.00,2,0,1,"£176,780.39",0,31-45,0,0,No,Yes,Stayed
15585985,746,France,Male,48,5,"£165,282.42",1,1,0,"£153,786.46",1,46-60,1.07,0,Yes,No,Churned
15699257,651,Spain,Male,42,2,"£143,145.87",2,1,0,"£43,612.06",0,31-45,3.28,0,Yes,No,Stayed
15804104,494,France,Male,28,9,"£114,731.76",2,0,1,"£79,479.74",0,18-30,1.44,0,No,Yes,Stayed
15727619,753,Germany,Female,46,9,"£113,909.69",3,1,0,"£92,320.37",1,46-60,1.23,1,Yes,No,Churned
15740237,671,Germany,Male,36,2,"£116,695.27",1,0,0,"£193,201.86",0,31-45,0.6,0,No,No,Stayed
15801436,696,France,Male,42,4,£0.00,1,0,0,"£126,353.13",1,31-45,0,0,No,No,Churned
15705735,577,Spain,Male,43,3,£0.00,2,1,1,"£135,008.92",0,31-45,0,0,Yes,Yes,Stayed
15649359,587,France,Male,36,1,£0.00,2,0,1,"£17,135.60",0,31-45,0,0,No,Yes,Stayed
15624892,712,Germany,Male,37,7,"£93,978.96",2,1,0,"£60,651.77",0,31-45,1.55,0,Yes,No,Stayed
15784918,498,Germany,Male,35,2,"£121,968.11",2,0,1,"£188,343.05",0,31-45,0.65,0,No,Yes,Stayed
15584785,660,France,Male,37,2,"£97,324.91",1,1,0,"£23,291.83",0,31-45,4.18,0,Yes,No,Stayed
15797197,678,Spain,Male,29,6,£0.00,2,1,0,"£64,443.75",0,18-30,0,0,Yes,No,Stayed
15574858,530,France,Male,37,8,£0.00,2,1,1,£287.99,0,31-45,0,0,Yes,Yes,Stayed
15794101,559,France,Female,48,2,£0.00,2,0,1,"£137,961.41",0,46-60,0,0,No,Yes,Stayed
15743245,624,France,Male,42,3,"£145,155.37",1,1,0,"£72,169.95",1,31-45,2.01,0,Yes,No,Churned
15791535,592,France,Male,28,5,"£137,222.77",1,0,0,"£39,608.58",0,18-30,3.46,0,No,No,Stayed
15605215,767,France,Male,48,9,£0.00,2,0,1,"£175,458.21",0,46-60,0,0,No,Yes,Stayed
15771749,653,Germany,Female,38,5,"£114,268.22",2,1,1,"£89,524.83",0,31-45,1.28,0,Yes,Yes,Stayed
15616833,678,Spain,Male,27,2,£0.00,2,1,1,"£13,221.25",0,18-30,0,0,Yes,Yes,Stayed
15750728,586,Spain,Female,42,2,£0.00,1,1,0,"£102,889.34",0,31-45,0,0,Yes,No,Stayed
15769353,550,France,Female,40,8,"£150,490.32",1,0,0,"£166,468.21",1,31-45,0.9,0,No,No,Churned
15770091,643,Germany,Male,28,9,"£160,858.13",2,1,0,"£27,149.27",0,18-30,5.92,0,Yes,No,Stayed
15716420,612,Spain,Male,39,5,"£170,288.38",1,1,1,"£59,601.15",0,31-45,2.86,0,Yes,Yes,Stayed
15740602,674,Germany,Female,27,4,"£111,568.01",1,0,1,"£22,026.18",0,18-30,5.07,0,No,Yes,Stayed
15796071,657,Spain,Male,29,7,"£83,889.03",1,1,0,"£153,059.62",0,18-30,0.55,0,Yes,No,Stayed
15811389,724,Germany,Female,35,0,"£171,982.95",2,0,1,"£167,313.07",0,31-45,1.03,0,No,Yes,Stayed
15783875,500,France,Female,34,4,£0.00,2,1,0,"£12,833.96",0,31-45,0,0,Yes,No,Stayed
15671800,688,France,Male,20,8,"£137,624.40",2,1,1,"£197,582.79",0,18-30,0.7,0,Yes,Yes,Stayed
15677288,599,France,Male,50,3,"£121,159.65",1,0,0,"£4,033.39",1,46-60,30.04,0,No,No,Churned
15633525,631,France,Male,29,7,£0.00,2,0,1,"£125,877.22",0,18-30,0,0,No,Yes,Stayed
15634606,634,Spain,Male,52,1,£0.00,2,1,1,"£176,913.42",0,46-60,0,0,Yes,Yes,Stayed
15579207,545,France,Male,37,3,"£91,184.01",1,1,0,"£105,476.65",0,31-45,0.86,0,Yes,No,Stayed
15619892,644,Spain,Male,18,8,£0.00,2,1,0,"£59,172.42",0,18-30,0,0,Yes,No,Stayed
15567778,690,Germany,Female,54,1,"£144,027.80",1,1,1,"£108,731.02",1,46-60,1.32,0,Yes,Yes,Churned
15711750,711,France,Female,34,6,£0.00,2,1,1,"£175,310.38",0,31-45,0,0,Yes,Yes,Stayed
15751084,712,France,Female,29,8,"£140,170.61",1,1,1,"£38,170.04",0,18-30,3.67,0,Yes,Yes,Stayed
15768945,627,France,Male,27,1,"£62,092.90",1,1,1,"£105,887.04",0,18-30,0.59,0,Yes,Yes,Stayed
15586931,694,Spain,Male,39,3,£0.00,1,1,1,"£95,625.03",0,31-45,0,0,Yes,Yes,Stayed
15636353,534,Spain,Male,35,4,£0.00,2,0,0,"£9,541.15",0,31-45,0,0,No,No,Stayed
15623858,603,France,Male,45,9,£0.00,1,0,0,"£148,516.79",0,31-45,0,0,No,No,Stayed
15703354,808,France,Female,33,2,"£103,516.87",1,1,0,"£113,907.80",0,31-45,0.91,0,Yes,No,Stayed
15663987,723,Spain,Male,30,1,£0.00,3,1,0,"£164,647.72",1,18-30,0,1,Yes,No,Churned
15780805,585,France,Female,35,2,£0.00,2,1,0,"£98,621.04",1,31-45,0,0,Yes,No,Churned
15768566,706,France,Male,34,8,£0.00,2,1,1,"£37,479.97",0,31-45,0,0,Yes,Yes,Stayed
15643229,671,France,Female,31,6,£0.00,2,1,1,"£15,846.42",0,31-45,0,0,Yes,Yes,Stayed
15754940,597,Spain,Male,43,2,"£85,162.26",1,0,1,"£5,104.08",1,31-45,16.69,0,No,Yes,Churned
15676576,646,France,Female,43,8,"£143,061.88",1,1,0,"£61,937.60",0,31-45,2.31,0,Yes,No,Stayed
15800068,801,Spain,Female,46,6,£0.00,2,1,1,"£170,008.74",0,46-60,0,0,Yes,Yes,Stayed
15648030,731,Spain,Female,33,5,"£137,388.01",2,1,0,"£165,000.68",0,31-45,0.83,0,Yes,No,Stayed
15668594,620,Germany,Female,25,1,"£137,712.01",1,1,1,"£76,197.05",0,18-30,1.81,0,Yes,Yes,Stayed
15728709,484,Germany,Male,40,7,"£106,901.42",2,0,0,"£118,045.98",0,31-45,0.91,0,No,No,Stayed
15724181,647,Spain,Male,47,5,"£105,603.21",2,1,1,"£157,360.90",0,46-60,0.67,0,Yes,Yes,Stayed
15647546,688,Germany,Female,40,8,"£150,679.71",2,0,1,"£196,226.38",0,31-45,0.77,0,No,Yes,Stayed
15702601,680,Germany,Male,30,4,"£108,300.27",2,0,1,"£44,384.57",1,18-30,2.44,0,No,Yes,Churned
15567725,689,France,Female,46,7,"£52,016.08",2,1,1,"£72,993.65",0,46-60,0.71,0,Yes,Yes,Stayed
15674179,513,Germany,Male,34,7,"£60,515.13",1,0,0,"£124,571.09",0,31-45,0.49,0,No,No,Stayed
15686957,553,Germany,Male,35,2,"£158,584.28",2,1,0,"£43,640.16",0,31-45,3.63,0,Yes,No,Stayed
15607690,689,Germany,Male,47,2,"£118,812.50",2,0,0,"£31,121.42",0,46-60,3.82,0,No,No,Stayed
15806546,517,Spain,Male,46,4,£0.00,1,1,0,"£22,372.78",0,46-60,0,0,Yes,No,Stayed
15632850,731,France,Male,37,8,£0.00,2,1,1,"£170,338.35",0,31-45,0,0,Yes,Yes,Stayed
15709016,687,Germany,Female,47,1,"£91,219.29",1,0,0,"£158,845.49",1,46-60,0.57,0,No,No,Churned
15638068,507,Spain,Male,32,7,£0.00,2,1,0,"£67,926.18",0,31-45,0,0,Yes,No,Stayed
15749345,468,France,Female,22,1,"£76,318.64",1,1,1,"£194,783.12",0,18-30,0.39,0,Yes,Yes,Stayed
15791321,682,Spain,Female,58,4,£0.00,1,1,0,"£176,036.01",0,46-60,0,0,Yes,No,Stayed
15699095,603,France,Female,24,3,£0.00,1,1,1,"£198,826.03",1,18-30,0,0,Yes,Yes,Churned
15638329,522,Germany,Male,25,1,"£111,432.13",1,1,1,"£168,683.57",0,18-30,0.66,0,Yes,Yes,Stayed
15575445,629,Spain,Male,41,10,"£150,148.51",1,0,0,"£6,936.27",0,31-45,21.65,0,No,No,Stayed
15752622,729,France,Female,32,7,"£38,550.06",1,0,1,"£179,230.23",0,31-45,0.22,0,No,Yes,Stayed
15774507,574,France,Female,39,5,"£119,013.86",1,1,0,"£103,421.91",0,31-45,1.15,0,Yes,No,Stayed
15570857,677,Germany,Female,39,0,"£111,213.64",2,1,1,"£147,578.26",0,31-45,0.75,0,Yes,Yes,Stayed
15599386,627,Germany,Male,28,5,"£71,097.23",1,1,1,"£130,504.49",0,18-30,0.54,0,Yes,Yes,Stayed
15744913,788,Spain,Male,36,10,"£109,632.85",1,1,1,"£16,149.13",0,31-45,6.79,0,Yes,Yes,Stayed
15647292,697,France,Male,63,7,"£148,368.02",1,0,0,"£118,862.08",1,60+,1.25,0,No,No,Churned
15728838,578,France,Male,45,1,"£148,600.91",1,1,0,"£143,397.14",1,31-45,1.04,0,Yes,No,Churned
15584704,519,France,Male,48,10,"£71,083.98",1,1,0,"£137,959.00",0,46-60,0.52,0,Yes,No,Stayed
15749068,632,France,Female,40,9,"£139,625.34",1,1,0,"£93,702.96",1,31-45,1.49,0,Yes,No,Churned
15622985,679,France,Female,39,4,£0.00,1,0,0,"£172,939.30",1,31-45,0,0,No,No,Churned
15587676,699,France,Male,30,9,£0.00,1,1,1,"£108,162.13",0,18-30,0,0,Yes,Yes,Stayed
15779496,615,France,Male,64,0,"£81,564.10",2,0,1,"£35,896.09",0,60+,2.27,0,No,Yes,Stayed
15733460,622,Spain,Male,36,9,£0.00,2,1,1,"£104,852.60",0,31-45,0,0,Yes,Yes,Stayed
15711457,755,France,Female,28,7,"£124,540.28",1,0,1,"£188,850.89",0,18-30,0.66,0,No,Yes,Stayed
15795290,767,France,Female,42,2,"£133,616.39",1,1,0,"£28,615.80",0,31-45,4.67,0,Yes,No,Stayed
15611223,752,Germany,Female,38,10,"£101,648.50",2,1,0,"£172,001.44",0,31-45,0.59,0,Yes,No,Stayed
15794159,633,France,Female,26,8,"£124,281.84",1,1,1,"£60,116.57",0,18-30,2.07,0,Yes,Yes,Stayed
15780677,717,France,Female,59,4,£0.00,2,1,1,"£170,528.63",0,46-60,0,0,Yes,Yes,Stayed
15690175,585,Spain,Male,45,0,£0.00,2,0,0,"£189,683.70",0,31-45,0,0,No,No,Stayed
15722599,751,France,Female,37,9,"£183,613.66",2,0,0,"£49,734.94",0,31-45,3.69,0,No,No,Stayed
15569976,754,Germany,Male,65,1,"£136,186.44",1,1,1,"£121,529.59",1,60+,1.12,0,Yes,Yes,Churned
15707011,495,France,Male,47,10,"£137,682.68",1,1,0,"£71,071.47",0,46-60,1.94,0,Yes,No,Stayed
15702277,650,France,Male,34,4,"£106,005.54",1,0,1,"£142,995.32",0,31-45,0.74,0,No,Yes,Stayed
15801915,529,France,Female,31,6,"£152,310.55",1,1,0,"£13,054.25",0,31-45,11.67,0,Yes,No,Stayed
15580213,585,France,Female,43,2,£0.00,2,1,0,"£89,402.54",0,31-45,0,0,Yes,No,Stayed
15637947,668,Spain,Male,32,1,"£134,446.04",1,0,1,"£111,241.37",0,31-45,1.21,0,No,Yes,Stayed
15715888,591,France,Female,38,2,"£142,289.28",1,0,1,"£119,638.85",0,31-45,1.19,0,No,Yes,Stayed
15732967,731,France,Male,19,6,£0.00,2,1,1,"£151,581.79",0,18-30,0,0,Yes,Yes,Stayed
15737047,754,France,Female,45,6,£0.00,1,1,0,"£73,881.68",1,31-45,0,0,Yes,No,Churned
15694039,650,Germany,Female,46,9,"£149,003.76",2,1,0,"£176,902.83",0,46-60,0.84,0,Yes,No,Stayed
15649457,588,Germany,Male,41,2,"£131,341.46",2,0,1,"£7,034.94",0,31-45,18.67,0,No,Yes,Stayed
15742809,712,Spain,Female,29,7,"£77,919.78",1,1,0,"£122,547.58",0,18-30,0.64,0,Yes,No,Stayed
15637829,691,France,Female,34,7,£0.00,2,0,1,"£161,559.12",0,31-45,0,0,No,Yes,Stayed
15633194,771,France,Female,41,10,"£108,309.00",4,1,1,"£137,510.41",1,31-45,0.79,1,Yes,Yes,Churned
15611635,678,Spain,Female,39,6,£0.00,1,0,1,"£185,366.56",0,31-45,0,0,No,Yes,Stayed
15638774,719,Spain,Female,40,9,£0.00,2,1,0,"£182,224.14",0,31-45,0,0,Yes,No,Stayed
15722037,610,Germany,Male,36,7,"£115,462.02",1,0,1,"£42,581.04",0,31-45,2.71,0,No,Yes,Stayed
15672930,722,Spain,Male,37,9,£0.00,2,1,0,"£31,921.95",0,31-45,0,0,Yes,No,Stayed
15668774,758,Germany,Female,23,5,"£122,739.10",1,1,0,"£102,460.84",1,18-30,1.2,0,Yes,No,Churned
15780966,709,France,Female,32,2,£0.00,2,0,0,"£109,681.29",0,31-45,0,0,No,No,Stayed
15659694,634,Germany,Female,53,3,"£113,781.50",2,1,1,"£106,345.05",1,46-60,1.07,0,Yes,Yes,Churned
15624424,678,Spain,Female,49,1,£0.00,2,1,1,"£102,472.90",0,46-60,0,0,Yes,Yes,Stayed
15708713,633,France,Male,35,3,£0.00,2,1,1,"£36,249.76",0,31-45,0,0,Yes,Yes,Stayed
15755405,710,France,Male,43,9,"£128,284.45",1,1,0,"£32,996.89",1,31-45,3.89,0,Yes,No,Churned
15647570,640,Germany,Male,45,8,"£120,591.19",1,0,0,"£195,123.94",0,31-45,0.62,0,No,No,Stayed
15684348,656,France,Male,63,8,£0.00,2,0,1,"£57,014.43",0,60+,0,0,No,Yes,Stayed
15702541,551,France,Female,59,2,"£166,968.28",1,1,0,"£159,483.76",1,46-60,1.05,0,Yes,No,Churned
15646942,786,Spain,Female,39,7,£0.00,2,0,0,"£100,929.59",0,31-45,0,0,No,No,Stayed
15748920,561,France,Female,49,8,£0.00,2,1,1,"£12,513.07",0,46-60,0,0,Yes,Yes,Stayed
15694581,807,Spain,Male,42,5,£0.00,2,1,1,"£74,900.90",0,31-45,0,0,Yes,Yes,Stayed
15643215,602,Germany,Male,38,2,"£71,667.97",2,0,0,"£137,111.89",0,31-45,0.52,0,No,No,Stayed
15649060,727,Germany,Female,31,3,"£82,729.47",2,1,0,"£60,212.51",0,31-45,1.37,0,Yes,No,Stayed
15774258,678,France,Male,40,1,£0.00,2,1,1,"£187,343.40",0,31-45,0,0,Yes,Yes,Stayed
15731553,730,France,Male,23,8,£0.00,2,1,0,"£183,284.53",0,18-30,0,0,Yes,No,Stayed
15617029,596,Spain,Female,30,1,£0.00,2,1,0,"£8,125.39",0,18-30,0,0,Yes,No,Stayed
15780716,686,Germany,Male,39,3,"£129,626.19",2,1,1,"£103,220.56",0,31-45,1.26,0,Yes,Yes,Stayed
15577018,684,Germany,Female,26,2,"£114,035.39",1,0,0,"£96,885.19",0,18-30,1.18,0,No,No,Stayed
15809515,797,Germany,Male,32,1,"£151,922.94",1,1,0,"£8,877.06",0,31-45,17.11,0,Yes,No,Stayed
15789924,658,France,Female,39,4,£0.00,1,1,1,"£147,530.06",0,31-45,0,0,Yes,Yes,Stayed
15725076,653,Spain,Female,27,6,"£107,751.68",2,1,1,"£33,389.42",0,18-30,3.23,0,Yes,Yes,Stayed
15672481,641,France,Male,37,6,£0.00,2,1,0,"£45,309.24",0,31-45,0,0,Yes,No,Stayed
15574115,656,Spain,Female,41,6,"£101,179.23",2,1,1,"£35,230.61",0,31-45,2.87,0,Yes,Yes,Stayed
15661830,750,Spain,Female,36,6,£0.00,2,1,1,"£59,816.41",0,31-45,0,0,Yes,Yes,Stayed
15665879,768,France,Female,40,8,£0.00,2,0,1,"£69,080.46",0,31-45,0,0,No,Yes,Stayed
15673820,568,France,Male,33,7,£0.00,2,1,0,"£143,450.61",0,31-45,0,0,Yes,No,Stayed
15747772,706,Germany,Male,36,9,"£58,571.18",2,1,0,"£40,774.01",0,31-45,1.44,0,Yes,No,Stayed
15666197,430,Germany,Female,38,8,"£153,058.64",1,1,0,"£99,377.27",0,31-45,1.54,0,Yes,No,Stayed
15773639,745,Germany,Male,35,4,"£98,270.34",1,1,0,"£133,617.43",0,31-45,0.74,0,Yes,No,Stayed
15581893,747,France,Male,43,1,"£130,788.71",1,0,1,"£101,495.00",1,31-45,1.29,0,No,Yes,Churned
15672447,657,Germany,Male,40,7,"£99,165.84",1,0,1,"£119,333.95",1,31-45,0.83,0,No,Yes,Churned
15777830,639,France,Female,42,4,£0.00,2,0,0,"£167,682.37",0,31-45,0,0,No,No,Stayed
15713890,704,France,Male,44,3,£0.00,2,0,1,"£152,884.85",0,31-45,0,0,No,Yes,Stayed
15577598,651,Spain,Male,23,4,"£115,636.05",2,1,0,"£70,400.86",0,18-30,1.64,0,Yes,No,Stayed
15786042,706,Germany,Female,44,2,"£185,932.18",2,1,0,"£65,413.41",0,31-45,2.84,0,Yes,No,Stayed
15753462,632,Germany,Male,30,2,"£72,549.00",2,0,1,"£182,728.80",0,18-30,0.4,0,No,Yes,Stayed
15759690,751,France,Male,42,4,£0.00,2,1,1,"£81,442.60",0,31-45,0,0,Yes,Yes,Stayed
15801414,767,France,Female,35,2,£0.00,2,0,0,"£144,251.38",0,31-45,0,0,No,No,Stayed
15656141,741,France,Male,39,5,£0.00,1,0,1,"£40,207.06",0,31-45,0,0,No,Yes,Stayed
15608701,651,Germany,Male,29,3,"£121,890.06",1,1,0,"£54,530.51",1,18-30,2.24,0,Yes,No,Churned
15582892,601,France,Male,46,2,"£99,786.07",1,1,1,"£32,683.88",1,46-60,3.05,0,Yes,Yes,Churned
15632967,520,France,Male,34,3,£0.00,2,1,1,"£104,703.96",0,31-45,0,0,Yes,Yes,Stayed
15587573,626,Germany,Male,27,4,"£115,084.53",2,0,1,"£26,907.43",0,18-30,4.28,0,No,Yes,Stayed
15654891,811,France,Male,30,6,£0.00,2,1,1,"£180,591.32",0,18-30,0,0,Yes,Yes,Stayed
15611365,730,France,Female,32,9,"£127,661.69",1,0,0,"£60,905.51",0,31-45,2.1,0,No,No,Stayed
15749103,604,Germany,Female,47,4,"£118,907.60",1,0,1,"£47,777.15",1,46-60,2.49,0,No,Yes,Churned
15810203,499,Germany,Female,44,6,"£77,627.33",2,1,0,"£108,222.68",0,31-45,0.72,0,Yes,No,Stayed
15813660,754,Spain,Male,40,2,"£160,625.17",1,0,1,"£3,554.63",0,31-45,45.19,0,No,Yes,Stayed
15605673,716,Spain,Female,29,8,£0.00,2,0,0,"£78,616.92",0,18-30,0,0,No,No,Stayed
15669282,636,France,Female,20,10,"£124,266.86",1,0,0,"£100,566.81",0,18-30,1.24,0,No,No,Stayed
15792726,470,France,Female,25,8,"£127,974.06",2,1,1,"£183,259.35",0,18-30,0.7,0,Yes,Yes,Stayed
15593241,444,France,Male,43,3,£0.00,2,1,1,"£159,131.21",0,31-45,0,0,Yes,Yes,Stayed
15683053,809,Spain,Female,48,2,£0.00,1,1,0,"£160,976.85",1,46-60,0,0,Yes,No,Churned
15632736,850,Germany,Female,30,3,"£104,911.35",2,1,1,"£42,933.26",0,18-30,2.44,0,Yes,Yes,Stayed
15731865,637,France,Male,27,1,£0.00,2,1,0,"£91,291.20",0,18-30,0,0,Yes,No,Stayed
15760450,512,France,Male,43,1,£0.00,2,1,1,"£52,471.36",0,31-45,0,0,Yes,Yes,Stayed
15787204,774,Spain,Female,43,1,"£110,646.54",1,0,0,"£108,804.28",0,31-45,1.02,0,No,No,Stayed
15650454,641,France,Male,57,5,£0.00,2,1,1,"£122,449.18",0,46-60,0,0,Yes,Yes,Stayed
15573730,586,Germany,Male,42,6,"£126,704.49",2,1,0,"£41,682.30",0,31-45,3.04,0,Yes,No,Stayed
15705050,611,France,Male,30,9,£0.00,2,1,1,"£148,887.69",0,18-30,0,0,Yes,Yes,Stayed
15791342,660,Spain,Male,31,1,"£84,560.04",1,1,1,"£137,784.25",0,31-45,0.61,0,Yes,Yes,Stayed
15684316,532,France,Male,43,9,£0.00,2,0,0,"£190,573.91",1,31-45,0,0,No,No,Churned
15700540,557,Germany,Female,38,2,"£129,893.56",1,0,0,"£102,076.03",0,31-45,1.27,0,No,No,Stayed
15770631,730,Spain,Male,25,5,"£167,385.81",1,1,1,"£56,307.51",0,18-30,2.97,0,Yes,Yes,Stayed
15790594,535,France,Female,27,6,£0.00,2,0,1,"£49,775.58",0,18-30,0,0,No,Yes,Stayed
15604020,773,Germany,Female,36,4,"£105,858.71",1,0,1,"£4,395.45",0,31-45,24.08,0,No,Yes,Stayed
15637599,510,Germany,Female,44,4,"£123,070.89",1,1,0,"£28,461.29",1,31-45,4.32,0,Yes,No,Churned
15736578,539,France,Male,39,1,£0.00,1,1,1,"£28,184.70",0,31-45,0,0,Yes,Yes,Stayed
15666332,690,Spain,Female,48,2,£0.00,2,1,1,"£3,149.10",0,46-60,0,0,Yes,Yes,Stayed
15727291,821,France,Female,40,1,£0.00,2,1,0,"£194,273.12",0,31-45,0,0,Yes,No,Stayed
15785920,687,Germany,Male,35,1,"£125,141.24",2,1,1,"£148,537.07",0,31-45,0.84,0,Yes,Yes,Stayed
15658987,557,France,Female,46,4,"£96,173.17",2,1,1,"£116,378.31",0,46-60,0.83,0,Yes,Yes,Stayed
15687719,532,Spain,Female,37,5,£0.00,2,0,1,"£6,761.84",0,31-45,0,0,No,Yes,Stayed
15799641,540,Spain,Male,39,2,£0.00,2,1,0,"£81,995.92",0,31-45,0,0,Yes,No,Stayed
15758702,705,France,Female,55,8,£0.00,2,1,1,"£14,392.68",0,46-60,0,0,Yes,Yes,Stayed
15689526,542,Germany,Female,35,9,"£127,543.11",2,1,0,£468.94,1,31-45,271.98,0,Yes,No,Churned
15586848,706,France,Male,38,1,£0.00,2,1,0,"£122,379.54",0,31-45,0,0,Yes,No,Stayed
15707637,765,France,Female,56,1,£0.00,1,1,0,"£13,228.93",1,46-60,0,0,Yes,No,Churned
15719426,529,France,Male,67,8,"£103,101.56",2,1,1,"£154,002.02",1,60+,0.67,0,Yes,Yes,Churned
15639265,714,France,Male,54,7,"£126,113.28",1,1,0,"£112,777.38",0,46-60,1.12,0,Yes,No,Stayed
15576124,582,France,Male,41,1,"£40,488.76",1,1,0,"£128,528.83",0,31-45,0.32,0,Yes,No,Stayed
15757829,609,Germany,Female,40,10,"£137,389.77",2,1,0,"£170,122.22",0,31-45,0.81,0,Yes,No,Stayed
15633227,518,France,Female,28,9,"£85,146.36",1,0,0,"£2,803.89",0,18-30,30.37,0,No,No,Stayed
15753092,791,Germany,Male,35,5,"£129,828.58",1,1,1,"£181,918.26",1,31-45,0.71,0,Yes,Yes,Churned
15782939,747,France,Male,42,4,"£80,214.36",1,1,0,"£115,241.96",1,31-45,0.7,0,Yes,No,Churned
15746338,565,France,Female,40,2,£0.00,2,1,1,"£129,956.13",0,31-45,0,0,Yes,Yes,Stayed
15590676,735,France,Male,34,1,"£141,796.43",1,1,0,"£45,858.49",0,31-45,3.09,0,Yes,No,Stayed
15599329,697,France,Female,49,7,"£195,238.29",4,0,1,"£131,083.56",1,46-60,1.49,1,No,Yes,Churned
15783097,813,Germany,Male,27,6,"£111,348.15",1,1,0,"£46,422.46",0,18-30,2.4,0,Yes,No,Stayed
15597885,772,France,Male,43,6,£0.00,2,1,1,"£57,675.88",0,31-45,0,0,Yes,Yes,Stayed
15597467,606,France,Female,71,8,£0.00,2,1,1,"£169,741.96",0,60+,0,0,Yes,Yes,Stayed
15724764,667,Germany,Female,42,10,"£64,404.26",2,0,0,"£26,022.37",0,31-45,2.47,0,No,No,Stayed
15778418,637,Germany,Male,40,9,"£154,309.67",1,1,1,"£125,334.16",1,31-45,1.23,0,Yes,Yes,Churned
15684769,542,France,Male,67,10,"£129,431.36",1,0,1,"£21,343.74",0,60+,6.06,0,No,Yes,Stayed
15756167,762,Spain,Female,43,5,"£134,204.67",1,1,1,"£139,971.01",0,31-45,0.96,0,Yes,Yes,Stayed
15632439,698,France,Female,39,4,£0.00,2,0,1,"£47,455.82",0,31-45,0,0,No,Yes,Stayed
15755138,850,France,Female,32,8,£0.00,2,1,1,"£55,593.80",0,31-45,0,0,Yes,Yes,Stayed
15659092,621,France,Female,50,5,£0.00,2,1,0,"£191,756.54",1,46-60,0,0,Yes,No,Churned
15742116,671,Germany,Female,48,9,"£116,711.06",2,0,0,"£76,373.38",0,46-60,1.53,0,No,No,Stayed
15801994,775,France,Male,31,9,£0.00,2,1,0,"£169,278.51",0,31-45,0,0,Yes,No,Stayed
15647572,504,Spain,Male,34,0,"£54,980.81",1,1,1,"£136,909.88",0,31-45,0.4,0,Yes,Yes,Stayed
15644551,751,Spain,Female,37,3,"£99,773.85",2,1,0,"£54,865.92",0,31-45,1.82,0,Yes,No,Stayed
15709135,691,Germany,Male,30,7,"£101,231.77",2,0,0,"£156,529.44",0,18-30,0.65,0,No,No,Stayed
15684469,841,Germany,Male,32,2,"£117,070.21",1,1,0,"£113,482.20",0,31-45,1.03,0,Yes,No,Stayed
15627637,709,Germany,Male,23,8,"£73,314.04",2,1,0,"£63,446.47",0,18-30,1.16,0,Yes,No,Stayed
15667093,673,France,Male,37,2,£0.00,1,1,1,"£13,624.02",0,31-45,0,0,Yes,Yes,Stayed
15690589,541,France,Male,37,9,"£212,314.03",1,0,1,"£148,814.54",0,31-45,1.43,0,No,Yes,Stayed
15595350,661,France,Female,31,3,"£136,067.82",2,1,0,"£65,567.91",0,31-45,2.08,0,Yes,No,Stayed
15777586,784,Spain,Female,42,2,"£109,052.04",2,1,0,"£6,409.55",0,31-45,17.01,0,Yes,No,Stayed
15804064,742,France,Female,35,2,"£79,126.17",1,1,1,"£126,997.53",0,31-45,0.62,0,Yes,Yes,Stayed
15717770,850,Spain,Female,55,7,£0.00,1,0,0,"£171,762.87",1,46-60,0,0,No,No,Churned
15754443,443,France,Female,35,9,"£108,308.00",1,1,0,"£129,031.19",1,31-45,0.84,0,Yes,No,Churned
15776939,778,Germany,Female,48,3,"£102,290.56",2,1,0,"£182,691.31",0,46-60,0.56,0,Yes,No,Stayed
15713517,529,France,Male,39,6,"£102,025.08",2,1,0,"£12,351.01",0,31-45,8.26,0,Yes,No,Stayed
15683522,678,Germany,Female,37,2,"£113,383.07",1,1,1,"£135,123.96",0,31-45,0.84,0,Yes,Yes,Stayed
15673995,516,Spain,Female,65,9,"£102,541.10",1,1,0,"£181,490.42",0,60+,0.56,0,Yes,No,Stayed
15771054,469,Spain,Male,35,5,£0.00,2,1,0,"£186,490.37",0,31-45,0,0,Yes,No,Stayed
15578788,786,Spain,Male,40,6,£0.00,2,0,0,"£41,248.80",0,31-45,0,0,No,No,Stayed
15737408,703,France,Female,41,6,"£109,941.51",1,1,0,"£116,267.28",0,31-45,0.95,0,Yes,No,Stayed
15750837,579,Germany,Male,41,0,"£141,749.68",1,0,1,"£9,201.53",0,31-45,15.41,0,No,Yes,Stayed
15576022,565,France,Male,38,5,£0.00,2,0,1,"£80,630.32",0,31-45,0,0,No,Yes,Stayed
15635502,443,France,Male,44,2,£0.00,1,1,0,"£159,165.70",0,31-45,0,0,Yes,No,Stayed
15627298,589,France,Male,37,7,"£85,146.48",2,1,0,"£86,490.09",1,31-45,0.98,0,Yes,No,Churned
15811415,691,France,Female,44,6,"£134,066.10",2,1,1,"£197,572.41",0,31-45,0.68,0,Yes,Yes,Stayed
15645059,711,France,Female,28,8,£0.00,2,0,0,"£105,159.89",0,18-30,0,0,No,No,Stayed
15689671,775,Spain,Male,27,4,£0.00,1,1,1,"£40,807.26",0,18-30,0,0,Yes,Yes,Stayed
15718667,621,France,Male,35,7,"£87,619.29",1,1,0,£143.34,0,31-45,611.27,0,Yes,No,Stayed
15803202,350,France,Male,51,10,£0.00,1,1,1,"£125,823.79",1,46-60,0,0,Yes,Yes,Churned
15593683,668,Spain,Female,30,8,£0.00,2,1,0,"£138,465.70",0,18-30,0,0,Yes,No,Stayed
15703394,633,Spain,Male,27,3,£0.00,2,1,0,"£44,008.91",0,18-30,0,0,Yes,No,Stayed
15570289,697,Germany,Male,43,8,"£103,409.16",1,1,0,"£66,893.28",1,31-45,1.55,0,Yes,No,Churned
15567437,734,Germany,Female,30,7,"£123,040.38",1,1,1,"£76,503.06",0,18-30,1.61,0,Yes,Yes,Stayed
15711687,434,France,Male,41,4,"£108,128.52",1,0,1,"£56,784.11",0,31-45,1.9,0,No,Yes,Stayed
15656592,646,Germany,Male,48,8,"£169,023.33",2,1,1,"£175,657.55",0,46-60,0.96,0,Yes,Yes,Stayed
15634373,764,France,Male,30,5,£0.00,2,0,1,"£105,155.66",0,18-30,0,0,No,Yes,Stayed
15769125,727,Spain,Female,41,10,£0.00,2,0,1,"£47,468.56",0,31-45,0,0,No,Yes,Stayed
15711386,724,France,Female,29,6,£0.00,2,0,1,"£64,729.51",0,18-30,0,0,No,Yes,Stayed
15714241,749,Spain,Male,42,9,"£222,267.63",1,0,0,"£101,108.85",1,31-45,2.2,0,No,No,Churned
15642530,706,Germany,Female,47,10,"£144,090.42",1,1,0,"£140,938.95",1,46-60,1.02,0,Yes,No,Churned
15713599,728,France,Male,30,10,"£114,835.43",1,0,1,"£37,662.49",0,18-30,3.05,0,No,Yes,Stayed
15744770,636,France,Male,44,2,£0.00,2,0,0,"£86,414.41",0,31-45,0,0,No,No,Stayed
15780498,634,France,Male,34,3,"£145,030.92",1,1,1,"£41,820.65",0,31-45,3.47,0,Yes,Yes,Stayed
15624397,627,France,Male,43,8,"£71,240.30",1,0,1,"£127,734.16",0,31-45,0.56,0,No,Yes,Stayed
15615219,518,France,Male,59,5,"£138,772.15",1,0,1,"£123,872.00",0,46-60,1.12,0,No,Yes,Stayed
15570908,687,Spain,Female,29,7,"£93,617.07",1,0,1,"£113,050.92",0,18-30,0.83,0,No,Yes,Stayed
15762855,622,Spain,Female,23,8,£0.00,2,1,1,"£131,389.39",0,18-30,0,0,Yes,Yes,Stayed
15661827,693,Spain,Female,45,4,£0.00,2,1,1,"£26,589.56",0,31-45,0,0,Yes,Yes,Stayed
15746035,450,Spain,Male,25,9,"£74,237.20",2,0,1,"£195,463.35",0,18-30,0.38,0,No,Yes,Stayed
15691906,664,Germany,Female,49,5,"£127,421.78",2,1,0,"£108,876.75",1,46-60,1.17,0,Yes,No,Churned
15793424,663,Spain,Female,28,8,"£61,274.70",2,1,0,"£136,054.45",0,18-30,0.45,0,Yes,No,Stayed
15577905,660,France,Male,34,8,"£106,486.66",2,0,1,"£182,262.66",0,31-45,0.58,0,No,Yes,Stayed
15667216,579,France,Female,29,10,"£73,194.52",2,1,1,"£129,209.09",0,18-30,0.57,0,Yes,Yes,Stayed
15673971,655,Germany,Female,44,6,"£146,498.76",1,1,0,"£64,853.51",1,31-45,2.26,0,Yes,No,Churned
15701238,683,France,Male,47,1,£0.00,2,1,0,"£148,989.15",0,46-60,0,0,Yes,No,Stayed
15644849,655,France,Female,32,2,£0.00,1,1,1,"£71,047.51",0,31-45,0,0,Yes,Yes,Stayed
15635531,575,Spain,Female,30,8,£0.00,2,1,0,"£185,341.63",0,18-30,0,0,Yes,No,Stayed
15632263,574,Spain,Male,30,5,"£120,355.00",1,1,0,"£137,793.35",0,18-30,0.87,0,Yes,No,Stayed
15720110,795,France,Male,32,2,"£117,265.21",1,1,1,"£198,317.23",0,31-45,0.59,0,Yes,Yes,Stayed
15619045,776,France,Female,43,4,£0.00,2,0,1,"£162,137.50",0,31-45,0,0,No,Yes,Stayed
15697510,707,Spain,Female,52,7,£0.00,1,1,0,"£109,688.82",1,46-60,0,0,Yes,No,Churned
15784923,705,Germany,Female,37,3,"£109,974.22",1,1,1,"£36,320.87",1,31-45,3.03,0,Yes,Yes,Churned
15567383,678,Germany,Female,44,2,"£98,009.13",2,0,1,"£31,384.86",0,31-45,3.12,0,No,Yes,Stayed
15732621,663,France,Male,34,10,£0.00,1,1,1,"£114,083.73",0,31-45,0,0,Yes,Yes,Stayed
15757981,748,France,Male,66,8,£0.00,1,1,1,"£163,331.65",0,60+,0,0,Yes,Yes,Stayed
15727819,677,Spain,Female,34,10,"£171,671.90",1,1,1,"£50,777.77",0,31-45,3.38,0,Yes,Yes,Stayed
15738088,634,Spain,Male,63,10,£0.00,2,1,0,"£30,772.86",1,60+,0,0,Yes,No,Churned
15765173,350,France,Female,60,3,£0.00,1,0,0,"£113,796.15",1,46-60,0,0,No,No,Churned
15665159,727,France,Male,61,0,"£128,213.96",2,1,1,"£188,729.08",1,60+,0.68,0,Yes,Yes,Churned
15618203,773,Germany,Male,51,8,"£116,197.65",2,1,1,"£86,701.40",0,46-60,1.34,0,Yes,Yes,Stayed
15791452,675,France,Male,39,1,£0.00,2,1,0,"£153,129.22",0,31-45,0,0,Yes,No,Stayed
15638159,649,Spain,Female,36,6,"£86,607.39",1,0,0,"£19,825.09",0,31-45,4.37,0,No,No,Stayed
15585466,552,France,Male,29,10,£0.00,2,1,0,"£12,186.83",0,18-30,0,0,Yes,No,Stayed
15677310,761,Germany,Male,62,5,"£98,854.34",1,0,0,"£86,920.97",1,60+,1.14,0,No,No,Churned
15646262,622,France,Male,31,7,£0.00,1,1,0,"£35,408.77",0,31-45,0,0,Yes,No,Stayed
15656901,615,France,Male,59,8,£0.00,2,1,1,"£165,576.55",0,46-60,0,0,Yes,Yes,Stayed
15621093,681,Germany,Male,31,4,"£97,338.19",2,0,0,"£48,226.76",0,31-45,2.02,0,No,No,Stayed
15592123,768,France,Male,30,6,£0.00,2,1,1,"£199,454.37",0,18-30,0,0,Yes,Yes,Stayed
15589200,617,Spain,Male,34,9,£0.00,2,1,0,"£118,749.58",0,31-45,0,0,Yes,No,Stayed
15602934,452,France,Female,33,6,"£131,698.57",2,1,0,"£151,623.91",0,31-45,0.87,0,Yes,No,Stayed
15812720,807,Germany,Male,37,10,"£130,110.45",2,0,1,"£172,097.95",0,31-45,0.76,0,No,Yes,Stayed
15695383,567,Spain,Male,44,9,£0.00,2,1,0,"£87,677.15",0,31-45,0,0,Yes,No,Stayed
15723064,603,Spain,Male,24,1,"£165,149.13",2,1,0,"£21,858.28",0,18-30,7.56,0,Yes,No,Stayed
15761606,617,Spain,Female,37,9,"£101,707.80",1,1,0,"£123,866.28",0,31-45,0.82,0,Yes,No,Stayed
15650322,701,France,Female,34,3,"£105,588.66",1,0,1,"£74,694.41",0,31-45,1.41,0,No,Yes,Stayed
15669782,820,Germany,Male,39,9,"£111,336.89",1,1,0,"£16,770.31",1,31-45,6.64,0,Yes,No,Churned
15751628,438,France,Male,60,7,"£78,391.17",1,0,1,"£49,424.60",0,46-60,1.59,0,No,Yes,Stayed
15809057,600,Spain,Female,27,6,£0.00,2,1,1,"£172,031.22",0,18-30,0,0,Yes,Yes,Stayed
15617052,782,France,Male,34,9,£0.00,1,1,0,"£183,021.06",1,31-45,0,0,Yes,No,Churned
15590810,638,Germany,Female,41,9,"£144,326.09",1,1,0,"£73,979.85",1,31-45,1.95,0,Yes,No,Churned
15801293,850,Germany,Male,27,1,"£101,278.25",2,1,1,"£26,265.18",0,18-30,3.86,0,Yes,Yes,Stayed
15770968,741,Germany,Female,19,8,"£108,711.57",2,1,0,"£24,857.25",0,18-30,4.37,0,Yes,No,Stayed
15572356,689,Spain,Male,73,1,"£108,555.07",1,0,1,"£167,969.15",0,60+,0.65,0,No,Yes,Stayed
15603247,743,Germany,Female,35,1,"£146,781.24",1,1,0,"£189,307.70",0,31-45,0.78,0,Yes,No,Stayed
15619116,493,France,Female,36,2,£0.00,2,0,1,"£99,770.30",0,31-45,0,0,No,Yes,Stayed
15691792,416,Spain,Male,35,8,£0.00,1,0,0,"£119,712.78",0,31-45,0,0,No,No,Stayed
15783276,725,France,Female,25,9,£0.00,2,1,1,"£168,607.74",0,18-30,0,0,Yes,Yes,Stayed
15766137,497,France,Male,34,2,£0.00,2,1,1,"£83,087.13",0,31-45,0,0,Yes,Yes,Stayed
15574554,537,Germany,Male,66,8,"£103,291.25",2,1,1,"£130,664.79",0,60+,0.79,0,Yes,Yes,Stayed
15578671,706,Spain,Female,29,1,"£209,490.21",1,1,1,"£133,267.69",1,18-30,1.57,0,Yes,Yes,Churned
15716608,651,Spain,Male,38,2,£0.00,3,1,0,"£67,029.82",1,31-45,0,1,Yes,No,Churned
15690670,720,France,Male,33,2,£0.00,2,0,1,"£141,031.08",0,31-45,0,0,No,Yes,Stayed
15630466,797,France,Male,45,8,£0.00,1,0,0,"£125,110.02",0,31-45,0,0,No,No,Stayed
15630349,543,Spain,Male,23,5,£0.00,2,1,0,"£117,832.39",0,18-30,0,0,Yes,No,Stayed
15803801,454,France,Male,34,4,£0.00,2,1,0,"£198,817.72",0,31-45,0,0,Yes,No,Stayed
15647890,691,France,Male,37,9,"£149,405.18",1,1,1,"£146,411.60",0,31-45,1.02,0,Yes,Yes,Stayed
15606115,510,France,Female,52,6,"£191,665.21",1,1,1,"£131,312.56",1,46-60,1.46,0,Yes,Yes,Churned
15714642,792,Spain,Female,40,7,£0.00,1,1,0,"£141,652.20",0,31-45,0,0,Yes,No,Stayed
15741181,721,France,Male,41,6,"£135,071.12",1,1,1,"£64,477.25",0,31-45,2.09,0,Yes,Yes,Stayed
15773973,765,France,Male,41,2,£0.00,2,0,1,"£191,215.61",0,31-45,0,0,No,Yes,Stayed
15758546,850,Spain,Male,39,8,£0.00,2,1,1,"£37,090.44",0,31-45,0,0,Yes,Yes,Stayed
15598940,681,Germany,Male,38,6,"£181,804.34",2,1,1,"£57,517.71",0,31-45,3.16,0,Yes,Yes,Stayed
15669783,586,France,Female,60,3,"£47,020.65",2,0,1,"£63,241.21",1,46-60,0.74,0,No,Yes,Churned
15624993,753,France,Female,36,7,"£128,518.98",1,1,1,"£44,567.83",1,31-45,2.88,0,Yes,Yes,Churned
15760568,593,Germany,Female,38,5,"£142,658.04",2,0,1,"£135,337.11",0,31-45,1.05,0,No,Yes,Stayed
15699047,674,France,Female,21,9,"£120,150.39",2,1,1,"£33,964.03",0,18-30,3.54,0,Yes,Yes,Stayed
15616168,610,France,Female,35,7,"£81,905.95",1,1,1,"£61,623.19",0,31-45,1.33,0,Yes,Yes,Stayed
15773146,652,France,Male,26,3,"£137,998.20",2,0,1,"£168,989.77",0,18-30,0.82,0,No,Yes,Stayed
15770375,850,Germany,Female,26,8,"£123,126.29",1,1,0,"£74,425.41",0,18-30,1.65,0,Yes,No,Stayed
15589725,740,France,Female,51,4,£0.00,2,1,1,"£178,929.84",0,46-60,0,0,Yes,Yes,Stayed
15710034,637,Germany,Male,43,1,"£135,645.29",2,0,1,"£101,382.86",1,31-45,1.34,0,No,Yes,Churned
15800806,685,Spain,Male,31,7,"£122,449.31",2,1,1,"£180,769.55",0,31-45,0.68,0,Yes,Yes,Stayed
15570485,558,Spain,Male,40,4,"£161,766.87",1,0,0,"£92,378.54",0,31-45,1.75,0,No,No,Stayed
15575391,677,France,Female,37,3,£0.00,2,1,1,"£38,252.25",0,31-45,0,0,Yes,Yes,Stayed
15790750,592,Germany,Male,36,10,"£123,187.51",1,0,1,"£146,111.35",0,31-45,0.84,0,No,Yes,Stayed
15714832,652,Germany,Male,36,9,"£150,956.71",1,0,0,"£72,350.17",0,31-45,2.09,0,No,No,Stayed
15619953,662,Spain,Female,42,6,"£105,021.28",1,1,0,"£48,242.38",0,31-45,2.18,0,Yes,No,Stayed
15673929,543,France,Male,64,4,£0.00,2,1,1,"£148,305.82",0,60+,0,0,Yes,Yes,Stayed
15578835,675,Spain,Female,50,1,"£133,204.91",1,0,1,"£8,270.06",0,46-60,16.11,0,No,Yes,Stayed
15752388,643,Spain,Female,35,6,£0.00,2,1,1,"£41,549.64",0,31-45,0,0,Yes,Yes,Stayed
15797081,611,Germany,Female,49,9,"£115,488.52",2,1,1,"£138,656.81",1,46-60,0.83,0,Yes,Yes,Churned
15570194,412,France,Male,29,5,£0.00,2,0,0,"£12,510.53",0,18-30,0,0,No,No,Stayed
15580149,638,Spain,Male,41,7,£0.00,2,1,0,"£43,889.41",0,31-45,0,0,Yes,No,Stayed
15777708,824,Spain,Female,38,3,£0.00,2,1,0,"£192,800.25",0,31-45,0,0,Yes,No,Stayed
15769955,683,France,Female,40,1,£0.00,2,0,0,"£75,762.00",0,31-45,0,0,No,No,Stayed
15810444,562,Germany,Female,39,6,"£130,565.02",1,1,0,"£9,854.72",1,31-45,13.25,0,Yes,No,Churned
15645593,599,France,Female,41,2,"£91,328.71",1,1,0,"£115,724.78",0,31-45,0.79,0,Yes,No,Stayed
15765345,753,France,Male,35,4,£0.00,2,1,1,"£106,303.40",0,31-45,0,0,Yes,Yes,Stayed
15760873,594,France,Male,50,7,"£81,310.34",1,1,1,"£183,868.01",0,46-60,0.44,0,Yes,Yes,Stayed
15794178,657,France,Male,34,3,"£107,136.60",1,1,0,"£153,895.46",0,31-45,0.7,0,Yes,No,Stayed
15589361,716,Spain,Male,34,9,£0.00,1,1,1,"£66,695.71",0,31-45,0,0,Yes,Yes,Stayed
15662483,850,France,Male,43,7,£0.00,2,1,1,"£173,851.11",0,31-45,0,0,Yes,Yes,Stayed
15809736,664,France,Male,46,2,£0.00,1,1,1,"£177,423.02",1,46-60,0,0,Yes,Yes,Churned
15731148,558,France,Male,33,0,"£108,477.49",1,1,1,"£109,096.71",1,31-45,0.99,0,Yes,Yes,Churned
15774328,606,Germany,Male,40,1,"£144,757.97",2,1,1,"£166,656.18",0,31-45,0.87,0,Yes,Yes,Stayed
15646969,776,Spain,Male,33,2,£0.00,2,1,1,"£176,921.00",0,31-45,0,0,Yes,Yes,Stayed
15718769,557,Spain,Male,36,1,"£113,110.26",1,1,0,"£98,413.10",0,31-45,1.15,0,Yes,No,Stayed
15610226,614,France,Female,27,9,"£106,414.57",2,0,0,"£77,500.81",0,18-30,1.37,0,No,No,Stayed
15616270,620,Spain,Male,42,4,"£106,920.91",1,0,1,"£119,747.08",0,31-45,0.89,0,No,Yes,Stayed
15790717,695,Spain,Male,35,7,£0.00,2,1,0,"£160,387.98",0,31-45,0,0,Yes,No,Stayed
15635703,729,Germany,Female,39,1,"£131,513.26",1,1,1,"£193,715.00",0,31-45,0.68,0,Yes,Yes,Stayed
15616365,571,France,Female,53,2,£0.00,2,1,0,"£28,045.77",0,46-60,0,0,Yes,No,Stayed
15630244,457,France,Male,40,10,"£134,320.23",2,1,0,"£150,757.35",0,31-45,0.89,0,Yes,No,Stayed
15734714,559,France,Female,29,3,"£79,715.36",1,1,0,"£82,252.28",0,18-30,0.97,0,Yes,No,Stayed
15721433,664,France,Female,38,4,"£74,306.19",2,1,0,"£154,395.56",0,31-45,0.48,0,Yes,No,Stayed
15590201,500,Spain,Female,50,5,£0.00,4,1,1,"£83,866.35",1,46-60,0,1,Yes,Yes,Churned
15590828,782,Germany,Male,42,7,"£126,428.38",1,1,0,"£39,830.10",0,31-45,3.17,0,Yes,No,Stayed
15752097,708,Spain,Male,38,8,"£99,640.89",1,1,0,"£12,429.22",0,31-45,8.02,0,Yes,No,Stayed
15800031,681,France,Male,43,3,"£66,338.68",1,1,1,"£18,772.50",1,31-45,3.53,0,Yes,Yes,Churned
15630857,674,Spain,Female,39,6,£0.00,2,1,1,"£9,574.83",0,31-45,0,0,Yes,Yes,Stayed
15689953,697,Spain,Male,43,10,"£128,226.37",1,0,0,"£188,486.94",0,31-45,0.68,0,No,No,Stayed
15759733,774,France,Female,26,5,£0.00,2,1,1,"£64,716.08",0,18-30,0,0,Yes,Yes,Stayed
15810826,624,France,Male,36,6,£0.00,2,0,0,"£84,749.96",0,31-45,0,0,No,No,Stayed
15668009,747,Spain,Male,37,1,£0.00,2,0,1,"£180,551.76",0,31-45,0,0,No,Yes,Stayed
15743456,715,France,Female,32,10,£0.00,2,1,0,"£60,907.49",0,31-45,0,0,Yes,No,Stayed
15725762,808,France,Male,24,4,"£122,168.65",1,1,0,"£174,107.04",0,18-30,0.7,0,Yes,No,Stayed
15761713,678,France,Female,43,7,"£178,074.33",1,0,0,"£110,405.90",0,31-45,1.61,0,No,No,Stayed
15769246,813,Germany,Male,59,2,"£135,078.41",1,1,0,"£187,636.06",1,46-60,0.72,0,Yes,No,Churned
15781129,687,Spain,Male,38,8,"£69,434.40",2,1,1,"£66,580.13",1,31-45,1.04,0,Yes,Yes,Churned
15599124,832,France,Female,29,5,£0.00,2,1,0,"£178,779.52",0,18-30,0,0,Yes,No,Stayed
15639004,668,France,Male,72,2,£0.00,2,1,1,"£70,783.61",0,60+,0,0,Yes,Yes,Stayed
15810995,526,Germany,Male,34,3,"£122,726.56",1,1,1,"£46,772.36",0,31-45,2.62,0,Yes,Yes,Stayed
15653773,457,France,Female,38,7,"£164,496.99",1,1,1,"£163,327.27",0,31-45,1.01,0,Yes,Yes,Stayed
15708357,649,Spain,Female,38,8,£0.00,1,1,0,"£103,760.53",0,31-45,0,0,Yes,No,Stayed
15733597,669,France,Female,41,0,"£150,219.41",2,0,0,"£107,839.03",0,31-45,1.39,0,No,No,Stayed
15789560,668,France,Male,42,8,"£187,534.79",1,1,1,"£32,900.41",1,31-45,5.7,0,Yes,Yes,Churned
15699524,466,France,Female,30,3,£0.00,1,1,0,"£193,984.60",0,18-30,0,0,Yes,No,Stayed
15626475,685,France,Male,30,2,£0.00,2,1,1,"£140,889.32",0,18-30,0,0,Yes,Yes,Stayed
15810839,610,France,Male,34,0,"£103,108.17",1,0,0,"£125,646.82",0,31-45,0.82,0,No,No,Stayed
15684318,582,Germany,Female,50,6,"£96,486.57",2,1,1,"£20,344.02",0,46-60,4.74,0,Yes,Yes,Stayed
15768120,702,Germany,Male,36,9,"£90,560.48",2,1,0,"£174,268.87",0,31-45,0.52,0,Yes,No,Stayed
15712807,556,Spain,Male,46,3,"£131,764.96",1,1,1,"£108,500.66",1,46-60,1.21,0,Yes,Yes,Churned
15696371,812,Spain,Female,24,1,"£92,476.88",1,0,0,"£83,247.14",0,18-30,1.11,0,No,No,Stayed
15675794,645,Germany,Male,47,9,"£152,076.93",1,1,0,"£121,840.20",1,46-60,1.25,0,Yes,No,Churned
15774277,809,France,Male,43,2,£0.00,2,1,1,"£132,908.07",0,31-45,0,0,Yes,Yes,Stayed
15603764,560,France,Male,49,4,£0.00,1,1,1,"£100,075.10",1,46-60,0,0,Yes,Yes,Churned
15618647,744,France,Male,29,1,"£43,504.42",1,1,1,"£119,327.75",0,18-30,0.36,0,Yes,Yes,Stayed
15614643,731,Spain,Female,39,2,£0.00,2,1,0,"£136,737.13",0,31-45,0,0,Yes,No,Stayed
15707696,471,Spain,Female,28,5,£0.00,2,1,1,"£22,356.97",0,18-30,0,0,Yes,Yes,Stayed
15749583,686,Germany,Female,38,2,"£93,569.86",3,0,0,"£10,137.34",1,31-45,9.23,1,No,No,Churned
15815125,668,Spain,Male,45,4,"£102,486.21",2,1,1,"£158,379.25",0,31-45,0.65,0,Yes,Yes,Stayed
15779620,575,France,Male,36,1,£0.00,1,0,1,"£94,570.56",0,31-45,0,0,No,Yes,Stayed
15768233,435,Germany,Male,37,8,"£114,346.30",1,0,1,£980.93,1,31-45,116.57,0,No,Yes,Churned
15637788,743,France,Male,23,3,"£110,203.77",1,1,0,"£95,583.45",0,18-30,1.15,0,Yes,No,Stayed
15777046,580,France,Female,39,9,"£128,362.59",1,1,0,"£86,044.98",0,31-45,1.49,0,Yes,No,Stayed
15788723,599,Germany,Female,49,10,"£143,888.22",2,1,1,"£166,236.38",1,46-60,0.87,0,Yes,Yes,Churned
15790489,534,Spain,Male,34,5,"£170,600.78",1,0,1,"£5,240.53",0,31-45,32.55,0,No,Yes,Stayed
15739476,680,France,Female,32,5,£0.00,1,1,1,"£150,684.23",0,31-45,0,0,Yes,Yes,Stayed
15612670,631,Spain,Female,46,10,£0.00,2,1,1,"£129,508.96",0,46-60,0,0,Yes,Yes,Stayed
15631222,485,France,Female,39,2,"£75,339.64",1,1,1,"£70,665.16",0,31-45,1.07,0,Yes,Yes,Stayed
15658972,699,France,Female,40,8,"£122,038.34",1,1,0,"£102,085.35",0,31-45,1.2,0,Yes,No,Stayed
15724691,712,France,Male,34,1,£0.00,2,1,1,"£195,052.12",0,31-45,0,0,Yes,Yes,Stayed
15740442,603,France,Male,51,8,"£186,825.57",1,1,0,"£93,739.71",1,46-60,1.99,0,Yes,No,Churned
15760427,850,France,Male,40,6,"£124,788.18",1,1,0,"£65,612.12",0,31-45,1.9,0,Yes,No,Stayed
15677939,584,France,Female,41,3,£0.00,2,1,1,"£160,095.48",0,31-45,0,0,Yes,Yes,Stayed
15611599,604,France,Female,71,2,£0.00,2,1,1,"£49,506.82",0,60+,0,0,Yes,Yes,Stayed
15633474,586,France,Male,51,2,"£138,553.57",1,1,1,"£92,406.22",0,46-60,1.5,0,Yes,Yes,Stayed
15671973,467,Spain,Male,39,5,£0.00,2,1,1,"£7,415.96",0,31-45,0,0,Yes,Yes,Stayed
15790019,520,France,Male,35,9,"£105,387.89",1,1,1,"£25,059.06",0,31-45,4.21,0,Yes,Yes,Stayed
15737735,683,Spain,Male,40,4,"£95,053.10",1,1,1,"£116,816.54",1,31-45,0.81,0,Yes,Yes,Churned
15661745,557,France,Male,36,3,£0.00,1,0,1,"£144,078.02",0,31-45,0,0,No,Yes,Stayed
15797065,613,Spain,Female,32,0,£0.00,2,0,1,"£126,675.62",0,31-45,0,0,No,Yes,Stayed
15710671,786,France,Male,34,3,"£137,361.96",1,0,0,"£183,682.09",0,31-45,0.75,0,No,No,Stayed
15656522,593,Spain,Male,32,10,"£158,537.42",1,1,0,"£166,850.57",0,31-45,0.95,0,Yes,No,Stayed
15705085,670,Spain,Female,29,9,£0.00,2,1,0,"£27,359.19",0,18-30,0,0,Yes,No,Stayed
15744873,657,Germany,Female,48,5,"£143,595.87",1,0,0,"£101,314.65",1,46-60,1.42,0,No,No,Churned
15781914,718,Germany,Male,32,9,"£169,947.41",2,1,1,"£27,979.16",0,31-45,6.07,0,Yes,Yes,Stayed
15637354,623,France,Female,24,7,"£148,167.83",2,1,1,"£109,470.34",0,18-30,1.35,0,Yes,Yes,Stayed
15717307,496,France,Male,31,5,£0.00,2,1,0,"£93,713.13",0,31-45,0,0,Yes,No,Stayed
15746695,429,France,Female,39,6,"£48,023.83",1,1,0,"£74,870.99",0,31-45,0.64,0,Yes,No,Stayed
15804962,606,France,Male,36,1,"£155,655.46",1,1,1,"£192,387.51",1,31-45,0.81,0,Yes,Yes,Churned
15665378,499,France,Female,46,6,£0.00,2,1,0,"£73,457.55",0,46-60,0,0,Yes,No,Stayed
15757865,642,France,Male,62,7,£0.00,2,1,1,"£61,120.75",0,60+,0,0,Yes,Yes,Stayed
15578787,641,France,Female,52,4,£0.00,1,1,0,"£90,964.54",1,46-60,0,0,Yes,No,Churned
15794323,673,France,Male,32,8,"£121,240.76",1,1,0,"£116,969.73",0,31-45,1.04,0,Yes,No,Stayed
15697546,570,France,Female,36,3,£0.00,2,1,0,"£92,118.75",0,31-45,0,0,Yes,No,Stayed
15629519,472,France,Female,37,1,£0.00,2,1,1,"£48,357.90",0,31-45,0,0,Yes,Yes,Stayed
15624703,550,Germany,Male,35,9,"£129,847.75",2,1,0,"£197,325.40",0,31-45,0.66,0,Yes,No,Stayed
15570002,625,Germany,Female,55,8,"£118,772.71",4,0,0,"£135,853.62",1,46-60,0.87,1,No,No,Churned
15808566,516,France,Male,46,2,£0.00,2,1,1,"£169,122.54",0,46-60,0,0,Yes,Yes,Stayed
15805463,682,Germany,Male,32,2,"£105,163.88",2,1,1,"£164,170.46",0,31-45,0.64,0,Yes,Yes,Stayed
15709136,620,France,Male,28,8,£0.00,2,1,1,"£199,909.32",0,18-30,0,0,Yes,Yes,Stayed
15801605,626,France,Female,39,0,£0.00,2,1,1,"£83,295.09",0,31-45,0,0,Yes,Yes,Stayed
15567855,623,France,Female,29,1,£0.00,2,0,0,"£39,382.06",0,18-30,0,0,No,No,Stayed
15675141,569,France,Female,35,4,"£93,934.63",1,1,0,"£184,748.23",0,31-45,0.51,0,Yes,No,Stayed
15665759,724,France,Female,69,5,"£117,866.92",1,1,1,"£62,280.91",0,60+,1.89,0,Yes,Yes,Stayed
15761487,678,France,Female,55,5,£0.00,1,0,1,"£196,794.11",1,46-60,0,0,No,Yes,Churned
15700394,713,Spain,Female,26,4,"£122,857.46",2,1,0,"£144,682.17",1,18-30,0.85,0,Yes,No,Churned
15631162,631,France,Male,32,10,£0.00,2,0,1,"£196,342.66",0,31-45,0,0,No,Yes,Stayed
15630641,846,France,Female,37,6,"£127,103.97",1,1,1,"£41,516.44",0,31-45,3.06,0,Yes,Yes,Stayed
15585066,660,France,Female,43,1,£0.00,1,0,1,"£112,026.10",1,31-45,0,0,No,Yes,Churned
15722991,567,France,Male,54,9,"£96,402.96",1,0,0,"£52,035.29",1,46-60,1.85,0,No,No,Churned
15737404,731,France,Male,31,1,"£132,512.26",1,1,1,"£185,466.85",0,31-45,0.71,0,Yes,Yes,Stayed
15722409,693,Spain,Male,47,8,"£107,604.66",1,1,1,"£80,149.27",0,46-60,1.34,0,Yes,Yes,Stayed
15806420,772,France,Male,34,9,£0.00,2,1,0,"£170,980.86",0,31-45,0,0,Yes,No,Stayed
15658148,657,France,Male,38,7,£0.00,2,1,0,"£185,827.74",0,31-45,0,0,Yes,No,Stayed
15810660,774,Germany,Male,34,4,"£120,875.23",2,0,1,"£113,407.26",0,31-45,1.07,0,No,Yes,Stayed
15709780,667,France,Female,37,9,"£71,786.90",2,1,1,"£67,734.79",0,31-45,1.06,0,Yes,Yes,Stayed
15727350,516,France,Female,37,8,"£113,143.12",1,0,0,"£3,363.36",0,31-45,33.64,0,No,No,Stayed
15752312,551,Spain,Male,49,1,"£150,777.72",2,1,1,"£135,757.27",0,46-60,1.11,0,Yes,Yes,Stayed
15616745,542,Spain,Male,35,2,"£174,894.53",1,1,1,"£22,314.55",0,31-45,7.84,0,Yes,Yes,Stayed
15572294,623,France,Male,28,7,£0.00,1,0,0,"£129,526.57",0,18-30,0,0,No,No,Stayed
15674110,701,France,Female,43,2,"£160,416.56",1,0,1,"£37,266.43",0,31-45,4.3,0,No,Yes,Stayed
15662501,583,France,Male,48,3,"£91,246.53",1,1,0,"£60,017.46",1,46-60,1.52,0,Yes,No,Churned
15649239,731,Spain,Male,46,10,£0.00,2,1,0,"£153,015.42",0,46-60,0,0,Yes,No,Stayed
15700424,461,France,Female,35,5,£0.00,1,1,1,"£54,209.02",0,31-45,0,0,Yes,Yes,Stayed
15636388,702,Germany,Female,23,7,"£98,775.23",1,1,0,"£114,603.96",0,18-30,0.86,0,Yes,No,Stayed
15713975,565,Germany,Female,47,10,"£139,756.12",1,1,0,"£165,849.49",1,46-60,0.84,0,Yes,No,Churned
15592925,711,Spain,Male,42,3,"£177,626.77",3,0,1,"£16,392.72",1,31-45,10.84,1,No,Yes,Churned
15581626,664,France,Male,54,8,£0.00,1,1,1,"£162,719.69",1,46-60,0,0,Yes,Yes,Churned
15641319,518,Spain,Male,50,4,£0.00,1,0,0,"£107,112.25",1,46-60,0,0,No,No,Churned
15723481,728,Spain,Male,42,8,£0.00,2,0,1,"£41,823.22",0,31-45,0,0,No,Yes,Stayed
15787825,585,Germany,Male,37,6,"£152,496.82",1,1,1,"£99,907.29",0,31-45,1.53,0,Yes,Yes,Stayed
15710726,573,France,Male,52,8,£0.00,2,0,1,"£178,229.04",0,46-60,0,0,No,Yes,Stayed
15627195,568,Germany,Male,26,1,"£112,930.28",2,1,0,"£22,095.73",0,18-30,5.11,0,Yes,No,Stayed
15657957,602,Germany,Female,26,8,"£113,674.20",1,1,0,"£197,861.16",1,18-30,0.57,0,Yes,No,Churned
15676117,603,France,Male,44,9,£0.00,1,1,0,"£138,328.24",0,31-45,0,0,Yes,No,Stayed
15607874,687,France,Male,38,0,"£144,450.58",1,0,1,"£137,276.83",0,31-45,1.05,0,No,Yes,Stayed
15796993,741,France,Male,52,1,"£171,236.30",2,0,0,"£21,834.40",1,46-60,7.84,0,No,No,Churned
15649858,469,Spain,Male,37,9,"£96,776.49",1,1,1,"£119,890.86",0,31-45,0.81,0,Yes,Yes,Stayed
15811032,477,Germany,Female,58,8,"£145,984.92",1,1,1,"£24,564.70",0,46-60,5.94,0,Yes,Yes,Stayed
15679963,737,Germany,Male,43,8,"£96,353.80",1,0,0,"£10,209.80",0,31-45,9.44,0,No,No,Stayed
15579131,835,France,Male,25,7,£0.00,2,1,1,"£83,449.65",0,18-30,0,0,Yes,Yes,Stayed
15572428,717,Germany,Female,33,0,"£115,777.23",1,1,1,"£81,508.10",0,31-45,1.42,0,Yes,Yes,Stayed
15622461,562,France,Female,51,7,"£122,822.00",2,0,0,"£32,626.21",0,46-60,3.76,0,No,No,Stayed
15636105,758,Spain,Male,61,2,£0.00,2,1,1,"£43,982.41",0,60+,0,0,Yes,Yes,Stayed
15583849,408,France,Male,40,3,£0.00,2,0,0,"£124,874.23",0,31-45,0,0,No,No,Stayed
15718780,650,Spain,Female,32,4,"£79,450.09",1,1,1,"£118,324.75",0,31-45,0.67,0,Yes,Yes,Stayed
15739271,582,Germany,Male,33,2,"£122,394.00",1,1,1,"£22,113.93",0,31-45,5.53,0,Yes,Yes,Stayed
15697129,706,Spain,Female,43,1,£0.00,2,1,0,"£31,962.77",0,31-45,0,0,Yes,No,Stayed
15763415,567,Germany,Male,41,0,"£134,378.89",1,1,1,"£105,746.94",0,31-45,1.27,0,Yes,Yes,Stayed
15796617,720,France,Male,29,2,£0.00,2,1,0,"£39,925.52",0,18-30,0,0,Yes,No,Stayed
15626628,631,Spain,Female,31,2,"£88,161.85",2,1,0,"£127,630.88",0,31-45,0.69,0,Yes,No,Stayed
15765857,623,Spain,Male,41,2,"£142,412.13",1,1,0,"£28,778.98",0,31-45,4.95,0,Yes,No,Stayed
15742511,514,France,Male,35,3,"£121,030.90",1,1,0,"£10,008.68",0,31-45,12.09,0,Yes,No,Stayed
15786433,650,Germany,Female,35,3,"£165,982.43",2,1,1,"£24,482.16",0,31-45,6.78,0,Yes,Yes,Stayed
15685805,673,Spain,Female,35,6,£0.00,2,1,0,"£98,618.79",0,31-45,0,0,Yes,No,Stayed
15627971,504,France,Female,32,8,"£206,663.75",1,0,0,"£16,281.94",0,31-45,12.69,0,No,No,Stayed
15783025,723,Germany,Male,37,3,"£94,661.53",2,1,0,"£121,239.65",0,31-45,0.78,0,Yes,No,Stayed
15726289,645,France,Male,25,0,"£174,400.36",1,1,0,"£42,669.37",0,18-30,4.09,0,Yes,No,Stayed
15802118,664,Spain,Male,41,7,"£123,428.69",1,1,1,"£164,924.11",0,31-45,0.75,0,Yes,Yes,Stayed
15607990,760,Spain,Male,43,6,"£175,735.50",1,1,1,"£157,337.29",0,31-45,1.12,0,Yes,Yes,Stayed
15695932,766,Spain,Male,36,5,"£78,381.13",1,0,1,"£153,831.60",0,31-45,0.51,0,No,Yes,Stayed
15812279,634,France,Male,37,5,"£115,345.86",2,0,0,"£168,781.80",0,31-45,0.68,0,No,No,Stayed
15687558,640,Germany,Female,31,10,"£118,613.34",1,1,0,"£168,469.65",0,31-45,0.7,0,Yes,No,Stayed
15729065,784,Germany,Male,28,2,"£109,960.06",2,1,1,"£170,829.87",0,18-30,0.64,0,Yes,Yes,Stayed
15698902,547,Germany,Female,42,1,"£142,703.40",1,1,0,"£86,207.49",1,31-45,1.66,0,Yes,No,Churned
15570192,608,Germany,Female,40,8,"£121,729.42",1,0,0,"£61,164.45",0,31-45,1.99,0,No,No,Stayed
15809265,547,France,Female,35,4,£0.00,1,1,1,"£133,287.73",0,31-45,0,0,Yes,Yes,Stayed
15745201,612,France,Female,43,4,"£139,496.35",2,1,1,"£77,128.23",0,31-45,1.81,0,Yes,Yes,Stayed
15580623,573,Spain,Male,28,8,£0.00,2,0,0,"£77,660.03",0,18-30,0,0,No,No,Stayed
15578156,615,Spain,Male,32,5,"£138,521.83",1,1,1,"£56,897.10",0,31-45,2.43,0,Yes,Yes,Stayed
15631063,710,France,Female,33,2,£0.00,2,1,0,"£72,945.32",0,31-45,0,0,Yes,No,Stayed
15692577,674,Germany,Female,38,10,"£83,727.68",1,1,0,"£45,418.12",0,31-45,1.84,0,Yes,No,Stayed
15810910,702,Spain,Female,38,9,£0.00,2,1,1,"£158,527.45",0,31-45,0,0,Yes,Yes,Stayed
15723217,616,France,Male,37,9,£0.00,1,1,0,"£111,312.96",0,31-45,0,0,Yes,No,Stayed
15733111,688,Spain,Male,32,6,"£124,179.30",1,1,1,"£138,759.15",0,31-45,0.89,0,Yes,Yes,Stayed
15610727,605,France,Male,36,7,"£128,829.25",1,1,0,"£190,588.59",0,31-45,0.68,0,Yes,No,Stayed
15792720,676,France,Male,33,6,"£171,490.78",1,0,0,"£79,099.64",0,31-45,2.17,0,No,No,Stayed
15723153,708,Spain,Male,33,3,£0.00,2,1,0,"£138,613.21",0,31-45,0,0,Yes,No,Stayed
15802823,745,Spain,Female,38,7,£0.00,2,1,1,"£194,230.82",0,31-45,0,0,Yes,Yes,Stayed
15756118,661,Spain,Male,20,8,£0.00,1,1,0,"£110,252.53",0,18-30,0,0,Yes,No,Stayed
15684934,726,France,Male,31,9,£0.00,2,1,1,"£106,117.30",0,31-45,0,0,Yes,Yes,Stayed
15776936,475,France,Male,40,7,"£160,818.08",1,0,1,"£169,642.13",1,31-45,0.95,0,No,Yes,Churned
15729087,751,Germany,Male,54,9,"£156,367.60",2,0,1,"£116,179.92",0,46-60,1.35,0,No,Yes,Stayed
15786463,645,Germany,Female,59,8,"£121,669.93",2,0,0,£91.75,1,46-60,1326.1,0,No,No,Churned
15717498,775,France,Male,42,6,"£133,970.22",2,0,1,"£187,839.90",0,31-45,0.71,0,No,Yes,Stayed
15718406,540,France,Male,41,3,£0.00,2,1,0,"£121,098.65",0,31-45,0,0,Yes,No,Stayed
15799468,591,France,Female,34,3,"£96,127.27",1,0,0,"£30,972.06",0,31-45,3.1,0,No,No,Stayed
15626383,596,Spain,Male,60,7,"£121,907.97",1,0,1,"£30,314.04",0,46-60,4.02,0,No,Yes,Stayed
15597385,573,Spain,Male,41,5,£0.00,2,0,1,"£14,479.29",0,31-45,0,0,No,Yes,Stayed
15570271,577,Spain,Male,31,6,£0.00,1,1,1,"£196,395.25",0,31-45,0,0,Yes,Yes,Stayed
15690330,830,Germany,Female,40,8,"£77,701.64",1,0,1,"£19,512.38",0,31-45,3.98,0,No,Yes,Stayed
15680611,663,France,Male,67,9,£0.00,3,1,1,"£72,318.77",0,60+,0,1,Yes,Yes,Stayed
15810227,421,France,Male,34,2,£0.00,2,1,1,"£96,615.23",0,31-45,0,0,Yes,Yes,Stayed
15807194,718,Spain,Male,34,5,"£113,922.44",2,1,0,"£30,772.22",0,31-45,3.7,0,Yes,No,Stayed
15712199,655,Germany,Female,61,2,"£183,997.70",2,1,1,"£161,217.18",0,60+,1.14,0,Yes,Yes,Stayed
15694995,712,France,Male,23,2,£0.00,2,0,1,"£66,795.78",0,18-30,0,0,No,Yes,Stayed
15723400,663,France,Male,28,4,£0.00,2,1,1,"£123,969.64",0,18-30,0,0,Yes,Yes,Stayed
15654772,640,France,Female,47,6,"£89,799.46",2,0,1,"£13,783.77",1,46-60,6.51,0,No,Yes,Churned
15574743,577,Spain,Male,29,2,£0.00,1,1,1,"£168,924.41",0,18-30,0,0,Yes,Yes,Stayed
15807593,546,Spain,Female,36,7,"£85,660.96",1,0,0,"£134,778.01",0,31-45,0.64,0,No,No,Stayed
15686718,802,Germany,Male,37,9,"£115,569.21",1,0,1,"£119,782.89",0,31-45,0.96,0,No,Yes,Stayed
15695299,590,France,Female,45,2,"£81,828.22",1,1,0,"£52,167.97",0,31-45,1.57,0,Yes,No,Stayed
15722701,594,Germany,Male,18,1,"£132,694.73",1,1,0,"£167,689.56",0,18-30,0.79,0,Yes,No,Stayed
15799635,577,Spain,Male,51,2,"£108,867.00",1,0,0,"£140,800.66",1,46-60,0.77,0,No,No,Churned
15742323,541,France,Male,39,7,£0.00,2,1,0,"£19,823.02",0,31-45,0,0,Yes,No,Stayed
15658435,781,France,Female,27,5,£0.00,2,0,0,"£72,969.90",0,18-30,0,0,No,No,Stayed
15586029,806,Germany,Male,34,2,"£96,152.68",2,1,0,"£143,711.02",0,31-45,0.67,0,Yes,No,Stayed
15772337,723,Germany,Female,49,0,"£153,855.52",1,1,1,"£180,862.26",1,46-60,0.85,0,Yes,Yes,Churned
15807555,535,France,Male,45,2,£0.00,2,1,0,"£125,658.28",0,31-45,0,0,Yes,No,Stayed
15603378,768,France,Female,36,3,"£141,334.95",1,0,1,"£125,870.50",0,31-45,1.12,0,No,Yes,Stayed
15792862,653,Germany,Male,41,1,"£104,584.11",1,1,0,"£15,126.32",1,31-45,6.91,0,Yes,No,Churned
15657349,803,Germany,Female,50,8,"£98,173.02",1,0,0,"£22,457.25",1,46-60,4.37,0,No,No,Churned
15777614,545,Spain,Female,44,1,£0.00,2,1,1,"£82,614.89",0,31-45,0,0,Yes,Yes,Stayed
15653952,581,Germany,Female,38,3,"£135,157.05",1,1,1,"£32,919.42",0,31-45,4.11,0,Yes,Yes,Stayed
15724336,513,Germany,Female,49,5,"£171,601.27",1,1,0,"£126,223.84",0,46-60,1.36,0,Yes,No,Stayed
15689594,731,France,Male,29,5,"£179,539.20",1,0,0,"£112,010.02",0,18-30,1.6,0,No,No,Stayed
15801920,727,Germany,Male,39,5,"£80,615.46",2,0,0,"£180,962.32",0,31-45,0.45,0,No,No,Stayed
15653347,560,Spain,Male,47,1,£0.00,1,0,0,"£128,882.66",1,46-60,0,0,No,No,Churned
15749951,766,Germany,Male,27,5,"£126,285.73",1,1,0,"£177,614.17",1,18-30,0.71,0,Yes,No,Churned
15648178,630,Germany,Female,23,4,"£137,964.51",1,0,1,"£174,570.55",0,18-30,0.79,0,No,Yes,Stayed
15738662,652,Germany,Male,41,9,"£159,434.03",1,1,0,"£178,373.93",0,31-45,0.89,0,Yes,No,Stayed
15640855,729,Germany,Male,40,5,"£113,574.61",2,1,0,"£103,396.08",0,31-45,1.1,0,Yes,No,Stayed
15584288,629,France,Female,33,6,£0.00,2,1,1,"£59,129.72",0,31-45,0,0,Yes,Yes,Stayed
15760988,667,Germany,Male,33,9,"£124,573.33",2,0,0,£683.37,0,31-45,182.29,0,No,No,Stayed
15569624,671,Germany,Female,31,6,"£105,864.60",2,1,0,"£145,567.34",0,31-45,0.73,0,Yes,No,Stayed
15597949,768,Germany,Female,47,5,"£104,552.61",1,1,0,"£48,137.08",1,46-60,2.17,0,Yes,No,Churned
15604551,732,France,Female,35,3,£0.00,2,1,0,"£90,876.95",0,31-45,0,0,Yes,No,Stayed
15617476,546,France,Female,30,5,£0.00,2,0,1,"£198,543.09",0,18-30,0,0,No,Yes,Stayed
15645323,630,France,Male,55,2,£0.00,1,1,1,"£106,202.07",1,46-60,0,0,Yes,Yes,Churned
15793311,765,Germany,Female,46,8,"£119,492.88",2,0,1,"£166,896.01",1,46-60,0.72,0,No,Yes,Churned
15764153,704,France,Female,33,0,"£130,499.09",2,1,1,"£74,804.36",0,31-45,1.74,0,Yes,Yes,Stayed
15802560,470,Spain,Female,48,6,"£140,576.11",1,1,1,"£116,971.05",0,46-60,1.2,0,Yes,Yes,Stayed
15728608,688,Germany,Female,34,9,"£91,025.58",2,0,1,"£163,783.00",0,31-45,0.56,0,No,Yes,Stayed
15770474,685,France,Female,33,1,£0.00,3,0,1,"£70,221.13",1,31-45,0,1,No,Yes,Churned
15724444,567,France,Female,38,1,"£125,877.65",2,1,1,"£107,841.77",0,31-45,1.17,0,Yes,Yes,Stayed
15753110,720,Spain,Male,64,3,"£45,752.78",2,1,0,"£79,623.28",1,60+,0.57,0,Yes,No,Churned
15711521,609,France,Male,39,3,"£121,778.71",1,1,1,"£138,399.67",0,31-45,0.88,0,Yes,Yes,Stayed
15632816,521,Germany,Female,49,2,"£127,948.57",1,1,1,"£182,765.14",0,46-60,0.7,0,Yes,Yes,Stayed
15693637,556,France,Female,30,7,£0.00,2,1,1,"£186,648.19",0,18-30,0,0,Yes,Yes,Stayed
15725509,662,Germany,Male,30,5,"£115,286.68",2,1,1,"£149,587.92",0,18-30,0.77,0,Yes,Yes,Stayed
15684645,704,Germany,Male,41,9,"£62,078.21",2,1,0,"£129,050.67",0,31-45,0.48,0,Yes,No,Stayed
15692235,750,France,Female,38,1,£0.00,2,1,0,"£47,764.99",0,31-45,0,0,Yes,No,Stayed
15777459,619,Spain,Female,32,4,"£175,406.13",2,1,1,"£172,792.43",1,31-45,1.02,0,Yes,Yes,Churned
15656937,468,Spain,Male,26,1,"£131,643.25",1,1,0,"£64,436.16",0,18-30,2.04,0,Yes,No,Stayed
15610643,435,Germany,Male,44,3,"£151,739.65",1,1,0,"£167,461.50",0,31-45,0.91,0,Yes,No,Stayed
15777315,529,France,Male,43,6,"£93,616.35",2,0,0,"£98,348.66",0,31-45,0.95,0,No,No,Stayed
15611058,702,Germany,Female,60,5,"£138,597.54",2,1,1,"£41,536.59",1,46-60,3.34,0,Yes,Yes,Churned
15630413,608,France,Female,41,5,£0.00,2,1,1,"£72,462.25",0,31-45,0,0,Yes,Yes,Stayed
15635942,576,France,Male,40,9,£0.00,2,1,0,"£112,465.19",1,31-45,0,0,Yes,No,Churned
15648858,666,France,Female,27,1,"£85,225.21",1,0,1,"£64,511.44",0,18-30,1.32,0,No,Yes,Stayed
15810732,730,France,Female,36,8,"£148,749.29",2,1,0,"£91,830.75",0,31-45,1.62,0,Yes,No,Stayed
15705448,647,Germany,Male,52,7,"£130,013.12",1,1,1,"£190,806.36",1,46-60,0.68,0,Yes,Yes,Churned
15730488,516,Spain,Female,27,1,£0.00,1,0,1,"£112,311.15",0,18-30,0,0,No,Yes,Stayed
15620443,711,France,Female,81,6,£0.00,2,1,1,"£72,276.24",0,60+,0,0,Yes,Yes,Stayed
15741078,736,France,Male,54,7,"£111,729.47",2,0,1,"£84,920.49",0,46-60,1.32,0,No,Yes,Stayed
15753161,768,France,Female,36,5,"£180,169.44",2,1,0,"£17,348.56",0,31-45,10.39,0,Yes,No,Stayed
15711396,427,Spain,Male,40,8,£0.00,2,1,1,"£82,870.75",0,31-45,0,0,Yes,Yes,Stayed
15593499,686,Spain,Female,47,6,£0.00,1,1,0,"£32,080.69",1,46-60,0,0,Yes,No,Churned
15579189,690,France,Female,42,5,£0.00,2,0,1,"£120,512.08",0,31-45,0,0,No,Yes,Stayed
15743545,647,Spain,Female,29,2,£0.00,2,1,0,"£179,032.68",0,18-30,0,0,Yes,No,Stayed
15791316,714,France,Male,35,3,£0.00,2,1,1,"£95,623.28",0,31-45,0,0,Yes,Yes,Stayed
15608246,736,Germany,Female,36,8,"£103,914.17",1,1,1,"£110,035.88",1,31-45,0.94,0,Yes,Yes,Churned
15676526,608,France,Female,34,4,"£88,772.87",1,1,1,"£168,822.01",0,31-45,0.53,0,Yes,Yes,Stayed
15813911,809,France,Female,39,5,£0.00,1,1,0,"£77,705.75",0,31-45,0,0,Yes,No,Stayed
15630195,745,France,Female,40,6,"£131,184.67",1,1,1,"£49,815.62",0,31-45,2.63,0,Yes,Yes,Stayed
15736250,781,France,Male,38,2,"£117,810.79",1,0,1,"£65,632.33",1,31-45,1.8,0,No,Yes,Churned
15671334,527,France,Male,31,4,£0.00,1,1,0,"£169,361.89",0,31-45,0,0,Yes,No,Stayed
15574169,595,Germany,Female,32,0,"£92,466.21",1,1,0,"£4,721.30",0,31-45,19.58,0,Yes,No,Stayed
15718839,850,Germany,Female,38,2,"£102,741.15",2,0,1,"£23,974.85",0,31-45,4.29,0,No,Yes,Stayed
15762331,569,France,Male,37,9,"£178,755.84",1,1,0,"£199,929.17",0,31-45,0.89,0,Yes,No,Stayed
15606901,728,France,Male,43,7,£0.00,2,1,0,"£40,023.70",0,31-45,0,0,Yes,No,Stayed
15713559,473,Germany,Female,32,5,"£146,602.25",2,1,1,"£72,946.95",0,31-45,2.01,0,Yes,Yes,Stayed
15768881,738,France,Male,29,2,£0.00,2,1,1,"£170,421.13",0,18-30,0,0,Yes,Yes,Stayed
15743075,659,France,Male,35,6,£0.00,2,1,1,"£58,879.11",0,31-45,0,0,Yes,Yes,Stayed
15660980,597,Spain,Male,38,6,"£115,702.67",2,1,1,"£25,059.05",0,31-45,4.62,0,Yes,Yes,Stayed
15810942,445,Germany,Female,61,2,"£137,655.31",1,0,1,"£29,909.84",0,60+,4.6,0,No,Yes,Stayed
15728362,671,France,Female,29,3,£0.00,2,1,0,"£158,043.11",0,18-30,0,0,Yes,No,Stayed
15683339,656,Spain,Female,34,6,"£59,877.33",1,1,0,"£14,032.62",1,31-45,4.27,0,Yes,No,Churned
15685476,658,France,Male,31,5,"£100,082.14",1,0,1,"£49,809.88",0,31-45,2.01,0,No,Yes,Stayed
15663650,698,Germany,Male,52,10,"£107,304.39",3,1,0,"£28,806.32",1,46-60,3.73,1,Yes,No,Churned
15617434,655,Spain,Male,38,9,£0.00,1,0,1,"£90,490.33",0,31-45,0,0,No,Yes,Stayed
15622470,772,Spain,Male,41,10,"£96,032.22",1,1,1,"£75,825.57",0,31-45,1.27,0,Yes,Yes,Stayed
15703682,681,Spain,Male,33,10,£0.00,1,0,0,"£158,336.36",0,31-45,0,0,No,No,Stayed
15727391,688,Germany,Male,29,9,"£144,553.50",2,1,0,"£143,454.95",0,18-30,1.01,0,Yes,No,Stayed
15711062,633,Germany,Male,40,5,"£86,172.81",2,1,1,"£117,279.49",0,31-45,0.73,0,Yes,Yes,Stayed
15567339,735,France,Male,73,9,£0.00,1,1,1,"£114,283.33",0,60+,0,0,Yes,Yes,Stayed
15760662,521,Germany,Female,29,2,"£87,212.80",1,1,1,£994.86,0,18-30,87.66,0,Yes,Yes,Stayed
15605737,541,France,Male,36,5,£0.00,2,1,0,"£124,795.84",0,31-45,0,0,Yes,No,Stayed
15692977,612,Germany,Female,36,2,"£130,700.92",2,0,0,"£77,592.80",0,31-45,1.68,0,No,No,Stayed
15672082,562,France,Male,62,3,£0.00,2,1,0,"£105,986.01",0,60+,0,0,Yes,No,Stayed
15600280,703,France,Female,32,6,£0.00,2,0,0,"£33,606.52",0,31-45,0,0,No,No,Stayed
15804052,710,Spain,Male,23,6,£0.00,2,1,1,"£134,188.11",0,18-30,0,0,Yes,Yes,Stayed
15576065,731,Spain,Female,40,5,"£171,325.98",1,1,1,"£159,718.27",1,31-45,1.07,0,Yes,Yes,Churned
15796838,703,Spain,Male,58,4,"£92,930.92",1,0,1,"£85,148.78",0,46-60,1.09,0,No,Yes,Stayed
15693526,618,France,Female,40,0,£0.00,1,1,0,"£119,059.13",0,31-45,0,0,Yes,No,Stayed
15748595,689,France,Female,29,1,"£77,556.79",2,1,1,"£122,998.26",0,18-30,0.63,0,Yes,Yes,Stayed
15679029,718,France,Male,33,7,"£102,874.28",1,0,0,"£117,841.06",0,31-45,0.87,0,No,No,Stayed
15753639,608,France,Male,37,5,"£146,093.39",2,0,0,"£160,593.41",0,31-45,0.91,0,No,No,Stayed
15604138,749,Spain,Male,34,2,£0.00,1,0,0,"£174,189.04",1,31-45,0,0,No,No,Churned
15666095,753,Spain,Male,51,4,"£79,811.72",2,0,1,"£68,260.27",1,46-60,1.17,0,No,Yes,Churned
15643487,630,Spain,Male,39,10,"£105,473.74",1,0,0,"£58,854.88",1,31-45,1.79,0,No,No,Churned
15764033,693,Germany,Female,43,1,"£121,927.92",1,1,0,"£87,994.95",1,31-45,1.39,0,Yes,No,Churned
15747288,838,Spain,Female,40,6,"£61,671.19",1,0,1,"£150,659.35",1,31-45,0.41,0,No,Yes,Churned
15790599,756,Germany,Female,39,5,"£149,363.12",2,1,1,"£109,098.39",0,31-45,1.37,0,Yes,Yes,Stayed
15737705,775,France,Female,27,4,"£152,309.37",1,1,0,"£104,112.00",0,18-30,1.46,0,Yes,No,Stayed
15737194,635,France,Female,33,5,£0.00,2,1,0,"£122,949.71",0,31-45,0,0,Yes,No,Stayed
15726776,705,Spain,Male,36,1,"£111,629.29",1,1,1,"£21,807.16",0,31-45,5.12,0,Yes,Yes,Stayed
15804357,481,France,Male,40,3,£0.00,1,1,1,"£32,319.93",0,31-45,0,0,Yes,Yes,Stayed
15664432,727,Spain,Female,49,7,"£96,296.78",1,1,0,"£190,457.87",1,46-60,0.51,0,Yes,No,Churned
15688984,595,France,Male,20,4,"£95,830.43",1,1,0,"£177,738.98",0,18-30,0.54,0,Yes,No,Stayed
15583026,535,France,Female,38,0,"£135,919.33",1,1,0,"£80,425.65",0,31-45,1.69,0,Yes,No,Stayed
15771668,578,France,Male,59,10,"£185,966.64",1,0,0,"£9,445.42",1,46-60,19.69,0,No,No,Churned
15779904,597,France,Female,29,5,£0.00,2,1,1,"£174,825.57",0,18-30,0,0,Yes,Yes,Stayed
15784323,449,France,Female,21,7,£0.00,2,0,0,"£175,743.92",0,18-30,0,0,No,No,Stayed
15756277,850,Germany,Female,43,8,"£92,244.83",2,1,0,"£54,949.73",0,31-45,1.68,0,Yes,No,Stayed
15663312,494,France,Female,35,9,"£112,727.06",2,1,0,"£183,752.91",0,31-45,0.61,0,Yes,No,Stayed
15793197,676,France,Female,34,8,"£100,359.54",1,0,0,"£46,038.28",0,31-45,2.18,0,No,No,Stayed
15731463,818,Germany,Male,43,10,"£105,301.50",1,1,1,"£78,941.59",0,31-45,1.33,0,Yes,Yes,Stayed
15621768,712,Spain,Male,45,6,"£112,994.65",1,0,0,"£198,398.68",0,31-45,0.57,0,No,No,Stayed
15691323,672,Germany,Male,40,4,"£89,025.88",2,1,0,"£188,892.19",0,31-45,0.47,0,Yes,No,Stayed
15781326,636,France,Male,35,9,"£95,478.17",1,0,0,"£169,286.74",0,31-45,0.56,0,No,No,Stayed
15595640,698,France,Male,37,8,£0.00,2,0,0,"£145,004.39",0,31-45,0,0,No,No,Stayed
15814331,597,Germany,Female,43,7,"£119,127.46",2,1,0,"£55,809.92",0,31-45,2.13,0,Yes,No,Stayed
15602030,717,France,Male,28,4,"£128,206.79",1,1,1,"£54,272.12",0,18-30,2.36,0,Yes,Yes,Stayed
15747974,614,France,Male,49,1,£0.00,2,1,0,"£192,440.54",0,46-60,0,0,Yes,No,Stayed
15611315,708,Germany,Female,23,4,"£71,433.08",1,1,0,"£103,697.57",0,18-30,0.69,0,Yes,No,Stayed
15636977,507,Germany,Male,36,9,"£118,214.32",3,1,0,"£119,110.03",1,31-45,0.99,1,Yes,No,Churned
15690337,581,France,Female,27,5,"£102,258.11",2,1,0,"£194,681.60",0,18-30,0.53,0,Yes,No,Stayed
15680666,579,Spain,Female,39,2,"£151,963.26",2,1,0,"£158,948.63",0,31-45,0.96,0,Yes,No,Stayed
15679551,504,Spain,Female,46,2,"£163,764.84",1,1,1,"£165,122.55",1,46-60,0.99,0,Yes,Yes,Churned
15778915,737,France,Female,32,7,"£128,551.36",2,0,1,"£189,402.71",0,31-45,0.68,0,No,Yes,Stayed
15568849,540,Spain,Female,31,10,"£118,158.74",1,1,1,"£158,027.57",0,31-45,0.75,0,Yes,Yes,Stayed
15747762,609,France,Male,32,7,"£118,520.41",1,0,0,"£3,815.48",0,31-45,31.06,0,No,No,Stayed
15753679,778,France,Male,24,4,£0.00,2,1,1,"£162,809.20",0,18-30,0,0,Yes,Yes,Stayed
15750049,621,France,Male,40,10,"£163,823.37",1,0,0,"£89,519.47",0,31-45,1.83,0,No,No,Stayed
15606097,665,Germany,Male,63,7,"£104,469.58",1,1,1,"£25,165.36",1,60+,4.15,0,Yes,Yes,Churned
15802368,608,France,Female,47,6,£0.00,1,1,1,"£126,012.57",0,46-60,0,0,Yes,Yes,Stayed
15767488,680,Spain,Male,36,7,£0.00,2,1,0,"£20,109.21",0,31-45,0,0,Yes,No,Stayed
15669946,663,Germany,Female,46,2,"£141,726.88",1,1,1,"£58,257.23",0,46-60,2.43,0,Yes,Yes,Stayed
15612103,627,Germany,Female,35,2,"£137,852.96",1,1,1,"£172,269.21",1,31-45,0.8,0,Yes,Yes,Churned
15645353,607,France,Male,26,1,£0.00,1,1,0,"£29,818.20",0,18-30,0,0,Yes,No,Stayed
15650018,681,France,Female,43,8,"£154,100.30",1,0,0,"£114,659.81",0,31-45,1.34,0,No,No,Stayed
15659002,766,France,Female,45,6,£0.00,2,0,0,"£147,184.74",0,31-45,0,0,No,No,Stayed
15616028,694,France,Male,30,2,£0.00,3,0,1,"£15,039.41",0,18-30,0,1,No,Yes,Stayed
15660475,411,France,Female,54,9,£0.00,1,0,1,"£76,621.49",0,46-60,0,0,No,Yes,Stayed
15652615,742,France,Male,39,8,"£140,004.96",1,1,1,"£92,985.78",0,31-45,1.51,0,Yes,Yes,Stayed
15653572,673,Spain,Male,43,8,"£127,132.96",1,0,1,"£6,009.27",1,31-45,21.16,0,No,Yes,Churned
15628059,529,France,Male,61,1,£0.00,2,1,1,"£191,370.97",0,60+,0,0,Yes,Yes,Stayed
15703413,519,France,Female,38,7,"£125,328.56",1,1,0,"£188,225.67",0,31-45,0.67,0,Yes,No,Stayed
15610433,573,France,Male,35,9,£0.00,2,1,0,"£11,743.89",0,31-45,0,0,Yes,No,Stayed
15770548,453,Germany,Female,28,3,"£139,986.65",1,1,0,"£136,846.75",0,18-30,1.02,0,Yes,No,Stayed
15645637,798,Germany,Female,39,6,"£119,787.76",1,1,1,"£164,248.33",0,31-45,0.73,0,Yes,Yes,Stayed
15590888,693,Spain,Female,34,10,"£107,556.06",2,0,0,"£154,631.35",0,31-45,0.7,0,No,No,Stayed
15568326,637,France,Female,44,2,£0.00,2,1,0,"£149,665.65",0,31-45,0,0,Yes,No,Stayed
15655368,672,France,Male,47,1,£0.00,1,0,0,"£91,574.92",0,46-60,0,0,No,No,Stayed
15665579,597,France,Female,28,0,"£142,705.95",1,1,0,"£127,233.39",0,18-30,1.12,0,Yes,No,Stayed
15676091,543,France,Male,42,7,£0.00,1,1,1,"£56,650.47",0,31-45,0,0,Yes,Yes,Stayed
15716984,695,Spain,Female,56,4,£0.00,2,1,0,"£84,644.76",0,46-60,0,0,Yes,No,Stayed
15715078,584,France,Male,35,6,"£161,613.94",2,1,1,"£148,238.16",0,31-45,1.09,0,Yes,Yes,Stayed
15569452,652,Germany,Female,58,3,"£116,353.20",2,0,1,"£193,502.90",0,46-60,0.6,0,No,Yes,Stayed
15628863,601,France,Male,38,4,"£60,013.81",1,1,1,"£38,020.05",0,31-45,1.58,0,Yes,Yes,Stayed
15778192,628,Spain,Male,28,4,£0.00,2,1,1,"£176,750.81",0,18-30,0,0,Yes,Yes,Stayed
15793723,607,Germany,Male,32,9,"£144,272.07",2,1,0,"£176,580.63",0,31-45,0.82,0,Yes,No,Stayed
15798943,646,France,Female,46,8,£0.00,2,1,0,"£133,059.15",0,46-60,0,0,Yes,No,Stayed
15764708,572,France,Male,30,6,"£117,696.67",1,1,0,"£100,843.82",0,18-30,1.17,0,Yes,No,Stayed
15791040,801,Spain,Male,58,1,"£79,954.61",2,1,1,"£30,484.19",0,46-60,2.62,0,Yes,Yes,Stayed
15631512,597,France,Female,26,8,"£149,989.39",1,1,0,"£42,330.58",0,18-30,3.54,0,Yes,No,Stayed
15640106,613,France,Male,40,7,"£124,339.90",1,0,0,"£193,309.58",0,31-45,0.64,0,No,No,Stayed
15710315,529,Germany,Male,29,4,"£135,759.40",1,0,0,"£112,813.79",1,18-30,1.2,0,No,No,Churned
15771535,794,Spain,Female,37,9,£0.00,2,1,0,"£68,008.85",0,31-45,0,0,Yes,No,Stayed
15611947,557,France,Male,34,3,"£83,074.00",1,1,0,"£132,673.22",0,31-45,0.63,0,Yes,No,Stayed
15670266,499,France,Female,28,4,"£141,792.61",1,1,1,"£22,001.91",0,18-30,6.44,0,Yes,Yes,Stayed
15609083,544,France,Female,26,6,£0.00,1,1,0,"£100,200.40",1,18-30,0,0,Yes,No,Churned
15567923,739,France,Female,30,6,£0.00,1,0,0,"£122,604.44",0,18-30,0,0,No,No,Stayed
15788183,458,Germany,Female,43,1,"£106,870.12",2,1,0,"£100,564.37",0,31-45,1.06,0,Yes,No,Stayed
15735782,528,France,Male,31,9,"£120,962.59",1,1,0,"£5,419.31",0,31-45,22.32,0,Yes,No,Stayed
15774401,773,Spain,Male,51,4,£0.00,2,0,0,"£123,587.83",1,46-60,0,0,No,No,Churned
15737971,646,France,Female,30,5,£0.00,2,1,0,"£13,935.32",0,18-30,0,0,Yes,No,Stayed
15758750,564,France,Male,31,0,"£110,527.17",1,1,1,"£87,060.77",0,31-45,1.27,0,Yes,Yes,Stayed
15611767,624,Germany,Female,52,0,"£133,723.43",1,0,0,"£4,859.59",1,46-60,27.52,0,No,No,Churned
15643770,682,France,Female,52,5,"£112,670.48",1,1,0,"£21,085.17",1,46-60,5.34,0,Yes,No,Churned
15744717,726,France,Female,44,2,£0.00,2,1,1,"£26,733.86",0,31-45,0,0,Yes,Yes,Stayed
15570681,560,France,Male,24,1,"£116,084.32",1,1,0,"£89,734.70",0,18-30,1.29,0,Yes,No,Stayed
15792650,382,Spain,Male,36,0,£0.00,1,1,1,"£179,540.73",1,31-45,0,0,Yes,Yes,Churned
15605531,457,Spain,Female,38,6,£0.00,2,1,0,"£173,219.09",0,31-45,0,0,Yes,No,Stayed
15605339,673,France,Female,37,10,£0.00,2,1,1,"£37,411.35",0,31-45,0,0,Yes,Yes,Stayed
15672216,584,France,Female,40,4,"£82,441.75",1,0,0,"£80,852.11",0,31-45,1.02,0,No,No,Stayed
15812893,629,France,Female,39,10,£0.00,2,1,1,"£43,174.49",1,31-45,0,0,Yes,Yes,Churned
15624180,584,Germany,Female,37,10,"£134,171.80",4,1,1,"£70,927.11",1,31-45,1.89,1,Yes,Yes,Churned
15701364,724,France,Male,30,10,£0.00,2,1,1,"£54,265.55",0,18-30,0,0,Yes,Yes,Stayed
15762588,644,France,Male,31,5,£0.00,2,1,1,"£41,872.17",0,31-45,0,0,Yes,Yes,Stayed
15806318,676,Germany,Female,48,2,"£124,442.38",1,1,0,"£15,068.53",1,46-60,8.26,0,Yes,No,Churned
15712596,499,France,Male,31,4,£0.00,1,1,0,"£25,950.49",0,31-45,0,0,Yes,No,Stayed
15600399,598,France,Male,60,4,£0.00,1,1,0,"£197,727.14",1,46-60,0,0,Yes,No,Churned
15576216,655,Germany,Female,37,4,"£108,862.76",1,1,0,"£79,555.08",1,31-45,1.37,0,Yes,No,Churned
15620750,559,France,Male,28,3,"£141,099.43",1,1,1,"£15,607.27",0,18-30,9.04,0,Yes,Yes,Stayed
15623489,543,France,Female,67,0,"£128,843.67",1,1,1,"£134,612.48",0,60+,0.96,0,Yes,Yes,Stayed
15667944,679,France,Male,39,0,"£86,843.61",1,0,1,"£159,830.58",0,31-45,0.54,0,No,Yes,Stayed
15584928,594,Germany,Female,32,4,"£120,074.97",2,1,1,"£162,961.79",0,31-45,0.74,0,Yes,Yes,Stayed
15779913,586,France,Male,27,5,"£130,231.80",2,1,1,"£192,427.16",0,18-30,0.68,0,Yes,Yes,Stayed
15644977,776,France,Female,31,5,£0.00,2,1,0,"£92,647.94",0,31-45,0,0,Yes,No,Stayed
15749679,699,France,Male,39,2,"£109,724.38",1,1,1,"£180,022.39",0,31-45,0.61,0,Yes,Yes,Stayed
15629010,847,Germany,Female,35,5,"£111,743.43",1,1,1,"£183,584.14",0,31-45,0.61,0,Yes,Yes,Stayed
15768465,582,Germany,Male,35,8,"£121,309.17",2,1,1,"£28,750.67",0,31-45,4.22,0,Yes,Yes,Stayed
15767781,648,France,Male,38,10,"£82,697.28",1,1,0,"£74,846.67",0,31-45,1.1,0,Yes,No,Stayed
15635364,618,France,Female,49,9,"£44,301.43",3,1,1,"£89,729.30",1,46-60,0.49,1,Yes,Yes,Churned
15722004,543,France,Female,31,4,"£138,317.94",1,0,0,"£61,843.73",0,31-45,2.24,0,No,No,Stayed
15766044,642,Germany,Male,49,4,"£120,688.61",1,1,0,"£24,770.22",1,46-60,4.87,0,Yes,No,Churned
15586680,462,France,Male,27,4,"£176,913.52",1,1,0,"£80,587.27",0,18-30,2.2,0,Yes,No,Stayed
15635388,640,Spain,Male,47,6,"£89,047.14",1,1,0,"£116,286.25",0,46-60,0.77,0,Yes,No,Stayed
15655175,740,Germany,Male,40,4,"£114,318.78",2,1,0,"£129,333.69",1,31-45,0.88,0,Yes,No,Churned
15639133,773,France,Female,50,4,£0.00,2,1,0,"£129,372.94",0,46-60,0,0,Yes,No,Stayed
15799653,583,Germany,Female,32,7,"£94,753.55",2,1,1,"£18,149.03",0,31-45,5.22,0,Yes,Yes,Stayed
15723872,589,Spain,Female,46,10,£0.00,2,0,1,"£168,369.37",0,46-60,0,0,No,Yes,Stayed
15775627,509,France,Male,35,8,£0.00,2,0,1,"£67,431.28",0,31-45,0,0,No,Yes,Stayed
15630704,612,Germany,Male,32,9,"£106,520.73",2,1,0,"£177,092.16",0,31-45,0.6,0,Yes,No,Stayed
15815534,505,Spain,Male,37,0,"£134,006.39",1,1,1,"£93,736.69",0,31-45,1.43,0,Yes,Yes,Stayed
15697249,546,Germany,Female,25,3,"£132,837.70",1,1,0,"£131,647.31",0,18-30,1.01,0,Yes,No,Stayed
15681316,681,France,Female,41,0,"£120,549.29",2,1,0,"£175,722.31",0,31-45,0.69,0,Yes,No,Stayed
15682523,762,France,Male,20,1,"£139,432.55",1,1,1,"£85,606.83",0,18-30,1.63,0,Yes,Yes,Stayed
15650244,786,Spain,Male,29,7,"£80,895.44",2,1,0,"£64,945.57",0,18-30,1.25,0,Yes,No,Stayed
15648638,629,Spain,Male,34,6,£0.00,2,1,0,"£190,347.72",0,31-45,0,0,Yes,No,Stayed
15795747,787,Spain,Female,39,7,"£171,646.76",1,0,1,"£100,791.36",0,31-45,1.7,0,No,Yes,Stayed
15607330,713,Spain,Male,42,0,"£109,121.71",1,0,1,"£167,873.49",0,31-45,0.65,0,No,Yes,Stayed
15624013,541,France,Female,39,6,"£109,844.81",1,1,0,"£25,289.23",0,31-45,4.34,0,Yes,No,Stayed
15800805,451,France,Female,31,7,"£140,931.82",1,0,1,"£20,388.77",0,31-45,6.91,0,No,Yes,Stayed
15667321,644,Spain,Male,49,10,£0.00,2,1,1,"£145,089.64",0,46-60,0,0,Yes,Yes,Stayed
15601116,686,France,Male,32,6,£0.00,2,1,1,"£179,093.26",0,31-45,0,0,Yes,Yes,Stayed
15622033,847,Germany,Female,41,3,"£101,543.51",4,1,0,"£16,025.17",1,31-45,6.34,1,Yes,No,Churned
15758451,765,Germany,Male,37,7,"£102,708.77",1,1,0,"£9,087.81",0,31-45,11.3,0,Yes,No,Stayed
15688689,678,Germany,Female,37,8,"£149,000.91",2,1,1,"£21,472.42",0,31-45,6.94,0,Yes,Yes,Stayed
15652674,539,France,Male,20,0,"£83,459.86",1,1,1,"£146,752.67",0,18-30,0.57,0,Yes,Yes,Stayed
15806327,800,France,Female,40,3,"£75,893.11",2,1,0,"£132,562.23",0,31-45,0.57,0,Yes,No,Stayed
15649618,799,Germany,Female,39,7,"£167,395.60",2,0,1,"£139,537.43",0,31-45,1.2,0,No,Yes,Stayed
15677117,629,France,Female,61,6,£0.00,2,1,1,"£133,672.61",0,60+,0,0,Yes,Yes,Stayed
15751445,734,Germany,Female,52,6,"£71,283.09",2,0,1,"£38,984.37",0,46-60,1.83,0,No,Yes,Stayed
15749669,542,France,Female,31,3,£0.00,2,1,1,"£115,217.59",0,31-45,0,0,Yes,Yes,Stayed
15656351,414,Spain,Male,60,3,£0.00,2,1,1,"£93,844.82",0,46-60,0,0,Yes,Yes,Stayed
15667438,675,France,Female,38,1,"£104,016.88",1,0,0,"£22,068.83",1,31-45,4.71,0,No,No,Churned
15682273,683,France,Female,38,5,"£127,616.56",1,1,0,"£123,846.07",0,31-45,1.03,0,Yes,No,Stayed
15580912,748,France,Male,32,5,"£154,737.88",2,1,1,"£172,638.13",0,31-45,0.9,0,Yes,Yes,Stayed
15785183,596,Spain,Male,29,2,£0.00,2,1,1,"£1,591.19",0,18-30,0,0,Yes,Yes,Stayed
15705383,642,France,Male,35,4,"£125,476.31",1,1,1,"£91,775.51",0,31-45,1.37,0,Yes,Yes,Stayed
15712903,499,France,Female,21,3,"£176,511.08",1,1,1,"£153,920.22",0,18-30,1.15,0,Yes,Yes,Stayed
15774285,649,Spain,Female,47,8,"£110,783.28",1,1,1,"£71,420.16",0,46-60,1.55,0,Yes,Yes,Stayed
15583138,739,France,Male,42,2,"£141,642.92",2,1,0,"£172,149.76",0,31-45,0.82,0,Yes,No,Stayed
15740160,616,France,Male,31,1,£0.00,2,1,1,"£54,706.75",0,31-45,0,0,Yes,Yes,Stayed
15793425,560,Spain,Female,33,9,£0.00,1,0,1,"£183,358.21",0,31-45,0,0,No,Yes,Stayed
15749265,427,Germany,Male,42,1,"£75,681.52",1,1,1,"£57,098.00",0,31-45,1.33,0,Yes,Yes,Stayed
15623989,435,France,Male,54,3,£0.00,1,1,0,"£156,910.46",1,46-60,0,0,Yes,No,Churned
15604832,633,France,Male,29,7,£0.00,1,1,1,"£130,224.73",0,18-30,0,0,Yes,Yes,Stayed
15584580,443,France,Male,35,6,"£161,111.45",1,0,0,"£13,946.66",0,31-45,11.55,0,No,No,Stayed
15573854,727,France,Male,62,5,£0.00,2,0,1,"£38,652.96",0,60+,0,0,No,Yes,Stayed
15614847,674,France,Female,45,6,"£72,494.69",1,0,1,"£140,041.78",0,31-45,0.52,0,No,Yes,Stayed
15679966,661,France,Female,31,3,"£133,964.30",1,1,1,"£166,187.10",0,31-45,0.81,0,Yes,Yes,Stayed
15799435,619,Spain,Male,34,1,£0.00,1,1,0,"£139,919.38",0,31-45,0,0,Yes,No,Stayed
15752186,562,France,Female,27,3,£0.00,2,1,0,"£28,137.03",0,18-30,0,0,Yes,No,Stayed
15705544,633,France,Male,61,3,"£157,201.48",1,0,1,"£50,368.63",0,60+,3.12,0,No,Yes,Stayed
15713632,551,Spain,Female,48,5,"£95,679.29",1,0,0,"£94,978.10",0,46-60,1.01,0,No,No,Stayed
15586523,720,Germany,Female,29,7,"£106,230.92",1,1,1,"£69,903.93",1,18-30,1.52,0,Yes,Yes,Churned
15609176,688,France,Female,32,5,£0.00,2,0,1,"£177,607.77",0,31-45,0,0,No,Yes,Stayed
15769308,635,Germany,Female,36,9,"£81,231.85",2,1,0,"£196,731.08",0,31-45,0.41,0,Yes,No,Stayed
15676810,561,France,Female,31,1,"£81,480.27",2,1,1,"£65,234.60",0,31-45,1.25,0,Yes,Yes,Stayed
15634591,850,France,Male,33,8,"£73,059.38",1,1,1,"£186,281.00",0,31-45,0.39,0,Yes,Yes,Stayed
15679804,636,France,Male,36,5,"£117,559.05",2,1,1,"£111,573.30",0,31-45,1.05,0,Yes,Yes,Stayed
15677764,461,Germany,Female,74,1,"£186,445.31",2,1,1,"£196,767.83",0,60+,0.95,0,Yes,Yes,Stayed
15571917,771,Germany,Female,38,5,"£137,657.71",2,1,0,"£72,985.61",0,31-45,1.89,0,Yes,No,Stayed
15574608,713,France,Male,36,8,"£133,889.35",1,1,1,"£143,265.65",0,31-45,0.93,0,Yes,Yes,Stayed
15740868,658,Germany,Female,45,9,"£134,562.80",1,1,1,"£159,268.67",0,31-45,0.84,0,Yes,Yes,Stayed
15702442,586,Germany,Female,56,9,"£100,781.75",2,1,1,"£54,448.41",0,46-60,1.85,0,Yes,Yes,Stayed
15699797,737,France,Male,30,8,"£174,356.13",1,0,0,"£31,928.50",0,18-30,5.46,0,No,No,Stayed
15648047,742,Germany,Male,27,5,"£190,125.43",2,0,0,"£21,793.59",0,18-30,8.72,0,No,No,Stayed
15766826,824,France,Male,26,7,"£146,266.00",1,1,0,"£21,903.62",1,18-30,6.68,0,Yes,No,Churned
15591628,701,Germany,Male,41,9,"£164,046.10",1,1,0,"£49,405.93",0,31-45,3.32,0,Yes,No,Stayed
15583857,623,Spain,Female,43,4,"£123,536.52",2,0,0,"£154,908.52",0,31-45,0.8,0,No,No,Stayed
15752534,744,France,Male,36,10,£0.00,2,1,1,"£182,867.84",0,31-45,0,0,Yes,Yes,Stayed
15741403,698,Spain,Female,38,1,"£171,848.38",1,0,0,"£16,957.45",0,31-45,10.13,0,No,No,Stayed
15783589,616,France,Male,40,9,£0.00,2,0,0,"£93,717.55",0,31-45,0,0,No,No,Stayed
15598046,662,France,Female,39,5,"£139,562.05",2,1,0,"£61,636.22",0,31-45,2.26,0,Yes,No,Stayed
15643330,594,France,Male,37,2,£0.00,2,0,1,"£95,864.50",0,31-45,0,0,No,Yes,Stayed
15680405,685,France,Male,40,2,"£168,001.34",2,1,1,"£167,400.29",0,31-45,1,0,Yes,Yes,Stayed
15728683,742,France,Male,27,0,£0.00,2,0,1,"£131,534.96",0,18-30,0,0,No,Yes,Stayed
15621644,678,Germany,Male,83,6,"£123,356.63",1,0,1,"£92,934.41",0,60+,1.33,0,No,Yes,Stayed
15733032,651,Spain,Male,47,2,£0.00,2,1,1,"£119,808.64",0,46-60,0,0,Yes,Yes,Stayed
15608381,585,Germany,Male,50,2,"£125,845.66",1,1,0,"£9,439.31",1,46-60,13.33,0,Yes,No,Churned
15658946,579,Germany,Male,40,10,"£45,408.85",2,1,0,"£18,732.91",0,31-45,2.42,0,Yes,No,Stayed
15757912,722,Germany,Female,37,0,"£125,977.81",1,0,0,"£160,162.42",0,31-45,0.79,0,No,No,Stayed
15645371,613,Germany,Female,51,7,"£147,262.11",1,1,1,"£53,630.90",1,46-60,2.75,0,Yes,Yes,Churned
15653110,694,France,Male,42,8,"£133,767.19",1,1,0,"£36,405.21",0,31-45,3.67,0,Yes,No,Stayed
15766355,550,Germany,Male,49,0,"£108,806.96",3,1,0,"£61,446.92",1,46-60,1.77,1,Yes,No,Churned
15585249,741,France,Male,42,6,"£106,036.52",1,1,0,"£194,686.78",1,31-45,0.54,0,Yes,No,Churned
15611786,668,Spain,Female,69,9,£0.00,1,0,1,"£134,483.07",0,60+,0,0,No,Yes,Stayed
15575486,529,France,Female,27,1,£0.00,2,1,1,"£37,769.98",0,18-30,0,0,Yes,Yes,Stayed
15780215,636,France,Male,31,6,£0.00,2,1,1,"£2,382.61",0,31-45,0,0,Yes,Yes,Stayed
15686099,563,Spain,Male,61,1,"£82,182.10",1,1,0,"£106,826.92",1,60+,0.77,0,Yes,No,Churned
15739042,767,France,Female,35,9,£0.00,2,1,0,"£39,511.61",0,31-45,0,0,Yes,No,Stayed
15815316,644,France,Male,50,9,"£76,817.00",4,1,0,"£196,371.13",1,46-60,0.39,1,Yes,No,Churned
15778489,780,Germany,Male,71,9,"£142,550.25",2,1,1,"£122,506.78",0,60+,1.16,0,Yes,Yes,Stayed
15786389,635,Spain,Female,41,10,£0.00,2,1,1,"£61,994.20",0,31-45,0,0,Yes,Yes,Stayed
15601787,641,Germany,Male,35,2,"£103,711.56",1,0,1,"£192,464.21",1,31-45,0.54,0,No,Yes,Churned
15624715,593,Spain,Female,40,2,£0.00,1,1,1,"£5,194.95",0,31-45,0,0,Yes,Yes,Stayed
15763093,540,Germany,Female,35,7,"£128,369.75",2,1,0,"£198,256.15",0,31-45,0.65,0,Yes,No,Stayed
15572073,663,Spain,Male,35,5,£0.00,2,1,1,"£62,634.94",0,31-45,0,0,Yes,Yes,Stayed
15780256,630,France,Male,34,9,£0.00,2,1,1,"£114,006.35",0,31-45,0,0,Yes,Yes,Stayed
15659305,605,Germany,Male,19,8,"£166,133.28",1,1,1,"£107,994.99",0,18-30,1.54,0,Yes,Yes,Stayed
15638882,710,Germany,Female,62,9,"£148,214.36",1,1,0,"£48,571.14",1,60+,3.05,0,Yes,No,Churned
15714680,755,France,Female,78,5,"£121,206.96",1,1,1,"£76,016.49",0,60+,1.59,0,Yes,Yes,Stayed
15777217,641,Spain,Male,25,10,£0.00,2,1,1,"£180,808.39",0,18-30,0,0,Yes,Yes,Stayed
15739123,737,Germany,Male,50,4,"£127,552.85",2,1,0,"£4,225.11",0,46-60,30.19,0,Yes,No,Stayed
15594450,695,France,Male,49,9,"£159,458.53",1,1,0,"£135,841.35",0,46-60,1.17,0,Yes,No,Stayed
15797751,466,Germany,Female,47,5,"£102,085.72",1,1,1,"£183,536.24",1,46-60,0.56,0,Yes,Yes,Churned
15691543,558,Germany,Male,58,2,"£142,537.18",1,1,1,"£88,791.83",0,46-60,1.61,0,Yes,Yes,Stayed
15722845,665,Spain,Male,29,1,"£182,781.74",2,1,1,"£63,732.90",0,18-30,2.87,0,Yes,Yes,Stayed
15605804,737,France,Male,45,10,£0.00,2,1,0,"£1,364.54",0,31-45,0,0,Yes,No,Stayed
15702061,654,France,Male,29,7,£0.00,2,1,1,"£149,184.15",0,18-30,0,0,Yes,Yes,Stayed
15694321,619,France,Female,28,3,£0.00,2,1,0,"£53,394.12",0,18-30,0,0,Yes,No,Stayed
15798749,845,Germany,Female,43,3,"£152,063.59",2,1,0,"£97,910.06",0,31-45,1.55,0,Yes,No,Stayed
15720050,727,France,Female,28,2,"£110,997.76",1,1,0,"£101,433.76",0,18-30,1.09,0,Yes,No,Stayed
15758048,582,France,Male,50,2,"£148,942.00",1,1,1,"£116,944.30",0,46-60,1.27,0,Yes,Yes,Stayed
15805681,716,France,Male,41,9,£0.00,1,1,1,"£113,267.48",0,31-45,0,0,Yes,Yes,Stayed
15802809,660,Spain,Female,36,0,"£84,438.57",1,1,1,"£181,449.51",0,31-45,0.47,0,Yes,Yes,Stayed
15807239,664,France,Female,34,7,"£93,920.47",1,0,0,"£179,913.98",0,31-45,0.52,0,No,No,Stayed
15749093,801,France,Male,43,4,"£158,713.08",2,0,0,"£98,586.14",0,31-45,1.61,0,No,No,Stayed
15689344,615,Spain,Male,42,4,£0.00,3,0,1,"£120,321.09",0,31-45,0,1,No,Yes,Stayed
15606076,718,Germany,Male,63,7,"£123,204.88",1,1,1,"£100,538.80",0,60+,1.23,0,Yes,Yes,Stayed
15610090,667,France,Male,40,8,"£72,945.29",2,1,0,"£98,931.50",0,31-45,0.74,0,Yes,No,Stayed
15693926,670,Spain,Male,37,0,"£178,742.71",1,1,1,"£194,493.57",0,31-45,0.92,0,Yes,Yes,Stayed
15791501,590,France,Male,43,8,£0.00,2,1,1,"£143,628.31",0,31-45,0,0,Yes,Yes,Stayed
15621870,739,Spain,Female,40,8,£0.00,1,1,0,"£167,030.51",0,31-45,0,0,Yes,No,Stayed
15734711,373,France,Male,42,7,£0.00,1,1,0,"£77,786.37",1,31-45,0,0,Yes,No,Churned
15814405,418,France,Female,46,9,£0.00,1,1,1,"£81,014.50",1,46-60,0,0,Yes,Yes,Churned
15729359,837,France,Female,29,9,£0.00,2,1,1,"£41,866.26",0,18-30,0,0,Yes,Yes,Stayed
15606944,645,Germany,Male,43,9,"£140,121.17",1,1,0,"£11,302.70",1,31-45,12.4,0,Yes,No,Churned
15671934,552,Germany,Male,39,2,"£132,906.88",1,0,1,"£149,384.43",0,31-45,0.89,0,No,Yes,Stayed
15641773,580,Germany,Male,45,2,"£179,334.83",2,1,1,"£169,303.65",0,31-45,1.06,0,Yes,Yes,Stayed
15701972,684,France,Male,35,3,"£137,179.39",1,1,1,"£37,264.11",0,31-45,3.68,0,Yes,Yes,Stayed
15749114,634,Spain,Male,35,3,£0.00,2,1,1,"£19,515.48",0,31-45,0,0,Yes,Yes,Stayed
15780362,607,France,Female,49,9,"£119,960.29",2,1,0,"£103,068.22",0,46-60,1.16,0,Yes,No,Stayed
15753229,802,France,Male,29,9,"£127,414.55",1,1,1,"£134,459.12",0,18-30,0.95,0,Yes,Yes,Stayed
15656009,736,France,Female,36,6,£0.00,1,1,0,"£70,496.66",0,31-45,0,0,Yes,No,Stayed
15785024,629,France,Female,40,9,"£137,409.19",1,1,0,"£175,877.70",1,31-45,0.78,0,Yes,No,Churned
15670492,737,France,Male,28,8,£0.00,2,1,0,"£106,390.01",0,18-30,0,0,Yes,No,Stayed
15795458,718,Spain,Female,39,2,£0.00,1,1,1,"£52,138.49",0,31-45,0,0,Yes,Yes,Stayed
15732438,561,France,Male,43,4,£0.00,4,0,0,"£18,522.91",1,31-45,0,1,No,No,Churned
15781987,641,France,Male,31,9,"£112,494.99",1,1,1,"£32,231.60",0,31-45,3.49,0,Yes,Yes,Stayed
15775826,677,France,Male,30,1,"£78,133.15",1,0,1,"£174,225.88",0,18-30,0.45,0,No,Yes,Stayed
15807457,641,Spain,Female,36,1,£0.00,2,1,0,"£102,021.39",0,31-45,0,0,Yes,No,Stayed
15632538,658,Spain,Female,32,5,"£145,553.07",1,1,1,"£31,484.76",0,31-45,4.62,0,Yes,Yes,Stayed
15641389,659,Germany,Male,48,4,"£123,593.22",2,1,0,"£82,469.06",1,46-60,1.5,0,Yes,No,Churned
15657306,567,France,Female,47,2,£0.00,1,0,0,"£110,900.43",1,46-60,0,0,No,No,Churned
15709447,584,France,Female,26,0,"£146,286.22",1,1,0,"£105,105.35",0,18-30,1.39,0,Yes,No,Stayed
15762682,709,Spain,Female,35,1,"£111,827.27",2,1,0,"£12,674.68",0,31-45,8.82,0,Yes,No,Stayed
15626042,690,Spain,Female,26,2,£0.00,2,1,1,"£93,255.85",0,18-30,0,0,Yes,Yes,Stayed
15597109,627,France,Male,70,1,"£94,416.78",1,0,1,"£145,299.50",0,60+,0.65,0,No,Yes,Stayed
15756148,765,Spain,Male,45,2,"£91,549.78",1,1,1,"£47,139.44",0,31-45,1.94,0,Yes,Yes,Stayed
15665634,645,France,Female,38,7,"£59,568.57",1,1,1,"£167,723.25",0,31-45,0.36,0,Yes,Yes,Stayed
15739997,716,France,Female,23,2,"£94,464.81",2,0,1,"£185,900.88",0,18-30,0.51,0,No,Yes,Stayed
15686242,771,France,Female,57,4,£0.00,1,0,0,"£85,876.67",1,46-60,0,0,No,No,Churned
15759244,687,Germany,Male,44,8,"£95,368.14",2,1,1,"£1,787.85",0,31-45,53.34,0,Yes,Yes,Stayed
15672027,717,Germany,Female,33,10,"£102,185.42",2,1,0,"£23,231.93",0,31-45,4.4,0,Yes,No,Stayed
15594576,524,France,Male,32,1,"£144,875.71",1,0,0,"£187,740.04",0,31-45,0.77,0,No,No,Stayed
15707138,679,Spain,Male,39,5,£0.00,2,1,1,"£100,060.54",0,31-45,0,0,Yes,Yes,Stayed
15756954,538,France,Female,32,2,£0.00,1,1,1,"£80,130.54",0,31-45,0,0,Yes,Yes,Stayed
15619130,752,Germany,Female,37,5,"£113,291.05",2,1,1,"£132,467.54",0,31-45,0.86,0,Yes,Yes,Stayed
15639665,846,Spain,Male,61,0,£0.00,2,1,1,"£96,202.44",0,60+,0,0,Yes,Yes,Stayed
15571065,532,Spain,Female,39,0,£0.00,2,1,0,"£94,977.30",0,31-45,0,0,Yes,No,Stayed
15686060,670,Germany,Male,43,9,"£111,677.88",1,1,0,"£178,827.30",1,31-45,0.62,0,Yes,No,Churned
15615753,597,Germany,Female,35,8,"£131,101.04",1,1,1,"£192,852.67",0,31-45,0.68,0,Yes,Yes,Stayed
15800961,627,Germany,Male,52,1,"£76,101.81",2,0,1,"£177,238.35",0,46-60,0.43,0,No,Yes,Stayed
15763065,700,Spain,Female,40,2,£0.00,2,1,0,"£199,753.97",0,31-45,0,0,Yes,No,Stayed
15672467,766,France,Female,52,7,"£92,510.90",2,0,1,"£66,193.61",0,46-60,1.4,0,No,Yes,Stayed
15752915,488,France,Female,34,2,£0.00,2,1,1,"£181,270.84",0,31-45,0,0,Yes,Yes,Stayed
15744695,694,France,Male,39,5,"£77,652.40",1,1,1,"£25,407.59",0,31-45,3.06,0,Yes,Yes,Stayed
15584897,639,France,Female,31,3,"£98,360.03",1,0,0,"£20,973.80",0,31-45,4.69,0,No,No,Stayed
15601857,705,Germany,Female,46,4,"£115,518.07",1,0,0,"£76,544.90",1,46-60,1.51,0,No,No,Churned
15674156,810,Germany,Male,69,3,"£27,288.43",1,1,1,"£110,509.90",0,60+,0.25,0,Yes,Yes,Stayed
15695465,638,France,Female,36,6,£0.00,1,1,0,"£164,247.51",0,31-45,0,0,Yes,No,Stayed
15792232,595,Spain,Female,43,5,£0.00,2,0,0,"£105,149.80",0,31-45,0,0,No,No,Stayed
15807900,575,France,Male,36,7,£0.00,1,1,1,"£55,868.97",1,31-45,0,0,Yes,Yes,Churned
15743760,850,France,Male,31,6,"£131,996.66",2,1,1,"£178,747.43",0,31-45,0.74,0,Yes,Yes,Stayed
15652835,419,Spain,Female,27,2,"£121,580.42",1,0,1,"£134,720.51",0,18-30,0.9,0,No,Yes,Stayed
15767818,640,France,Male,55,10,"£132,436.34",1,1,0,£978.66,0,46-60,135.32,0,Yes,No,Stayed
15591150,570,Spain,Male,34,10,£0.00,2,0,1,"£183,387.12",0,31-45,0,0,No,Yes,Stayed
15734659,640,Germany,Female,46,5,"£107,978.40",2,1,0,"£155,876.06",0,46-60,0.69,0,Yes,No,Stayed
15796115,689,Germany,Female,40,4,"£78,119.59",4,1,0,"£119,259.34",1,31-45,0.66,1,Yes,No,Churned
15724648,725,France,Male,26,6,"£98,684.15",1,0,0,"£133,720.57",0,18-30,0.74,0,No,No,Stayed
15737732,751,France,Female,44,10,£0.00,2,1,0,"£170,634.49",0,31-45,0,0,Yes,No,Stayed
15632280,544,Spain,Female,53,9,£0.00,1,1,0,"£125,692.07",1,46-60,0,0,Yes,No,Churned
15750407,768,Germany,Female,43,2,"£129,264.05",2,0,0,"£19,150.14",0,31-45,6.75,0,No,No,Stayed
15795370,648,Germany,Male,37,6,"£131,753.41",1,1,0,"£86,894.67",0,31-45,1.52,0,Yes,No,Stayed
15656829,577,Spain,Female,33,6,£0.00,2,1,0,"£57,975.80",0,31-45,0,0,Yes,No,Stayed
15643794,639,Spain,Female,27,2,£0.00,1,1,1,"£82,938.99",0,18-30,0,0,Yes,Yes,Stayed
15798605,686,Germany,Male,26,1,"£57,422.62",1,1,1,"£79,189.40",0,18-30,0.73,0,Yes,Yes,Stayed
15637324,657,France,Female,28,7,£0.00,2,0,1,"£5,177.62",0,18-30,0,0,No,Yes,Stayed
15589589,613,France,Male,34,5,"£144,094.20",1,1,0,"£44,510.26",0,31-45,3.24,0,Yes,No,Stayed
15778936,701,France,Male,33,9,"£147,510.34",1,1,0,"£190,611.92",0,31-45,0.77,0,Yes,No,Stayed
15757385,578,Spain,Female,28,8,"£161,592.76",1,1,0,"£177,834.79",0,18-30,0.91,0,Yes,No,Stayed
15666200,689,France,Female,40,1,£0.00,2,1,1,"£119,446.64",0,31-45,0,0,Yes,Yes,Stayed
15683977,687,Spain,Female,72,4,£0.00,2,1,1,"£50,267.69",0,60+,0,0,Yes,Yes,Stayed
15675518,499,Spain,Female,53,1,"£75,225.53",2,0,0,"£144,849.10",1,46-60,0.52,0,No,No,Churned
15584812,693,Spain,Female,39,0,£0.00,2,0,0,"£81,901.60",0,31-45,0,0,No,No,Stayed
15752984,737,France,Female,70,9,"£87,542.89",2,1,1,"£42,576.86",0,60+,2.06,0,Yes,Yes,Stayed
15577913,651,France,Female,32,8,"£144,581.96",1,1,1,"£87,609.50",0,31-45,1.65,0,Yes,Yes,Stayed
15591980,753,France,Male,33,5,"£122,568.05",2,1,1,"£82,820.85",0,31-45,1.48,0,Yes,Yes,Stayed
15598948,523,Spain,Female,24,5,"£172,231.93",1,0,1,"£155,144.12",0,18-30,1.11,0,No,Yes,Stayed
15574142,458,Germany,Female,28,2,"£171,932.26",2,1,1,"£9,578.24",0,18-30,17.95,0,Yes,Yes,Stayed
15582903,643,France,Male,39,7,£0.00,2,1,1,"£170,392.59",0,31-45,0,0,Yes,Yes,Stayed
15733229,638,Spain,Female,34,7,£0.00,2,0,0,"£3,946.29",0,31-45,0,0,No,No,Stayed
15635752,685,Germany,Male,38,4,"£111,798.06",2,1,1,"£102,184.66",0,31-45,1.09,0,Yes,Yes,Stayed
15771000,684,France,Male,38,4,£0.00,3,1,0,"£75,609.84",0,31-45,0,1,Yes,No,Stayed
15804864,670,France,Female,27,5,"£79,336.61",1,1,1,"£26,170.08",0,18-30,3.03,0,Yes,Yes,Stayed
15641175,701,Germany,Male,63,3,"£120,916.52",3,0,0,"£144,727.45",1,60+,0.84,1,No,No,Churned
15692226,705,France,Female,31,3,"£142,905.51",1,1,1,"£58,134.97",0,31-45,2.46,0,Yes,Yes,Stayed
15584156,593,Spain,Male,27,10,£0.00,3,0,0,"£94,620.00",1,18-30,0,1,No,No,Churned
15702656,651,France,Female,33,1,"£96,834.78",1,1,0,"£108,764.69",0,31-45,0.89,0,Yes,No,Stayed
15606552,741,France,Male,37,9,"£105,261.76",2,1,1,"£149,503.54",0,31-45,0.7,0,Yes,Yes,Stayed
15687001,596,Germany,Male,54,1,"£123,544.00",1,1,1,"£120,314.75",1,46-60,1.03,0,Yes,Yes,Churned
15781903,581,Germany,Male,41,2,"£127,913.71",2,1,1,"£44,205.95",0,31-45,2.89,0,Yes,Yes,Stayed
15731951,689,Spain,Female,28,5,"£95,328.60",1,1,0,"£6,129.61",1,18-30,15.55,0,Yes,No,Churned
15580953,544,France,Male,30,4,"£73,218.89",1,0,1,"£126,796.69",0,18-30,0.58,0,No,Yes,Stayed
15810390,718,France,Female,41,1,£0.00,2,0,1,"£27,509.52",1,31-45,0,0,No,Yes,Churned
15628274,583,Germany,Male,35,8,"£149,995.72",2,1,0,"£42,143.55",0,31-45,3.56,0,Yes,No,Stayed
15615444,663,Germany,Male,28,8,"£123,674.28",2,1,1,"£87,985.20",0,18-30,1.41,0,Yes,Yes,Stayed
15784010,666,Germany,Male,33,2,"£124,125.26",1,1,0,"£81,884.80",0,31-45,1.52,0,Yes,No,Stayed
15571586,524,Spain,Male,29,3,"£159,035.45",1,1,0,"£2,705.31",1,18-30,58.79,0,Yes,No,Churned
15748616,599,France,Male,27,5,£0.00,2,1,0,"£30,546.40",0,18-30,0,0,Yes,No,Stayed
15769402,667,France,Male,27,7,"£156,811.74",1,1,1,"£149,402.59",0,18-30,1.05,0,Yes,Yes,Stayed
15739248,727,France,Male,52,4,£0.00,2,1,1,"£118,429.02",0,46-60,0,0,Yes,Yes,Stayed
15603481,689,Spain,Female,55,4,£0.00,2,1,1,"£58,442.25",0,46-60,0,0,Yes,Yes,Stayed
15723604,639,France,Male,39,6,"£150,555.83",1,1,0,"£30,414.17",0,31-45,4.95,0,Yes,No,Stayed
15797822,678,France,Male,28,2,"£109,137.12",1,1,1,"£58,814.41",0,18-30,1.86,0,Yes,Yes,Stayed
15665064,523,France,Male,36,8,"£158,351.02",2,1,0,"£155,304.53",0,31-45,1.02,0,Yes,No,Stayed
15640580,650,France,Female,47,9,£0.00,1,1,0,"£187,943.60",0,46-60,0,0,Yes,No,Stayed
15581089,744,Spain,Male,35,7,£0.00,2,1,1,"£43,036.60",0,31-45,0,0,Yes,Yes,Stayed
15728605,697,France,Male,40,4,£0.00,2,0,1,"£26,543.28",0,31-45,0,0,No,Yes,Stayed
15737385,800,Spain,Female,46,6,£0.00,2,1,0,"£171,928.04",0,46-60,0,0,Yes,No,Stayed
15714789,664,France,Male,24,7,£0.00,1,0,1,"£35,611.35",0,18-30,0,0,No,Yes,Stayed
15786035,740,France,Male,39,9,£0.00,2,1,0,"£19,047.23",0,31-45,0,0,Yes,No,Stayed
15815259,835,France,Female,56,2,£0.00,2,1,1,"£39,820.13",0,46-60,0,0,Yes,Yes,Stayed
15592716,559,France,Male,52,2,£0.00,1,1,0,"£129,013.59",1,46-60,0,0,Yes,No,Churned
15734850,676,Spain,Male,36,1,"£82,729.49",1,1,0,"£113,810.12",0,31-45,0.73,0,Yes,No,Stayed
15638047,613,Germany,Female,45,9,"£142,765.24",2,1,0,"£34,749.65",0,31-45,4.11,0,Yes,No,Stayed
15674573,713,France,Female,25,4,"£121,172.97",1,1,1,"£56,268.98",0,18-30,2.15,0,Yes,Yes,Stayed
15694859,751,Germany,Female,28,10,"£132,932.14",2,1,1,"£46,630.47",0,18-30,2.85,0,Yes,Yes,Stayed
15776404,523,France,Male,22,8,"£123,374.46",1,1,1,"£124,906.59",0,18-30,0.99,0,Yes,Yes,Stayed
15579345,775,Germany,Female,74,0,"£161,371.50",1,1,1,"£134,869.93",0,60+,1.2,0,Yes,Yes,Stayed
15690733,608,Spain,Male,45,4,£0.00,2,0,0,"£36,697.48",1,31-45,0,0,No,No,Churned
15631481,673,France,Male,51,8,"£79,563.36",2,1,1,"£172,200.91",0,46-60,0.46,0,Yes,Yes,Stayed
15620988,616,France,Male,46,2,£0.00,2,1,0,"£137,136.46",0,46-60,0,0,Yes,No,Stayed
15571529,650,Germany,Female,48,7,"£138,232.24",1,1,0,"£57,594.78",0,46-60,2.4,0,Yes,No,Stayed
15592104,655,France,Female,41,5,£0.00,1,0,0,"£36,548.00",1,31-45,0,0,No,No,Churned
15651900,782,Germany,Female,53,1,"£81,571.05",1,1,0,"£182,960.46",1,46-60,0.45,0,Yes,No,Churned
15596212,781,Spain,Male,35,1,£0.00,2,0,0,"£42,117.90",0,31-45,0,0,No,No,Stayed
15710687,593,France,Female,33,0,"£95,927.04",1,1,0,"£199,478.05",0,31-45,0.48,0,Yes,No,Stayed
15613787,505,Spain,Male,35,8,"£116,932.59",1,1,0,"£91,092.84",0,31-45,1.28,0,Yes,No,Stayed
15599211,707,France,Male,40,1,£0.00,2,1,0,"£14,090.40",1,31-45,0,0,Yes,No,Churned
15675983,692,France,Female,36,3,"£79,551.12",1,0,1,"£178,267.07",0,31-45,0.45,0,No,Yes,Stayed
15622370,813,Germany,Male,30,1,"£116,416.94",1,0,1,"£85,808.22",0,18-30,1.36,0,No,Yes,Stayed
15656319,850,Spain,Male,37,4,"£88,141.10",1,1,0,"£109,659.12",0,31-45,0.8,0,Yes,No,Stayed
15605130,753,France,Male,32,6,"£177,729.13",1,1,1,"£161,642.08",0,31-45,1.1,0,Yes,Yes,Stayed
15672574,850,Spain,Female,32,5,£0.00,1,1,1,"£3,830.59",0,31-45,0,0,Yes,Yes,Stayed
15659355,671,Spain,Male,32,6,"£123,912.78",2,1,1,"£146,636.44",0,31-45,0.85,0,Yes,Yes,Stayed
15777907,791,France,Female,33,3,£0.00,1,1,1,"£144,413.92",1,31-45,0,0,Yes,Yes,Churned
15655171,624,France,Male,80,3,£0.00,1,1,1,"£65,801.44",0,60+,0,0,Yes,Yes,Stayed
15619674,649,France,Female,35,4,"£108,306.44",1,1,1,"£192,486.24",0,31-45,0.56,0,Yes,Yes,Stayed
15775192,732,Germany,Female,48,4,"£102,962.62",1,1,0,"£120,852.85",1,46-60,0.85,0,Yes,No,Churned
15617657,664,France,Female,36,0,"£103,502.22",1,1,1,"£146,191.82",0,31-45,0.71,0,Yes,Yes,Stayed
15688951,789,Germany,Male,43,8,"£119,654.44",2,0,1,"£148,412.24",1,31-45,0.81,0,No,Yes,Churned
15763460,680,France,Male,33,10,"£183,768.47",1,1,0,"£164,119.35",0,31-45,1.12,0,Yes,No,Stayed
15756992,701,France,Male,37,1,£0.00,2,1,0,"£163,457.55",0,31-45,0,0,Yes,No,Stayed
15617454,684,France,Female,25,1,£0.00,2,0,1,"£144,978.47",0,18-30,0,0,No,Yes,Stayed
15701932,586,France,Female,52,6,"£140,900.97",1,1,1,"£67,288.89",0,46-60,2.09,0,Yes,Yes,Stayed
15700813,522,Germany,Female,25,5,"£94,049.92",2,1,0,"£103,269.00",0,18-30,0.91,0,Yes,No,Stayed
15645600,739,Spain,Female,27,8,"£98,926.40",1,1,1,"£106,969.98",0,18-30,0.92,0,Yes,Yes,Stayed
15634146,835,Germany,Male,18,2,"£142,872.36",1,1,1,"£117,632.63",0,18-30,1.21,0,Yes,Yes,Stayed
15686743,790,Spain,Male,29,3,"£46,057.96",2,1,1,"£189,777.66",0,18-30,0.24,0,Yes,Yes,Stayed
15698792,671,France,Female,48,6,"£119,769.77",1,0,1,"£66,032.65",0,46-60,1.81,0,No,Yes,Stayed
15591724,560,France,Female,44,5,"£143,244.97",1,1,0,"£98,661.27",0,31-45,1.45,0,Yes,No,Stayed
15571281,651,France,Male,28,10,"£79,562.98",1,1,1,"£74,687.37",0,18-30,1.07,0,Yes,Yes,Stayed
15661380,682,France,Male,69,6,£0.00,2,0,1,"£149,604.18",0,60+,0,0,No,Yes,Stayed
15728885,808,France,Male,41,0,£0.00,1,1,1,"£79,888.78",0,31-45,0,0,Yes,Yes,Stayed
15618950,644,Spain,Male,26,8,"£96,659.64",2,1,1,"£138,775.69",0,18-30,0.7,0,Yes,Yes,Stayed
15609804,688,France,Male,29,1,£0.00,2,1,0,"£154,695.57",0,18-30,0,0,Yes,No,Stayed
15735849,617,France,Female,26,2,"£165,947.99",2,0,1,"£168,834.38",0,18-30,0.98,0,No,Yes,Stayed
15652948,738,France,Male,33,4,"£92,676.30",1,1,0,"£105,817.63",0,31-45,0.88,0,Yes,No,Stayed
15618155,663,France,Male,45,5,"£83,195.12",1,1,1,"£48,682.10",0,31-45,1.71,0,Yes,Yes,Stayed
15566378,515,France,Male,48,5,"£129,387.94",1,0,1,"£147,955.91",1,46-60,0.87,0,No,Yes,Churned
15565879,845,France,Female,28,9,£0.00,2,1,1,"£56,185.98",0,18-30,0,0,Yes,Yes,Stayed
15792922,639,Spain,Male,38,9,"£130,233.14",1,1,1,"£81,861.10",0,31-45,1.59,0,Yes,Yes,Stayed
15770567,557,France,Female,32,3,"£123,502.53",1,1,1,"£69,826.80",0,31-45,1.77,0,Yes,Yes,Stayed
15738042,543,Germany,Male,37,8,"£140,894.06",2,1,1,"£118,059.19",0,31-45,1.19,0,Yes,Yes,Stayed
15714920,585,Germany,Male,44,7,"£163,867.86",1,1,1,"£112,333.22",0,31-45,1.46,0,Yes,Yes,Stayed
15782121,610,France,Female,27,2,£0.00,2,1,0,"£14,546.76",0,18-30,0,0,Yes,No,Stayed
15673180,727,Germany,Female,18,2,"£93,816.70",2,1,0,"£126,172.11",0,18-30,0.74,0,Yes,No,Stayed
15660636,540,Spain,Female,40,8,£0.00,2,1,0,"£3,560.00",0,31-45,0,0,Yes,No,Stayed
15664504,418,France,Male,35,7,£0.00,2,1,1,"£88,878.15",0,31-45,0,0,Yes,Yes,Stayed
15790322,660,France,Female,32,0,"£114,668.89",1,1,0,"£84,605.00",0,31-45,1.36,0,Yes,No,Stayed
15739847,850,Germany,Male,38,5,"£146,756.68",1,1,0,"£78,268.61",0,31-45,1.88,0,Yes,No,Stayed
15699415,618,France,Female,46,6,"£150,213.71",1,1,0,"£120,668.46",1,46-60,1.24,0,Yes,No,Churned
15665521,642,Germany,Male,18,5,"£111,183.53",2,0,1,"£10,063.75",0,18-30,11.05,0,No,Yes,Stayed
15682868,850,France,Female,40,9,"£99,816.46",1,1,1,"£163,989.66",1,31-45,0.61,0,Yes,Yes,Churned
15584462,739,France,Male,34,9,£0.00,1,1,0,"£60,584.33",0,31-45,0,0,Yes,No,Stayed
15661708,508,France,Female,41,5,£0.00,2,1,1,"£94,170.84",0,31-45,0,0,Yes,Yes,Stayed
15584452,667,France,Male,41,6,£0.00,2,0,0,"£167,181.77",0,31-45,0,0,No,No,Stayed
15717010,741,France,Female,60,5,£0.00,1,1,1,"£38,914.51",0,46-60,0,0,Yes,Yes,Stayed
15643828,592,France,Male,29,7,£0.00,2,1,1,"£91,196.67",0,18-30,0,0,Yes,Yes,Stayed
15733361,651,Germany,Female,45,6,"£86,714.06",1,1,0,"£85,869.89",1,31-45,1.01,0,Yes,No,Churned
15795488,773,Spain,Male,52,2,£0.00,2,1,0,"£57,337.79",0,46-60,0,0,Yes,No,Stayed
15581551,850,Spain,Male,41,8,"£132,838.07",1,1,1,"£175,347.28",0,31-45,0.76,0,Yes,Yes,Stayed
15632051,550,Germany,Female,42,10,"£128,707.31",1,1,0,"£63,092.65",1,31-45,2.04,0,Yes,No,Churned
15780409,783,France,Male,40,6,£0.00,2,1,0,"£109,742.55",0,31-45,0,0,Yes,No,Stayed
15572767,777,France,Male,29,2,£0.00,2,1,0,"£124,489.88",0,18-30,0,0,Yes,No,Stayed
15590337,659,France,Male,29,6,"£123,192.12",1,1,1,"£56,971.41",1,18-30,2.16,0,Yes,Yes,Churned
15634551,727,Germany,Male,46,3,"£115,248.11",4,1,0,"£130,752.01",1,46-60,0.88,1,Yes,No,Churned
15669290,603,France,Male,38,8,"£59,360.77",1,1,1,"£191,457.06",0,31-45,0.31,0,Yes,Yes,Stayed
15621140,644,Spain,Male,37,9,£0.00,2,1,1,"£96,442.86",0,31-45,0,0,Yes,Yes,Stayed
15613518,647,France,Female,35,6,"£112,668.70",1,0,1,"£122,584.29",0,31-45,0.92,0,No,Yes,Stayed
15728043,648,Germany,Female,37,7,"£138,503.51",2,1,0,"£57,215.85",0,31-45,2.42,0,Yes,No,Stayed
15570073,721,Spain,Male,57,1,£0.00,1,1,1,"£195,940.96",0,46-60,0,0,Yes,Yes,Stayed
15777033,524,France,Male,29,7,£0.00,2,1,1,"£105,448.74",0,18-30,0,0,Yes,Yes,Stayed
15682454,626,France,Female,34,3,£0.00,2,1,1,"£37,870.29",0,31-45,0,0,Yes,Yes,Stayed
15758513,569,France,Male,43,7,£0.00,2,1,0,"£52,534.81",0,31-45,0,0,Yes,No,Stayed
15772604,578,Spain,Male,36,1,"£157,267.95",2,1,0,"£141,533.19",0,31-45,1.11,0,Yes,No,Stayed
15721715,769,France,Female,40,9,"£133,871.05",1,1,1,"£50,568.02",0,31-45,2.65,0,Yes,Yes,Stayed
15688563,694,Germany,Male,31,4,"£141,989.27",2,1,0,"£26,116.82",0,31-45,5.44,0,Yes,No,Stayed
15772009,664,France,Female,41,5,£0.00,1,1,1,"£152,054.33",0,31-45,0,0,Yes,Yes,Stayed
15809585,646,France,Male,38,7,£0.00,2,1,0,"£1,528.40",0,31-45,0,0,Yes,No,Stayed
15593778,779,France,Female,29,3,"£46,388.16",3,1,0,"£127,939.26",1,18-30,0.36,1,Yes,No,Churned
15655360,782,Germany,Female,72,5,"£148,666.99",1,1,0,"£2,605.65",1,60+,57.06,0,Yes,No,Churned
15780909,769,Germany,Male,34,7,"£115,101.50",1,0,0,"£57,841.89",1,31-45,1.99,0,No,No,Churned
15757310,655,Germany,Male,67,6,"£148,363.38",1,1,1,"£186,995.17",0,60+,0.79,0,Yes,Yes,Stayed
15801411,623,Spain,Male,46,4,£0.00,1,1,0,"£5,549.11",1,46-60,0,0,Yes,No,Churned
15761706,705,Spain,Female,39,8,"£144,102.32",1,1,1,"£11,682.36",0,31-45,12.34,0,Yes,Yes,Stayed
15658409,686,France,Male,41,5,"£128,876.71",3,1,1,"£106,939.34",1,31-45,1.21,1,Yes,Yes,Churned
15810010,678,Germany,Male,36,6,"£118,448.15",2,1,0,"£53,172.02",0,31-45,2.23,0,Yes,No,Stayed
15627027,738,France,Male,39,5,£0.00,2,1,1,"£114,388.98",0,31-45,0,0,Yes,Yes,Stayed
15624374,703,France,Male,28,9,£0.00,2,0,1,"£2,151.17",0,18-30,0,0,No,Yes,Stayed
15720083,554,Spain,Male,42,1,£0.00,2,0,1,"£183,492.90",0,31-45,0,0,No,Yes,Stayed
15752294,582,France,Female,38,9,"£135,979.01",4,1,1,"£76,582.95",1,31-45,1.78,1,Yes,Yes,Churned
15743193,644,France,Male,37,6,"£117,271.80",2,1,0,"£104,217.96",1,31-45,1.13,0,Yes,No,Churned
15696733,724,France,Male,29,4,£0.00,1,1,0,"£8,982.75",0,18-30,0,0,Yes,No,Stayed
15677522,593,France,Male,33,1,£0.00,2,0,0,"£9,984.40",0,31-45,0,0,No,No,Stayed
15643523,710,Spain,Female,30,10,£0.00,2,1,0,"£19,500.10",0,18-30,0,0,Yes,No,Stayed
15624936,631,France,Male,35,8,"£129,205.49",1,1,1,"£79,146.36",0,31-45,1.63,0,Yes,Yes,Stayed
15716085,739,Spain,Female,41,8,£0.00,1,1,0,"£191,694.77",1,31-45,0,0,Yes,No,Churned
15641688,644,Spain,Male,18,7,£0.00,1,0,1,"£59,645.24",1,18-30,0,0,No,Yes,Churned
15796834,652,Germany,Male,35,7,"£104,015.54",2,1,1,"£55,207.88",0,31-45,1.88,0,Yes,Yes,Stayed
15720123,554,Spain,Male,37,3,£0.00,2,1,0,"£166,177.30",0,31-45,0,0,Yes,No,Stayed
15604732,483,France,Female,30,9,£0.00,2,0,0,"£136,356.97",0,18-30,0,0,No,No,Stayed
15723484,669,Germany,Female,42,1,"£103,873.39",1,1,0,"£148,611.52",0,31-45,0.7,0,Yes,No,Stayed
15807120,841,Germany,Female,52,3,"£112,383.03",1,1,0,"£85,516.37",1,46-60,1.31,0,Yes,No,Churned
15810891,662,France,Male,34,2,"£117,731.79",2,0,1,"£55,120.79",0,31-45,2.14,0,No,Yes,Stayed
15640407,821,Germany,Male,45,0,"£135,827.33",2,1,1,"£131,778.58",0,31-45,1.03,0,Yes,Yes,Stayed
15778838,783,France,Male,38,9,"£114,135.17",1,1,0,"£153,269.98",0,31-45,0.74,0,Yes,No,Stayed
15709256,850,France,Female,28,9,£0.00,2,1,1,"£164,864.67",0,18-30,0,0,Yes,Yes,Stayed
15742285,559,France,Male,62,6,"£118,756.62",1,1,1,"£20,367.68",0,60+,5.83,0,Yes,Yes,Stayed
15729019,602,Spain,Male,34,8,"£98,382.72",1,1,0,"£39,542.00",0,31-45,2.49,0,Yes,No,Stayed
15608588,563,Germany,Male,41,2,"£100,520.92",1,1,1,"£19,412.80",1,31-45,5.18,0,Yes,Yes,Churned
15610557,695,Spain,Female,35,7,"£79,858.13",2,1,1,"£127,977.66",0,31-45,0.62,0,Yes,Yes,Stayed
15786418,546,France,Female,20,6,£0.00,1,0,1,"£20,508.85",0,18-30,0,0,No,Yes,Stayed
15653050,719,Germany,Female,76,10,"£95,052.29",1,1,0,"£176,244.87",0,60+,0.54,0,Yes,No,Stayed
15744914,539,Germany,Male,42,1,"£177,728.55",1,1,0,"£105,013.63",0,31-45,1.69,0,Yes,No,Stayed
15669611,632,France,Male,71,3,"£83,116.68",1,1,1,"£27,597.76",0,60+,3.01,0,Yes,Yes,Stayed
15594786,772,Germany,Male,34,7,"£111,565.91",1,1,1,"£121,073.23",0,31-45,0.92,0,Yes,Yes,Stayed
15649211,708,Spain,Male,40,8,"£83,015.71",1,1,0,"£101,089.76",0,31-45,0.82,0,Yes,No,Stayed
15766066,668,Germany,Female,28,1,"£124,511.01",1,0,0,"£114,258.18",0,18-30,1.09,0,No,No,Stayed
15772216,738,France,Female,67,1,"£130,652.52",1,0,1,"£22,762.23",0,60+,5.74,0,No,Yes,Stayed
15619898,785,France,Male,55,5,£0.00,2,1,1,"£7,008.65",0,46-60,0,0,Yes,Yes,Stayed
15724543,597,France,Male,61,5,£0.00,2,1,1,"£81,299.17",0,60+,0,0,Yes,Yes,Stayed
15755084,531,France,Male,37,7,"£121,854.45",1,1,0,"£147,521.35",0,31-45,0.83,0,Yes,No,Stayed
15730441,509,France,Male,26,10,£0.00,2,1,1,"£6,177.83",0,18-30,0,0,Yes,Yes,Stayed
15666767,508,France,Male,35,1,"£86,893.28",1,0,0,"£59,374.82",0,31-45,1.46,0,No,No,Stayed
15690456,749,Germany,Female,32,7,"£79,523.13",1,0,1,"£157,648.12",0,31-45,0.5,0,No,Yes,Stayed
15570533,621,Germany,Female,55,7,"£131,033.76",1,0,1,"£75,685.59",1,46-60,1.73,0,No,Yes,Churned
15797692,659,France,Female,33,7,"£89,939.62",1,1,0,"£136,540.09",0,31-45,0.66,0,Yes,No,Stayed
15603135,634,Germany,Female,59,3,"£95,727.05",1,0,0,"£97,939.40",1,46-60,0.98,0,No,No,Churned
15698927,675,France,Male,39,7,£0.00,2,0,1,"£36,267.21",0,31-45,0,0,No,Yes,Stayed
15687363,770,France,Male,31,3,"£155,047.56",2,1,1,"£186,064.34",0,31-45,0.83,0,Yes,Yes,Stayed
15733444,736,France,Female,29,9,£0.00,2,0,0,"£176,152.70",0,18-30,0,0,No,No,Stayed
15678057,524,France,Male,44,10,"£118,569.03",2,0,0,"£82,117.20",0,31-45,1.44,0,No,No,Stayed
15806918,674,France,Male,28,5,£0.00,1,1,1,"£151,925.25",0,18-30,0,0,Yes,Yes,Stayed
15638247,700,Spain,Male,44,9,£0.00,2,1,0,"£142,287.65",0,31-45,0,0,Yes,No,Stayed
15674833,741,France,Female,35,1,£0.00,2,1,0,"£36,557.55",0,31-45,0,0,Yes,No,Stayed
15812534,455,France,Male,40,1,£0.00,3,0,1,"£129,975.34",0,31-45,0,1,No,Yes,Stayed
15586522,608,Spain,Male,37,2,"£130,461.02",1,1,0,"£21,967.15",0,31-45,5.94,0,Yes,No,Stayed
15794297,776,France,Male,36,1,£0.00,2,1,0,"£53,477.76",0,31-45,0,0,Yes,No,Stayed
15737025,635,France,Male,33,1,£0.00,3,0,0,"£178,067.33",1,31-45,0,1,No,No,Churned
15615931,746,France,Female,37,4,£0.00,2,0,1,"£171,039.56",0,31-45,0,0,No,Yes,Stayed
15664860,692,Spain,Female,47,3,£0.00,2,1,0,"£150,802.41",1,46-60,0,0,Yes,No,Churned
15664539,683,Spain,Male,35,9,"£61,172.04",1,0,0,"£82,951.12",0,31-45,0.74,0,No,No,Stayed
15583692,591,Germany,Female,35,2,"£90,194.34",2,1,0,"£57,064.57",0,31-45,1.58,0,Yes,No,Stayed
15693131,581,France,Female,24,3,"£95,508.20",1,1,1,"£45,755.00",0,18-30,2.09,0,Yes,Yes,Stayed
15779973,684,Germany,Male,35,3,"£99,967.76",1,1,1,"£176,882.08",0,31-45,0.57,0,Yes,Yes,Stayed
15620557,561,Spain,Male,37,4,"£101,470.29",1,0,1,"£88,838.14",0,31-45,1.14,0,No,Yes,Stayed
15639549,718,Germany,Female,33,4,"£70,541.06",1,0,0,"£88,592.80",0,31-45,0.8,0,No,No,Stayed
15618750,590,France,Male,31,8,"£112,211.61",1,1,0,"£26,261.42",0,31-45,4.27,0,Yes,No,Stayed
15796790,573,France,Female,47,8,"£154,543.98",1,1,0,"£29,586.73",0,46-60,5.22,0,Yes,No,Stayed
15668309,350,France,Female,40,0,"£111,098.85",1,1,1,"£172,321.21",1,31-45,0.64,0,Yes,Yes,Churned
15732437,504,Germany,Female,44,0,"£131,873.07",2,1,1,"£158,036.72",1,31-45,0.83,0,Yes,Yes,Churned
15665158,813,Spain,Male,27,1,"£137,275.36",1,0,1,"£115,733.16",0,18-30,1.19,0,No,Yes,Stayed
15689322,641,Spain,Male,31,3,"£153,316.14",1,1,0,"£59,927.99",0,31-45,2.56,0,Yes,No,Stayed
15596624,662,France,Female,22,9,£0.00,2,1,1,"£44,377.65",0,18-30,0,0,Yes,Yes,Stayed
15601977,497,Spain,Male,44,2,"£121,250.04",1,0,1,"£79,691.40",0,31-45,1.52,0,No,Yes,Stayed
15801462,716,France,Male,31,8,"£109,578.04",2,1,1,"£51,503.51",0,31-45,2.13,0,Yes,Yes,Stayed
15566139,526,France,Female,37,5,"£53,573.18",1,1,0,"£62,830.97",0,31-45,0.85,0,Yes,No,Stayed
15791006,760,Germany,Female,34,6,"£58,003.41",1,1,0,"£90,346.10",0,31-45,0.64,0,Yes,No,Stayed
15668057,669,France,Female,31,6,"£113,000.66",1,1,0,"£40,467.82",0,31-45,2.79,0,Yes,No,Stayed
15580805,655,France,Male,27,10,£0.00,2,1,0,"£51,620.94",0,18-30,0,0,Yes,No,Stayed
15658768,547,France,Female,49,2,£0.00,1,0,0,"£65,466.93",1,46-60,0,0,No,No,Churned
15613048,648,Germany,Female,40,5,"£139,973.65",1,1,1,£667.66,1,31-45,209.65,0,Yes,Yes,Churned
15803654,790,France,Female,31,2,"£151,290.16",1,1,1,"£172,437.12",0,31-45,0.88,0,Yes,Yes,Stayed
15662337,744,Germany,Female,50,1,"£121,498.11",2,0,1,"£106,061.47",1,46-60,1.15,0,No,Yes,Churned
15650924,761,Spain,Female,32,4,"£103,515.39",2,1,1,"£177,622.38",0,31-45,0.58,0,Yes,Yes,Stayed
15647203,750,France,Female,35,3,£0.00,1,1,0,"£191,520.50",0,31-45,0,0,Yes,No,Stayed
15682778,680,France,Male,34,9,£0.00,2,1,1,"£95,686.60",0,31-45,0,0,Yes,Yes,Stayed
15579820,704,Spain,Male,38,6,"£106,687.76",1,1,0,"£173,776.50",0,31-45,0.61,0,Yes,No,Stayed
15709354,521,France,Female,41,2,£0.00,2,1,1,"£113,089.43",0,31-45,0,0,Yes,Yes,Stayed
15728480,452,France,Female,35,8,£0.00,2,1,1,"£149,614.81",0,31-45,0,0,Yes,Yes,Stayed
15641091,695,France,Female,31,5,"£106,089.20",1,0,0,"£99,537.68",0,31-45,1.07,0,No,No,Stayed
15603111,850,Spain,Male,71,10,"£69,608.14",1,1,0,"£97,893.40",1,60+,0.71,0,Yes,No,Churned
15679693,625,France,Male,31,5,£0.00,2,0,1,£90.07,0,31-45,0,0,No,Yes,Stayed
15797190,608,Germany,Female,40,7,"£96,202.32",1,0,0,"£161,154.85",0,31-45,0.6,0,No,No,Stayed
15788025,715,France,Female,38,0,£0.00,2,1,1,£332.81,0,31-45,0,0,Yes,Yes,Stayed
15646168,834,Spain,Male,33,5,£0.00,2,1,0,"£66,285.18",0,31-45,0,0,Yes,No,Stayed
15580493,469,France,Male,33,1,"£127,818.52",1,1,0,"£163,477.22",0,31-45,0.78,0,Yes,No,Stayed
15726720,480,France,Female,40,7,£0.00,1,1,0,"£170,332.67",1,31-45,0,0,Yes,No,Churned
15735799,527,Germany,Male,58,3,"£137,318.42",1,1,1,"£126,144.96",0,46-60,1.09,0,Yes,Yes,Stayed
15773098,834,Spain,Male,34,5,£0.00,2,0,0,"£53,437.10",0,31-45,0,0,No,No,Stayed
15668971,583,France,Female,40,4,"£55,776.39",2,1,0,"£26,920.43",0,31-45,2.07,0,Yes,No,Stayed
15603221,696,Germany,Male,32,4,"£84,421.62",1,0,1,"£52,314.71",0,31-45,1.61,0,No,Yes,Stayed
15740043,606,France,Male,32,5,"£83,161.65",1,1,1,"£116,885.59",0,31-45,0.71,0,Yes,Yes,Stayed
15712264,713,France,Female,39,10,£0.00,2,1,1,"£126,263.97",0,31-45,0,0,Yes,Yes,Stayed
15751926,821,Germany,Male,42,3,"£87,807.29",2,1,1,"£64,613.81",0,31-45,1.36,0,Yes,Yes,Stayed
15589401,550,France,Female,30,4,£0.00,2,1,0,"£89,216.29",0,18-30,0,0,Yes,No,Stayed
15742019,675,France,Female,39,6,£0.00,2,0,0,"£83,419.15",0,31-45,0,0,No,No,Stayed
15660611,748,Spain,Male,39,3,£0.00,2,1,1,"£123,998.52",0,31-45,0,0,Yes,Yes,Stayed
15607634,606,Germany,Male,40,9,"£95,293.86",2,0,1,"£96,985.58",0,31-45,0.98,0,No,Yes,Stayed
15595036,726,Germany,Male,30,7,"£92,847.59",1,1,0,"£146,154.06",0,18-30,0.64,0,Yes,No,Stayed
15745794,547,France,Male,30,6,£0.00,2,1,1,"£18,471.86",0,18-30,0,0,Yes,Yes,Stayed
15781689,758,Spain,Male,35,5,£0.00,2,1,0,"£95,009.60",0,31-45,0,0,Yes,No,Stayed
15696054,596,France,Male,37,2,£0.00,1,0,1,"£121,175.86",0,31-45,0,0,No,Yes,Stayed
15752467,720,Spain,Male,34,3,£0.00,2,1,1,"£77,047.78",0,31-45,0,0,Yes,Yes,Stayed
15597739,674,France,Male,37,3,£0.00,1,1,0,"£158,049.90",0,31-45,0,0,Yes,No,Stayed
15651336,756,France,Female,32,4,£0.00,2,1,0,"£147,040.25",0,31-45,0,0,Yes,No,Stayed
15636061,649,Germany,Male,78,4,"£68,345.86",2,1,1,"£142,566.75",0,60+,0.48,0,Yes,Yes,Stayed
15723013,613,Germany,Male,28,7,"£76,656.40",2,1,1,"£185,483.24",0,18-30,0.41,0,Yes,Yes,Stayed
15784148,643,France,Male,62,9,£0.00,2,0,0,"£155,870.82",0,60+,0,0,No,No,Stayed
15578098,600,France,Male,31,8,£0.00,2,1,1,"£121,555.51",0,31-45,0,0,Yes,Yes,Stayed
15638621,735,Spain,Male,39,1,"£60,374.98",1,1,0,"£40,223.74",0,31-45,1.5,0,Yes,No,Stayed
15720924,585,France,Female,34,1,£0.00,1,1,1,"£75,503.60",0,31-45,0,0,Yes,Yes,Stayed
15566531,724,Germany,Male,33,4,"£88,046.88",1,0,1,"£186,942.49",1,31-45,0.47,0,No,Yes,Churned
15718064,635,Spain,Male,29,2,£0.00,2,0,0,"£117,173.80",0,18-30,0,0,No,No,Stayed
15605067,472,France,Male,19,9,£0.00,2,1,0,"£3,453.40",0,18-30,0,0,Yes,No,Stayed
15655335,590,France,Male,36,1,£0.00,2,1,0,"£48,876.84",0,31-45,0,0,Yes,No,Stayed
15607301,651,Spain,Female,63,8,"£129,968.67",1,1,1,"£11,830.53",0,60+,10.99,0,Yes,Yes,Stayed
15694628,686,Germany,Female,39,4,"£157,731.60",2,1,0,"£162,820.60",0,31-45,0.97,0,Yes,No,Stayed
15607112,606,France,Male,32,6,£0.00,2,0,1,"£36,540.63",0,31-45,0,0,No,Yes,Stayed
15635775,781,France,Male,33,3,"£89,276.48",1,1,0,"£6,959.00",0,31-45,12.83,0,Yes,No,Stayed
15644280,593,France,Male,45,4,"£138,825.19",1,0,0,"£10,828.78",0,31-45,12.82,0,No,No,Stayed
15708362,793,France,Male,63,4,"£103,729.79",2,1,1,"£80,272.06",0,60+,1.29,0,Yes,Yes,Stayed
15771997,791,France,Female,31,10,"£75,499.24",1,1,0,"£22,184.14",0,31-45,3.4,0,Yes,No,Stayed
15730579,850,France,Male,68,5,"£169,445.40",1,1,1,"£186,335.07",0,60+,0.91,0,Yes,Yes,Stayed
15728005,698,France,Female,57,9,"£111,359.55",2,1,0,"£105,715.01",0,46-60,1.05,0,Yes,No,Stayed
15791674,846,France,Female,34,10,"£142,388.61",2,0,1,"£68,393.64",1,31-45,2.08,0,No,Yes,Churned
15754599,765,France,Male,42,4,"£123,311.39",2,1,1,"£82,868.34",0,31-45,1.49,0,Yes,Yes,Stayed
15693690,574,Spain,Male,52,7,"£115,532.52",1,1,0,"£196,257.67",0,46-60,0.59,0,Yes,No,Stayed
15728963,617,Germany,Female,51,10,"£167,273.71",1,0,0,"£93,439.75",1,46-60,1.79,0,No,No,Churned
15659710,581,France,Male,25,5,"£77,886.53",2,1,0,"£150,319.49",0,18-30,0.52,0,Yes,No,Stayed
15658675,710,Germany,Male,37,6,"£135,795.63",1,0,1,"£46,523.60",0,31-45,2.92,0,No,Yes,Stayed
15638788,550,France,Male,32,8,"£97,514.07",1,1,1,"£199,138.84",0,31-45,0.49,0,Yes,Yes,Stayed
15609735,533,Germany,Male,51,6,"£127,545.56",2,0,0,"£79,559.02",1,46-60,1.6,0,No,No,Churned
15771477,779,France,Male,49,9,"£106,160.37",1,0,0,"£116,893.87",0,46-60,0.91,0,No,No,Stayed
15570145,763,France,Female,23,2,£0.00,2,1,0,"£153,983.99",0,18-30,0,0,Yes,No,Stayed
15797149,563,Spain,Female,36,4,"£143,680.47",2,1,1,"£63,531.19",0,31-45,2.26,0,Yes,Yes,Stayed
15636912,678,Spain,Male,38,3,"£124,483.53",1,1,0,"£126,253.31",0,31-45,0.99,0,Yes,No,Stayed
15687828,644,Spain,Female,31,5,"£86,006.30",1,1,1,"£73,922.95",0,31-45,1.16,0,Yes,Yes,Stayed
15667424,682,Germany,Female,43,7,"£111,094.05",2,1,1,"£64,679.30",0,31-45,1.72,0,Yes,Yes,Stayed
15759872,625,France,Male,22,9,£0.00,2,1,0,"£157,072.91",0,18-30,0,0,Yes,No,Stayed
15572374,733,Spain,Male,36,1,£0.00,2,0,1,"£108,377.82",0,31-45,0,0,No,Yes,Stayed
15754926,512,France,Female,30,6,£0.00,2,1,0,"£88,827.31",0,18-30,0,0,Yes,No,Stayed
15687431,642,France,Female,41,7,"£115,171.71",1,1,1,"£37,674.47",0,31-45,3.06,0,Yes,Yes,Stayed
15604515,737,Germany,Female,22,10,"£111,543.26",2,0,0,"£106,327.85",0,18-30,1.05,0,No,No,Stayed
15682839,575,France,Female,57,8,"£137,936.94",1,1,1,"£84,475.13",0,46-60,1.63,0,Yes,Yes,Stayed
15624677,543,Germany,Female,37,3,"£122,304.65",2,0,0,"£33,998.70",0,31-45,3.6,0,No,No,Stayed
15646366,521,Germany,Male,41,8,"£120,586.54",1,0,1,"£20,491.15",0,31-45,5.88,0,No,Yes,Stayed
15701768,637,France,Male,32,3,£0.00,2,1,1,"£197,827.06",0,31-45,0,0,Yes,Yes,Stayed
15623566,714,France,Male,40,9,"£46,520.69",1,1,1,"£96,687.25",0,31-45,0.48,0,Yes,Yes,Stayed
15681274,726,Spain,Female,56,2,"£105,473.74",1,1,1,"£46,044.70",0,46-60,2.29,0,Yes,Yes,Stayed
15762573,680,Spain,Female,34,7,£0.00,2,1,0,"£98,949.85",0,31-45,0,0,Yes,No,Stayed
15706458,812,Germany,Male,39,5,"£115,730.71",3,1,1,"£185,599.34",1,31-45,0.62,1,Yes,Yes,Churned
15654222,757,Spain,Male,30,3,"£145,396.49",1,0,1,"£198,341.15",0,18-30,0.73,0,No,Yes,Stayed
15704053,710,Spain,Male,62,3,"£131,078.42",2,1,0,"£119,348.76",1,60+,1.1,0,Yes,No,Churned
15724321,516,Germany,Female,47,9,"£128,298.74",1,0,0,"£149,614.17",1,46-60,0.86,0,No,No,Churned
15621815,803,France,Female,40,6,"£165,526.71",1,1,0,"£12,328.08",0,31-45,13.43,0,Yes,No,Stayed
15724876,560,France,Female,38,5,"£83,714.41",1,1,1,"£33,245.97",0,31-45,2.52,0,Yes,Yes,Stayed
15696588,679,France,Female,36,3,£0.00,2,1,1,"£2,243.41",0,31-45,0,0,Yes,Yes,Stayed
15612832,526,France,Male,32,7,"£125,540.05",1,0,0,"£86,786.41",0,31-45,1.45,0,No,No,Stayed
15804295,485,France,Male,41,2,"£100,254.76",2,1,1,"£12,706.67",0,31-45,7.89,0,Yes,Yes,Stayed
15712536,625,France,Female,36,3,£0.00,2,1,0,"£41,295.10",1,31-45,0,0,Yes,No,Churned
15662494,773,Spain,Male,43,7,"£138,150.57",1,1,1,"£177,357.16",0,31-45,0.78,0,Yes,Yes,Stayed
15807728,530,France,Female,45,1,£0.00,1,0,1,"£190,663.89",1,31-45,0,0,No,Yes,Churned
15764916,616,Germany,Female,43,7,"£95,984.21",1,0,1,"£115,262.54",1,31-45,0.83,0,No,Yes,Churned
15615330,651,France,Male,23,10,£0.00,2,1,1,"£170,099.23",0,18-30,0,0,Yes,Yes,Stayed
15638487,586,Germany,Male,38,2,"£136,858.42",1,0,1,"£189,143.94",0,31-45,0.72,0,No,Yes,Stayed
15627859,607,Germany,Male,29,7,"£102,609.00",1,1,0,"£163,257.44",0,18-30,0.63,0,Yes,No,Stayed
15622192,724,Spain,Male,39,3,£0.00,2,0,1,"£95,562.81",0,31-45,0,0,No,Yes,Stayed
15789413,733,France,Male,64,3,£0.00,2,1,1,"£75,272.63",0,60+,0,0,Yes,Yes,Stayed
15583221,667,Germany,Male,70,3,"£77,356.92",2,1,1,"£20,881.96",0,60+,3.7,0,Yes,Yes,Stayed
15768495,700,France,Female,32,8,"£110,923.15",2,1,1,"£161,845.81",1,31-45,0.69,0,Yes,Yes,Churned
15644103,659,Spain,Male,78,2,"£151,675.65",1,0,1,"£49,978.67",0,60+,3.03,0,No,Yes,Stayed
15741197,710,Spain,Male,22,8,£0.00,3,1,0,"£107,292.91",0,18-30,0,1,Yes,No,Stayed
15664547,760,France,Male,37,7,£0.00,1,0,0,"£32,863.24",1,31-45,0,0,No,No,Churned
15797293,677,France,Female,25,3,£0.00,2,1,0,"£179,608.96",0,18-30,0,0,Yes,No,Stayed
15572021,798,Germany,Female,29,8,"£80,204.11",2,1,0,"£70,223.22",0,18-30,1.14,0,Yes,No,Stayed
15637461,758,France,Male,35,7,£0.00,2,1,0,"£77,951.84",0,31-45,0,0,Yes,No,Stayed
15620577,715,France,Male,45,4,£0.00,2,1,1,"£55,043.93",0,31-45,0,0,Yes,Yes,Stayed
15609643,752,Germany,Male,32,9,"£115,587.49",2,0,1,"£101,677.46",0,31-45,1.14,0,No,Yes,Stayed
15785358,586,Germany,Male,46,8,"£106,968.96",1,1,1,"£79,366.98",1,46-60,1.35,0,Yes,Yes,Churned
15603883,818,France,Male,36,4,£0.00,2,1,1,"£8,037.03",0,31-45,0,0,Yes,Yes,Stayed
15782550,490,Germany,Female,41,0,"£139,659.04",1,1,1,"£176,254.12",0,31-45,0.79,0,Yes,Yes,Stayed
15775761,610,Germany,Female,69,5,"£86,038.21",3,0,0,"£192,743.06",1,60+,0.45,1,No,No,Churned
15680201,627,Germany,Male,24,5,"£102,773.20",2,1,0,"£56,793.02",1,18-30,1.81,0,Yes,No,Churned
15767594,533,France,Female,35,8,£0.00,2,1,1,"£187,900.12",0,31-45,0,0,Yes,Yes,Stayed
15591985,708,France,Female,51,8,"£70,754.18",1,1,1,"£92,920.04",1,46-60,0.76,0,Yes,Yes,Churned
15789339,681,France,Male,59,4,"£122,781.51",1,0,1,"£140,166.95",0,46-60,0.88,0,No,Yes,Stayed
15781530,690,France,Male,21,8,£0.00,2,1,1,"£155,782.89",0,18-30,0,0,Yes,Yes,Stayed
15705174,656,Germany,Male,68,7,"£153,545.11",1,1,1,"£186,574.68",0,60+,0.82,0,Yes,Yes,Stayed
15572114,673,Spain,Male,40,1,"£121,629.22",1,1,1,"£3,258.60",0,31-45,37.33,0,Yes,Yes,Stayed
15804009,806,Germany,Male,36,8,"£167,983.17",2,1,1,"£106,714.28",0,31-45,1.57,0,Yes,Yes,Stayed
15662698,648,Spain,Female,43,7,"£81,153.82",1,1,1,"£144,532.85",1,31-45,0.56,0,Yes,Yes,Churned
15696047,501,France,Male,35,6,"£99,760.84",1,1,1,"£13,591.52",0,31-45,7.34,0,Yes,Yes,Stayed
15701160,556,Germany,Female,43,4,"£125,890.72",1,1,1,"£74,854.97",0,31-45,1.68,0,Yes,Yes,Stayed
15790093,627,France,Female,27,2,£0.00,2,1,0,"£125,451.01",0,18-30,0,0,Yes,No,Stayed
15632143,652,France,Male,31,2,"£119,148.55",1,0,0,"£149,740.22",0,31-45,0.8,0,No,No,Stayed
15736778,807,Germany,Female,60,1,"£72,948.58",2,1,1,"£17,355.36",0,46-60,4.2,0,Yes,Yes,Stayed
15734917,708,Germany,Male,21,8,"£133,974.36",2,1,0,"£50,294.09",0,18-30,2.66,0,Yes,No,Stayed
15643903,619,France,Male,27,1,"£154,483.98",1,1,0,"£156,394.74",0,18-30,0.99,0,Yes,No,Stayed
15569526,601,France,Male,40,10,"£98,627.13",2,0,0,"£77,977.69",0,31-45,1.26,0,No,No,Stayed
15777067,445,France,Male,64,2,"£136,770.67",1,0,1,"£43,678.06",0,60+,3.13,0,No,Yes,Stayed
15795511,800,Germany,Male,39,4,"£95,252.72",1,1,0,"£13,906.34",0,31-45,6.85,0,Yes,No,Stayed
15610419,554,France,Male,33,3,"£117,413.95",1,1,1,"£12,766.74",0,31-45,9.2,0,Yes,Yes,Stayed
15644994,714,Germany,Male,54,4,"£137,986.58",2,0,1,"£51,308.54",1,46-60,2.69,0,No,Yes,Churned
15703707,656,France,Male,44,10,"£143,571.52",1,0,0,"£127,444.14",0,31-45,1.13,0,No,No,Stayed
15659327,520,France,Male,49,5,"£121,197.64",1,1,0,"£72,577.33",1,46-60,1.67,0,Yes,No,Churned
15771323,480,Spain,Male,39,5,"£121,626.90",1,1,1,"£82,438.13",0,31-45,1.48,0,Yes,Yes,Stayed
15750549,660,Germany,Male,30,1,"£84,440.10",2,1,1,"£60,485.98",0,18-30,1.4,0,Yes,Yes,Stayed
15698462,532,France,Male,36,4,£0.00,2,1,1,"£132,798.78",0,31-45,0,0,Yes,Yes,Stayed
15739692,679,France,Male,42,1,£0.00,2,0,0,"£71,823.15",0,31-45,0,0,No,No,Stayed
15744041,780,France,Female,26,3,"£140,356.70",1,1,0,"£117,144.15",0,18-30,1.2,0,Yes,No,Stayed
15700714,747,France,Male,29,7,£0.00,2,1,1,"£141,706.43",0,18-30,0,0,Yes,Yes,Stayed
15777743,705,France,Female,39,3,"£92,224.56",1,1,1,"£54,517.25",0,31-45,1.69,0,Yes,Yes,Stayed
15623143,732,France,Female,43,9,£0.00,2,1,0,"£183,147.17",0,31-45,0,0,Yes,No,Stayed
15712568,515,Spain,Male,40,10,"£121,355.99",1,1,0,"£138,360.29",0,31-45,0.88,0,Yes,No,Stayed
15617432,816,Germany,Female,40,9,"£109,003.26",1,1,1,"£79,580.56",0,31-45,1.37,0,Yes,Yes,Stayed
15650424,641,France,Female,48,3,"£147,341.43",1,1,1,"£157,458.61",1,46-60,0.94,0,Yes,Yes,Churned
15728829,509,France,Male,18,7,"£102,983.91",1,1,0,"£171,770.58",0,18-30,0.6,0,Yes,No,Stayed
15680430,601,Germany,Female,49,4,"£96,252.98",2,1,0,"£104,263.82",0,46-60,0.92,0,Yes,No,Stayed
15687626,527,France,Male,39,4,£0.00,2,1,0,"£167,183.07",1,31-45,0,0,Yes,No,Churned
15609187,455,France,Female,27,5,"£155,879.09",2,0,0,"£70,774.97",0,18-30,2.2,0,No,No,Stayed
15609521,803,Germany,Male,34,4,"£142,929.16",2,1,1,"£114,869.56",0,31-45,1.24,0,Yes,Yes,Stayed
15752626,553,France,Male,32,7,"£64,082.09",1,0,1,"£109,159.58",0,31-45,0.59,0,No,Yes,Stayed
15571756,724,France,Female,28,5,£0.00,1,1,0,"£59,351.68",0,18-30,0,0,Yes,No,Stayed
15814040,610,France,Female,45,1,£0.00,2,1,1,"£199,657.46",0,31-45,0,0,Yes,Yes,Stayed
15658211,559,Spain,Female,39,2,£0.00,2,1,1,"£121,151.10",0,31-45,0,0,Yes,Yes,Stayed
15742091,825,Germany,Female,35,6,"£118,336.95",1,1,0,"£26,342.33",1,31-45,4.49,0,Yes,No,Churned
15787168,819,Spain,Female,28,8,"£168,253.21",1,1,1,"£102,799.14",0,18-30,1.64,0,Yes,Yes,Stayed
15772363,772,Germany,Female,42,0,"£101,979.16",1,1,0,"£90,928.48",0,31-45,1.12,0,Yes,No,Stayed
15659364,685,Spain,Male,23,5,"£164,902.43",1,0,0,"£141,152.28",0,18-30,1.17,0,No,No,Stayed
15738980,506,France,Male,43,2,£0.00,2,1,0,"£105,568.60",0,31-45,0,0,Yes,No,Stayed
15794236,642,Germany,Male,22,10,"£111,812.52",2,1,1,"£183,045.46",0,18-30,0.61,0,Yes,Yes,Stayed
15721383,627,Spain,Male,40,10,£0.00,2,1,1,"£194,792.42",0,31-45,0,0,Yes,Yes,Stayed
15652981,600,Germany,Male,30,2,"£119,755.00",1,1,1,"£21,852.91",0,18-30,5.48,0,Yes,Yes,Stayed
15722731,653,France,Male,46,0,"£119,556.10",1,1,0,"£78,250.13",1,46-60,1.53,0,Yes,No,Churned
15640507,762,Spain,Female,35,3,"£119,349.69",3,1,1,"£47,114.18",1,31-45,2.53,1,Yes,Yes,Churned
15578878,569,Spain,Female,30,3,"£139,528.23",1,1,1,"£33,230.37",0,18-30,4.2,0,Yes,Yes,Stayed
15744295,756,France,Male,40,1,"£94,773.11",1,1,0,"£114,279.63",0,31-45,0.83,0,Yes,No,Stayed
15776558,673,France,Male,31,1,"£108,345.22",1,0,1,"£38,802.03",0,31-45,2.79,0,No,Yes,Stayed
15596136,637,France,Female,36,9,"£166,939.88",1,1,1,"£72,504.76",0,31-45,2.3,0,Yes,Yes,Stayed
15704597,644,France,Male,33,7,"£174,571.36",1,0,1,"£43,943.09",0,31-45,3.97,0,No,Yes,Stayed
15648272,658,Spain,Male,35,9,"£71,829.34",1,1,1,"£68,141.92",0,31-45,1.05,0,Yes,Yes,Stayed
15594915,649,France,Female,36,8,£0.00,2,0,1,"£109,179.89",0,31-45,0,0,No,Yes,Stayed
15581115,603,France,Female,39,9,"£76,769.68",1,0,0,"£48,224.72",0,31-45,1.59,0,No,No,Stayed
15763907,820,France,Female,39,1,"£104,614.29",1,1,0,"£61,538.43",1,31-45,1.7,0,Yes,No,Churned
15705994,712,Spain,Male,27,10,£0.00,1,1,0,"£94,544.88",0,18-30,0,0,Yes,No,Stayed
15772421,645,Germany,Female,31,1,"£128,927.93",1,1,1,"£2,850.01",0,31-45,45.24,0,Yes,Yes,Stayed
15711572,705,Germany,Female,31,9,"£110,941.93",2,1,0,"£163,484.80",0,31-45,0.68,0,Yes,No,Stayed
15691170,590,Spain,Female,29,10,"£99,250.08",1,1,1,"£129,629.41",0,18-30,0.77,0,Yes,Yes,Stayed
15600106,631,France,Male,36,1,£0.00,2,0,0,"£133,141.34",0,31-45,0,0,No,No,Stayed
15745431,604,France,Male,34,7,£0.00,2,1,1,"£188,078.55",0,31-45,0,0,Yes,Yes,Stayed
15649508,643,Spain,Male,48,8,£0.00,2,1,0,"£174,729.30",0,46-60,0,0,Yes,No,Stayed
15812611,690,Spain,Female,30,5,£0.00,2,0,1,"£78,700.03",0,18-30,0,0,No,Yes,Stayed
15619699,558,France,Male,31,7,£0.00,1,1,0,"£198,269.08",0,31-45,0,0,Yes,No,Stayed
15813946,637,Germany,Male,51,1,"£104,682.83",1,1,0,"£55,266.96",1,46-60,1.89,0,Yes,No,Churned
15762762,648,Germany,Female,45,5,"£118,886.55",1,0,0,"£51,636.70",0,31-45,2.3,0,No,No,Stayed
15629793,652,Spain,Male,28,8,"£156,823.70",2,1,0,"£198,251.52",0,18-30,0.79,0,Yes,No,Stayed
15781298,808,Germany,Male,39,3,"£124,216.93",1,0,1,"£171,442.36",0,31-45,0.72,0,No,Yes,Stayed
15622658,551,France,Female,26,2,"£144,258.52",1,1,0,"£49,778.79",0,18-30,2.9,0,Yes,No,Stayed
15658980,711,Germany,Male,26,9,"£128,793.63",1,1,0,"£19,262.05",0,18-30,6.69,0,Yes,No,Stayed
15701936,467,Germany,Male,28,10,"£126,315.26",1,1,0,"£32,349.29",1,18-30,3.9,0,Yes,No,Churned
15686917,789,Spain,Female,40,4,£0.00,2,1,0,"£137,402.27",0,31-45,0,0,Yes,No,Stayed
15807312,602,Spain,Male,33,5,£0.00,2,0,1,"£64,038.34",0,31-45,0,0,No,Yes,Stayed
15574523,576,France,Male,39,1,£0.00,2,1,1,"£68,814.23",0,31-45,0,0,Yes,Yes,Stayed
15724200,584,France,Male,38,1,"£115,341.55",1,0,1,"£173,632.92",0,31-45,0.66,0,No,Yes,Stayed
15738224,593,France,Male,32,6,"£99,162.29",1,1,0,"£128,384.11",0,31-45,0.77,0,Yes,No,Stayed
15593283,705,Germany,Female,48,1,"£156,848.13",2,1,1,"£99,475.95",1,46-60,1.58,0,Yes,Yes,Churned
15814690,595,Germany,Female,64,2,"£105,736.32",1,1,1,"£89,935.73",1,60+,1.18,0,Yes,Yes,Churned
15807245,699,Germany,Female,41,1,"£200,117.76",2,1,0,"£94,142.35",0,31-45,2.13,0,Yes,No,Stayed
15799358,516,France,Female,46,6,"£62,212.29",1,0,1,"£171,681.86",1,46-60,0.36,0,No,Yes,Churned
15616172,838,France,Male,31,2,£0.00,2,1,0,"£8,222.96",0,31-45,0,0,Yes,No,Stayed
15777958,587,France,Male,39,10,£0.00,2,1,1,"£170,409.45",0,31-45,0,0,Yes,Yes,Stayed
15809124,750,France,Male,38,5,"£151,532.40",1,1,1,"£46,555.15",0,31-45,3.25,0,Yes,Yes,Stayed
15616367,581,Germany,Male,39,1,"£121,523.51",1,0,0,"£161,655.55",1,31-45,0.75,0,No,No,Churned
15687385,484,France,Male,41,5,£0.00,1,1,1,"£74,267.35",0,31-45,0,0,Yes,Yes,Stayed
15607877,576,Spain,Male,26,8,£0.00,2,0,1,"£34,101.06",0,18-30,0,0,No,Yes,Stayed
15736327,567,Germany,Female,46,1,"£68,238.51",2,1,1,"£109,572.58",0,46-60,0.62,0,Yes,Yes,Stayed
15746704,638,Spain,Male,30,9,"£136,808.53",2,1,1,"£106,642.97",0,18-30,1.28,0,Yes,Yes,Stayed
15778304,646,Germany,Male,24,0,"£92,398.08",1,1,1,"£18,897.29",0,18-30,4.89,0,Yes,Yes,Stayed
15588456,658,France,Female,40,5,"£143,566.12",1,1,1,"£189,607.71",0,31-45,0.76,0,Yes,Yes,Stayed
15664035,590,Spain,Female,38,9,£0.00,2,1,1,"£148,750.16",0,31-45,0,0,Yes,Yes,Stayed
15596405,546,Spain,Male,25,7,"£127,728.24",2,1,1,"£105,279.74",0,18-30,1.21,0,Yes,Yes,Stayed
15815097,603,France,Female,34,9,£0.00,2,1,0,"£167,916.35",0,31-45,0,0,Yes,No,Stayed
15762708,619,Spain,Female,38,10,"£119,658.49",1,1,1,"£8,646.58",0,31-45,13.84,0,Yes,Yes,Stayed
15776211,678,France,Female,34,6,£0.00,2,1,1,"£124,592.84",0,31-45,0,0,Yes,Yes,Stayed
15626012,459,France,Male,26,4,"£149,879.66",1,0,0,"£50,016.17",0,18-30,3,0,No,No,Stayed
15792077,671,Germany,Male,28,8,"£119,859.52",2,1,0,"£125,422.66",0,18-30,0.96,0,Yes,No,Stayed
15718765,501,Spain,Male,43,6,"£104,533.24",1,0,0,"£81,123.59",1,31-45,1.29,0,No,No,Churned
15576615,719,Spain,Male,37,10,"£145,382.61",1,1,0,"£80,408.59",0,31-45,1.81,0,Yes,No,Stayed
15752650,681,Spain,Female,37,6,"£121,231.39",1,1,1,"£146,366.08",0,31-45,0.83,0,Yes,Yes,Stayed
15797502,706,Spain,Male,24,2,"£141,078.57",1,1,1,"£24,402.87",0,18-30,5.78,0,Yes,Yes,Stayed
15687329,763,Germany,Female,32,1,"£108,465.65",2,1,0,"£60,552.44",1,31-45,1.79,0,Yes,No,Churned
15779423,716,France,Male,39,1,"£70,657.61",2,1,1,"£76,476.05",0,31-45,0.92,0,Yes,Yes,Stayed
15619514,507,Germany,Male,40,3,"£120,105.43",1,1,0,"£92,075.01",1,31-45,1.3,0,Yes,No,Churned
15615430,678,Germany,Male,55,4,"£129,646.91",1,1,1,"£184,125.10",1,46-60,0.7,0,Yes,Yes,Churned
15716431,775,France,Female,30,10,"£191,091.74",2,1,1,"£96,170.38",0,18-30,1.99,0,Yes,Yes,Stayed
15798341,544,France,Male,38,8,£0.00,1,1,1,"£98,208.62",0,31-45,0,0,Yes,Yes,Stayed
15651958,756,France,Male,27,8,£0.00,2,1,1,"£157,932.75",0,18-30,0,0,Yes,Yes,Stayed
15726179,757,Germany,Female,43,5,"£131,433.33",2,1,1,"£3,497.43",1,31-45,37.58,0,Yes,Yes,Churned
15652999,742,Germany,Male,33,1,"£137,937.95",1,1,1,"£51,387.10",0,31-45,2.68,0,Yes,Yes,Stayed
15691950,591,France,Male,49,3,£0.00,2,1,0,"£50,123.44",0,46-60,0,0,Yes,No,Stayed
15632446,667,France,Male,24,4,£0.00,2,0,0,"£180,329.83",0,18-30,0,0,No,No,Stayed
15620936,787,France,Male,32,4,£0.00,2,1,1,"£13,238.93",0,31-45,0,0,Yes,Yes,Stayed
15587640,718,France,Female,43,0,"£93,143.39",1,1,0,"£167,554.86",0,31-45,0.56,0,Yes,No,Stayed
15782231,521,France,Male,38,6,£0.00,2,1,0,"£51,454.06",0,31-45,0,0,Yes,No,Stayed
15580462,607,Spain,Male,40,1,"£112,544.45",1,1,1,"£19,842.22",0,31-45,5.67,0,Yes,Yes,Stayed
15736371,633,France,Female,34,3,"£123,034.43",2,1,1,"£38,315.04",0,31-45,3.21,0,Yes,Yes,Stayed
15648032,588,Spain,Male,37,2,£0.00,2,0,1,"£187,816.59",0,31-45,0,0,No,Yes,Stayed
15610454,724,Germany,Female,33,9,"£119,278.44",1,1,1,"£197,148.24",0,31-45,0.61,0,Yes,Yes,Stayed
15671358,720,France,Male,44,4,£0.00,2,1,0,"£163,471.01",0,31-45,0,0,Yes,No,Stayed
15747130,521,France,Male,39,7,£0.00,2,0,1,£653.58,0,31-45,0,0,No,Yes,Stayed
15578374,620,Spain,Male,36,7,"£169,312.72",1,1,0,"£45,414.09",0,31-45,3.73,0,Yes,No,Stayed
15572182,505,Germany,Female,33,3,"£106,506.77",3,1,0,"£45,445.78",1,31-45,2.34,1,Yes,No,Churned
15770041,728,Spain,Female,43,8,"£128,412.61",1,0,1,"£139,024.31",0,31-45,0.92,0,No,Yes,Stayed
15669414,486,Germany,Male,62,9,"£118,356.89",2,1,0,"£168,034.83",1,60+,0.7,0,Yes,No,Churned
15777054,584,Germany,Male,42,3,"£137,479.13",1,1,0,"£25,669.10",0,31-45,5.36,0,Yes,No,Stayed
15621021,687,Spain,Female,40,1,£0.00,2,1,0,"£8,207.36",0,31-45,0,0,Yes,No,Stayed
15785490,771,France,Male,50,3,"£105,229.72",1,1,1,"£16,281.68",1,46-60,6.46,0,Yes,Yes,Churned
15577695,678,France,Male,41,2,"£148,088.11",1,1,0,"£14,083.12",0,31-45,10.52,0,Yes,No,Stayed
15686974,751,France,Female,48,4,£0.00,1,0,1,"£30,165.06",1,46-60,0,0,No,Yes,Churned
15574584,670,France,Male,33,8,"£126,679.69",1,1,1,"£39,451.09",0,31-45,3.21,0,Yes,Yes,Stayed
15719541,675,Spain,Male,31,2,"£90,826.27",2,1,0,"£60,270.87",0,31-45,1.51,0,Yes,No,Stayed
15646310,684,Spain,Male,24,8,"£143,582.89",1,1,1,"£22,527.27",0,18-30,6.37,0,Yes,Yes,Stayed
15697606,637,France,Female,21,10,"£125,712.20",1,0,0,"£175,072.47",0,18-30,0.72,0,No,No,Stayed
15711489,760,Spain,Female,32,2,£0.00,1,1,1,"£114,565.35",0,31-45,0,0,Yes,Yes,Stayed
15670427,662,Spain,Male,37,4,"£155,187.30",1,1,0,"£48,930.80",0,31-45,3.17,0,Yes,No,Stayed
15731755,680,France,Male,49,10,£0.00,2,1,0,"£187,008.45",0,46-60,0,0,Yes,No,Stayed
15796370,604,Spain,Male,40,5,"£155,455.43",1,0,1,"£113,581.85",0,31-45,1.37,0,No,Yes,Stayed
15598331,764,France,Female,40,9,"£100,480.53",1,1,0,"£124,095.69",0,31-45,0.81,0,Yes,No,Stayed
15704795,521,France,Female,77,6,£0.00,2,1,1,"£49,054.10",0,60+,0,0,Yes,Yes,Stayed
15796764,684,Germany,Female,56,3,"£127,585.98",3,1,1,"£80,593.49",1,46-60,1.58,1,Yes,Yes,Churned
15589420,795,France,Female,40,2,"£101,891.10",1,1,1,"£183,044.86",0,31-45,0.56,0,Yes,Yes,Stayed
15810563,678,Spain,Female,61,8,£0.00,2,1,1,"£159,938.82",0,60+,0,0,Yes,Yes,Stayed
15746569,589,France,Male,38,4,£0.00,1,1,0,"£95,483.48",1,31-45,0,0,Yes,No,Churned
15811594,660,Spain,Female,28,3,"£128,929.88",1,1,1,"£198,069.71",0,18-30,0.65,0,Yes,Yes,Stayed
15645896,646,Germany,Male,39,6,"£121,681.91",2,0,1,"£61,793.47",0,31-45,1.97,0,No,Yes,Stayed
15802909,706,Germany,Female,56,3,"£139,603.22",1,1,1,"£86,383.61",0,46-60,1.62,0,Yes,Yes,Stayed
15797665,730,France,Female,27,7,£0.00,2,1,0,"£144,099.48",0,18-30,0,0,Yes,No,Stayed
15778959,606,France,Female,36,10,£0.00,2,0,1,"£155,641.46",0,31-45,0,0,No,Yes,Stayed
15722532,690,Spain,Female,36,10,"£91,760.11",1,1,1,"£135,784.94",0,31-45,0.68,0,Yes,Yes,Stayed
15784124,645,Germany,Male,41,2,"£93,925.30",1,1,0,"£123,982.14",1,31-45,0.76,0,Yes,No,Churned
15776518,579,France,Female,38,4,"£175,739.36",1,1,1,"£193,130.55",0,31-45,0.91,0,Yes,Yes,Stayed
15611247,481,France,Female,28,10,£0.00,2,1,0,"£145,215.96",0,18-30,0,0,Yes,No,Stayed
15721469,492,Germany,Male,45,9,"£170,295.04",2,0,0,"£164,741.81",0,31-45,1.03,0,No,No,Stayed
15773338,739,France,Male,58,2,"£101,579.28",1,1,1,"£72,168.53",0,46-60,1.41,0,Yes,Yes,Stayed
15784042,624,France,Male,55,7,"£118,793.60",1,1,1,"£95,022.02",1,46-60,1.25,0,Yes,Yes,Churned
15776229,682,France,Male,44,3,"£115,282.30",1,0,0,"£23,766.40",0,31-45,4.85,0,No,No,Stayed
15655903,701,Spain,Female,34,6,"£107,980.37",1,1,1,"£119,374.74",0,31-45,0.9,0,Yes,Yes,Stayed
15590177,718,France,Female,44,1,"£133,866.22",1,0,1,"£139,049.24",0,31-45,0.96,0,No,Yes,Stayed
15568876,496,France,Female,34,1,"£102,723.35",2,1,0,"£180,844.81",0,31-45,0.57,0,Yes,No,Stayed
15813140,543,Spain,Male,41,5,£0.00,2,0,1,"£143,980.29",0,31-45,0,0,No,Yes,Stayed
15770516,616,Spain,Female,44,7,"£193,213.02",2,1,1,"£137,392.77",0,31-45,1.41,0,Yes,Yes,Stayed
15755731,635,Germany,Male,53,8,"£117,005.55",1,0,1,"£123,646.57",1,46-60,0.95,0,No,Yes,Churned
15574480,652,Spain,Male,31,1,"£132,862.59",1,0,0,"£158,054.49",0,31-45,0.84,0,No,No,Stayed
15798084,688,France,Male,26,0,£0.00,2,1,0,"£105,784.85",0,18-30,0,0,Yes,No,Stayed
15673020,678,France,Female,49,3,"£204,510.94",1,0,1,£738.88,1,46-60,276.79,0,No,Yes,Churned
15643575,757,Germany,Male,36,1,"£65,349.71",1,0,0,"£64,539.64",0,31-45,1.01,0,No,No,Stayed
15596811,667,France,Male,36,8,"£139,753.35",1,1,0,"£79,871.16",0,31-45,1.75,0,Yes,No,Stayed
15786789,725,France,Female,29,6,£0.00,2,1,1,"£190,776.83",0,18-30,0,0,Yes,Yes,Stayed
15578865,632,Germany,Female,50,5,"£107,959.39",1,1,1,"£6,985.34",1,46-60,15.46,0,Yes,Yes,Churned
15605672,694,France,Female,38,5,"£195,926.39",1,1,1,"£85,522.84",0,31-45,2.29,0,Yes,Yes,Stayed
15603674,803,France,Male,36,1,£0.00,2,1,1,"£149,370.93",0,31-45,0,0,Yes,Yes,Stayed
15759915,814,France,Female,31,6,"£87,772.52",1,1,0,"£188,516.45",0,31-45,0.47,0,Yes,No,Stayed
15686219,611,France,Male,38,4,"£71,018.60",2,1,0,"£2,444.29",0,31-45,29.05,0,Yes,No,Stayed
15696388,755,Germany,Male,38,4,"£111,096.91",1,1,1,"£19,762.88",0,31-45,5.62,0,Yes,Yes,Stayed
15713604,425,Germany,Male,40,9,"£166,776.60",2,0,1,"£172,646.88",0,31-45,0.97,0,No,Yes,Stayed
15647800,850,France,Female,34,6,"£101,266.51",1,1,0,"£33,501.98",0,31-45,3.02,0,Yes,No,Stayed
15813451,677,Spain,Male,18,8,"£134,796.87",2,1,1,"£114,858.90",0,18-30,1.17,0,Yes,Yes,Stayed
15765375,797,France,Female,46,8,£0.00,1,0,0,"£162,668.33",0,46-60,0,0,No,No,Stayed
15774586,692,Germany,Female,43,10,"£118,588.83",1,1,1,"£161,241.65",1,31-45,0.74,0,Yes,Yes,Churned
15603454,735,Germany,Male,28,5,"£160,454.15",2,0,1,"£114,957.22",0,18-30,1.4,0,No,Yes,Stayed
15653037,609,France,Male,77,1,£0.00,1,0,1,"£18,708.76",0,60+,0,0,No,Yes,Stayed
15782475,700,France,Female,42,8,£0.00,2,1,1,"£105,305.72",0,31-45,0,0,Yes,Yes,Stayed
15593496,526,Spain,Female,36,5,"£91,132.18",1,0,0,"£58,111.71",0,31-45,1.57,0,No,No,Stayed
15808971,693,Spain,Female,57,9,£0.00,2,1,1,"£135,502.77",0,46-60,0,0,Yes,Yes,Stayed
15791972,748,France,Female,20,7,£0.00,2,0,0,"£10,792.42",0,18-30,0,0,No,No,Stayed
15676869,657,Spain,Male,36,8,£0.00,2,0,1,"£123,866.43",0,31-45,0,0,No,Yes,Stayed
15683007,739,Germany,Female,25,5,"£113,113.12",1,1,0,"£129,181.27",0,18-30,0.88,0,Yes,No,Stayed
15659495,784,Spain,Male,23,2,£0.00,1,1,1,"£6,847.73",0,18-30,0,0,Yes,Yes,Stayed
15703923,744,Germany,Male,41,7,"£190,409.34",2,1,1,"£138,361.48",0,31-45,1.38,0,Yes,Yes,Stayed
15674000,645,France,Male,44,10,£0.00,2,0,1,"£166,707.22",0,31-45,0,0,No,Yes,Stayed
15618171,669,France,Female,33,9,£0.00,2,0,1,"£107,221.03",0,31-45,0,0,No,Yes,Stayed
15732202,615,France,Male,34,1,"£83,503.11",2,1,1,"£73,124.53",1,31-45,1.14,0,Yes,Yes,Churned
15735078,724,Germany,Female,53,1,"£139,687.66",2,1,1,"£12,913.92",0,46-60,10.82,0,Yes,Yes,Stayed
15798615,850,France,Female,47,9,"£137,301.87",1,1,0,"£44,351.77",0,46-60,3.1,0,Yes,No,Stayed
15638494,625,Germany,Female,39,10,"£129,845.26",1,1,1,"£96,444.88",0,31-45,1.35,0,Yes,Yes,Stayed
15763874,635,Spain,Male,46,8,£0.00,2,1,1,"£60,739.16",0,46-60,0,0,Yes,Yes,Stayed
15696355,724,Germany,Male,37,6,"£125,489.40",1,1,0,"£118,570.53",0,31-45,1.06,0,Yes,No,Stayed
15655952,550,France,Male,47,2,£0.00,2,1,1,"£97,057.28",0,46-60,0,0,Yes,Yes,Stayed
15739850,645,France,Male,45,6,"£155,417.61",1,0,1,"£3,449.22",0,31-45,45.06,0,No,Yes,Stayed
15611338,714,Spain,Male,29,4,£0.00,2,1,1,"£37,605.90",0,18-30,0,0,Yes,Yes,Stayed
15707861,520,France,Female,46,10,"£85,216.61",1,1,0,"£117,369.52",1,46-60,0.73,0,Yes,No,Churned
15672237,633,France,Male,25,1,£0.00,1,1,0,"£100,598.98",0,18-30,0,0,Yes,No,Stayed
15657771,537,France,Male,37,6,£0.00,1,1,1,"£17,802.42",0,31-45,0,0,Yes,Yes,Stayed
15677783,764,Spain,Male,38,4,"£113,607.47",1,1,0,"£91,094.46",0,31-45,1.25,0,Yes,No,Stayed
15681026,795,Germany,Female,33,9,"£104,552.72",1,1,1,"£120,853.83",1,31-45,0.87,0,Yes,Yes,Churned
15566543,573,Spain,Male,44,9,£0.00,2,1,0,"£107,124.17",0,31-45,0,0,Yes,No,Stayed
15594612,702,Spain,Male,44,9,£0.00,1,0,0,"£59,207.41",1,31-45,0,0,No,No,Churned
15814664,740,Germany,Male,33,2,"£126,524.11",1,1,0,"£136,869.31",0,31-45,0.92,0,Yes,No,Stayed
15642785,479,France,Male,34,5,"£117,593.48",2,0,0,"£113,308.29",0,31-45,1.04,0,No,No,Stayed
15690164,627,Germany,Female,33,4,"£83,199.05",1,0,0,"£159,334.93",0,31-45,0.52,0,No,No,Stayed
15590213,479,Spain,Male,35,4,"£125,920.98",1,1,1,"£20,393.44",0,31-45,6.17,0,Yes,Yes,Stayed
15603794,623,France,Male,48,5,"£118,469.38",1,1,1,"£158,590.25",0,46-60,0.75,0,Yes,Yes,Stayed
15733491,512,Germany,Female,40,8,"£153,537.57",2,0,0,"£23,101.13",0,31-45,6.65,0,No,No,Stayed
15806360,609,France,Male,41,6,£0.00,1,0,1,"£112,585.19",0,31-45,0,0,No,Yes,Stayed
15587133,518,France,Male,42,7,"£151,027.05",2,1,0,"£119,377.36",0,31-45,1.27,0,Yes,No,Stayed
15721377,833,France,Female,34,3,"£144,751.81",1,0,0,"£166,472.81",0,31-45,0.87,0,No,No,Stayed
15747927,758,France,Male,26,4,"£155,739.76",1,1,0,"£171,552.02",0,18-30,0.91,0,Yes,No,Stayed
15806455,611,France,Male,27,7,£0.00,2,1,1,"£157,474.10",0,18-30,0,0,Yes,Yes,Stayed
15695474,583,France,Male,33,7,"£122,531.86",1,1,0,"£13,549.24",0,31-45,9.04,0,Yes,No,Stayed
15666295,610,Germany,Male,50,1,"£113,957.01",2,1,0,"£196,526.55",1,46-60,0.58,0,Yes,No,Churned
15656062,637,France,Female,33,7,"£103,377.81",1,1,0,"£84,419.78",0,31-45,1.22,0,Yes,No,Stayed
15579969,683,France,Female,32,9,£0.00,2,1,1,"£24,991.92",0,31-45,0,0,Yes,Yes,Stayed
15703563,774,France,Male,40,9,"£93,017.47",2,1,0,"£191,608.97",0,31-45,0.49,0,Yes,No,Stayed
15692664,677,France,Female,58,1,"£90,022.85",1,0,1,"£2,988.28",0,46-60,30.13,0,No,Yes,Stayed
15719276,741,Spain,Male,35,6,"£74,371.49",1,0,0,"£99,595.67",0,31-45,0.75,0,No,No,Stayed
15672754,498,Germany,Male,42,3,"£152,039.70",1,1,1,"£53,445.17",1,31-45,2.84,0,Yes,Yes,Churned
15768163,655,Germany,Female,46,7,"£137,145.12",1,1,0,"£115,146.40",1,46-60,1.19,0,Yes,No,Churned
15656710,613,France,Male,40,4,£0.00,1,0,0,"£151,325.24",0,31-45,0,0,No,No,Stayed
15696175,602,Germany,Male,35,7,"£90,602.42",2,1,1,"£51,695.41",0,31-45,1.75,0,Yes,Yes,Stayed
15586914,659,France,Male,36,6,"£123,841.49",2,1,0,"£96,833.00",0,31-45,1.28,0,Yes,No,Stayed
15581736,673,Germany,Male,47,1,"£183,579.54",2,0,1,"£34,047.54",0,46-60,5.39,0,No,Yes,Stayed
15588839,606,Spain,Male,30,8,"£180,307.73",2,1,1,"£1,914.41",0,18-30,94.18,0,Yes,Yes,Stayed
15589329,775,France,Male,30,4,£0.00,2,1,0,"£49,337.84",0,18-30,0,0,Yes,No,Stayed
15605622,841,Spain,Male,28,4,£0.00,2,1,1,"£179,436.60",0,18-30,0,0,Yes,Yes,Stayed
15798964,714,Germany,Male,33,3,"£35,016.60",1,1,0,"£53,667.08",0,31-45,0.65,0,Yes,No,Stayed
15769959,597,France,Female,53,4,"£88,381.21",1,1,0,"£69,384.71",1,46-60,1.27,0,Yes,No,Churned
15657105,726,Spain,Male,36,2,£0.00,1,1,0,"£195,192.40",0,31-45,0,0,Yes,No,Stayed
15569266,644,France,Male,28,7,"£155,060.41",1,1,0,"£29,179.52",0,18-30,5.31,0,Yes,No,Stayed
15719294,800,France,Female,29,2,£0.00,2,0,0,"£167,773.55",0,18-30,0,0,No,No,Stayed
15606229,771,France,Male,39,5,£0.00,2,1,0,"£96,270.64",0,31-45,0,0,Yes,No,Stayed
15569892,516,France,Male,35,10,"£57,369.61",1,1,1,"£101,699.77",0,31-45,0.56,0,Yes,Yes,Stayed
15584532,709,France,Female,36,7,£0.00,1,0,1,"£42,085.58",1,31-45,0,0,No,Yes,Churned
15682355,772,Germany,Male,42,3,"£75,075.31",2,1,0,"£92,888.52",1,31-45,0.81,0,Yes,No,Churned
15628319,792,France,Female,28,4,"£130,142.79",1,1,0,"£38,190.78",0,18-30,3.41,0,Yes,No,Stayed